<data>
<POST><USERNAME>armysgt1961</USERNAME><DATETIME>(7:02:01 pm)</DATETIME><BODY>im dennis us army soldier from cincinnati</BODY><COMMENT></COMMENT></POST>
<POST><USERNAME>peekaboo1293</USERNAME><DATETIME>(7:02:30 pm)</DATETIME><BODY>hi im becky from ky</BODY><COMMENT></COMMENT></POST>
<POST><USERNAME>armysgt1961</USERNAME><DATETIME>(7:02:35 pm)</DATETIME><BODY>how old ru</BODY><COMMENT></COMMENT></POST>
<POST><USERNAME>peekaboo1293</USERNAME><DATETIME>(7:02:42 pm)</DATETIME><BODY>13 how old ru</BODY><COMMENT>(age stated and he didnt bat an eye)</COMMENT></POST>
<POST><USERNAME>armysgt1961</USERNAME><DATETIME>(7:02:44 pm)</DATETIME><BODY>u single</BODY><COMMENT></COMMENT></POST>
<POST><USERNAME>peekaboo1293</USERNAME><DATETIME>(7:02:51 pm)</DATETIME><BODY>yeah</BODY><COMMENT></COMMENT></POST>
<POST><USERNAME>peekaboo1293</USERNAME><DATETIME>(7:03:03 pm)</DATETIME><BODY>i had a bf but we broke up when i moved here</BODY><COMMENT></COMMENT></POST>
<POST><USERNAME>armysgt1961</USERNAME><DATETIME>(7:03:11 pm)</DATETIME><BODY>ok u have sex at 13</BODY><COMMENT>(he obviously knows my age)</COMMENT></POST>
<POST><USERNAME>peekaboo1293</USERNAME><DATETIME>(7:03:28 pm)</DATETIME><BODY>u mean did i ever</BODY><COMMENT></COMMENT></POST>
<POST><USERNAME>armysgt1961</USERNAME><DATETIME>(7:03:32 pm)</DATETIME><BODY>yeah</BODY><COMMENT></COMMENT></POST>
<POST><USERNAME>peekaboo1293</USERNAME><DATETIME>(7:03:45 pm)</DATETIME><BODY>not like real sex but i did oral</BODY><COMMENT></COMMENT></POST>
<POST><USERNAME>peekaboo1293</USERNAME><DATETIME>(7:03:54 pm)</DATETIME><BODY>did u ever do real sex</BODY><COMMENT></COMMENT></POST>
<POST><USERNAME>armysgt1961</USERNAME><DATETIME>(7:04:00 pm)</DATETIME><BODY>sure</BODY><COMMENT></COMMENT></POST>
<POST><USERNAME>peekaboo1293</USERNAME><DATETIME>(7:04:08 pm)</DATETIME><BODY>i didnt yet</BODY><COMMENT></COMMENT></POST>
<POST><USERNAME>peekaboo1293</USERNAME><DATETIME>(7:04:18 pm)</DATETIME><BODY>i was scared i mite get preggerz</BODY><COMMENT></COMMENT></POST>
<POST><USERNAME>peekaboo1293</USERNAME><DATETIME>(7:04:45 pm)</DATETIME><BODY>and my bf didnt hav no comdom so i wouldnt do it</BODY><COMMENT>(i dont know why it always makes me giggle to tell them to bring comdoms)</COMMENT></POST>
<POST><USERNAME>armysgt1961</USERNAME><DATETIME>(7:05:01 pm)</DATETIME><BODY>ok</BODY><COMMENT></COMMENT></POST>
<POST><USERNAME>armysgt1961</USERNAME><DATETIME>(7:05:07 pm)</DATETIME><BODY>u have any pics</BODY><COMMENT></COMMENT></POST>
<POST><USERNAME>peekaboo1293</USERNAME><DATETIME>(7:05:13 pm)</DATETIME><BODY>ya do u</BODY><COMMENT></COMMENT></POST>
<POST><USERNAME>armysgt1961</USERNAME><DATETIME>(7:05:37 pm)</DATETIME><BODY>yeah on profile can u send to my email</BODY><COMMENT></COMMENT></POST>
<POST><USERNAME>peekaboo1293</USERNAME><DATETIME>(7:06:16 pm)</DATETIME><BODY>yeah can u send pix 2 my email i cant get ur prof open</BODY><COMMENT></COMMENT></POST>
<POST><USERNAME>armysgt1961</USERNAME><DATETIME>(7:06:30 pm)</DATETIME><BODY>not sure how</BODY><COMMENT></COMMENT></POST>
<POST><USERNAME>peekaboo1293</USERNAME><DATETIME>(7:06:37 pm)</DATETIME><BODY>oh wait it went open</BODY><COMMENT></COMMENT></POST>
<POST><USERNAME>peekaboo1293</USERNAME><DATETIME>(7:06:59 pm)</DATETIME><BODY>omg ur sooo cute</BODY><COMMENT>(every 13-year-old girls dream man. an old bald-headed fuzzy faced pervert. gag)</COMMENT></POST>
<POST><USERNAME>armysgt1961</USERNAME><DATETIME>(7:07:04 pm)</DATETIME><BODY>thanks</BODY><COMMENT></COMMENT></POST>
<POST><USERNAME>armysgt1961</USERNAME><DATETIME>(7:07:11 pm)</DATETIME><BODY>u send yours</BODY><COMMENT></COMMENT></POST>
<POST><USERNAME>peekaboo1293</USERNAME><DATETIME>(7:07:25 pm)</DATETIME><BODY>brb im not very good at this yet ill sendf</BODY><COMMENT></COMMENT></POST>
<POST><USERNAME>armysgt1961</USERNAME><DATETIME>(7:08:48 pm)</DATETIME><BODY>sure</BODY><COMMENT></COMMENT></POST>
<POST><USERNAME>armysgt1961</USERNAME><DATETIME>7:10:17 PM</DATETIME><BODY>nice u have any naked ones</BODY><COMMENT>(were 8 mins into the conversation.)</COMMENT></POST>
<POST><USERNAME>peekaboo1293</USERNAME><DATETIME>7:10:54 PM</DATETIME><BODY>well no silly</BODY><COMMENT></COMMENT></POST>
<POST><USERNAME>peekaboo1293</USERNAME><DATETIME>7:10:56 PM</DATETIME><BODY>hehehe</BODY><COMMENT></COMMENT></POST>
<POST><USERNAME>peekaboo1293</USERNAME><DATETIME>7:11:23 PM</DATETIME><BODY>my dad sent me a web cam tho and mom broke it with a hammer and scremed at me</BODY><COMMENT></COMMENT></POST>
<POST><USERNAME>armysgt1961</USERNAME><DATETIME>7:11:50 PM</DATETIME><BODY>were u taking your cloths off for people</BODY><COMMENT>(no dennis. im a freakin kid.)</COMMENT></POST>
<POST><USERNAME>peekaboo1293</USERNAME><DATETIME>7:12:09 PM</DATETIME><BODY>no i was just talkin to dad and she hatez him</BODY><COMMENT></COMMENT></POST>
<POST><USERNAME>armysgt1961</USERNAME><DATETIME>7:12:24 PM</DATETIME><BODY>oh so u didnt get dirty on cam</BODY><COMMENT></COMMENT></POST>
<POST><USERNAME>peekaboo1293</USERNAME><DATETIME>7:12:40 PM</DATETIME><BODY>i only had it 2 dayz b4 she found it</BODY><COMMENT></COMMENT></POST>
<POST><USERNAME>armysgt1961</USERNAME><DATETIME>7:12:45 PM</DATETIME><BODY>oh</BODY><COMMENT></COMMENT></POST>
<POST><USERNAME>armysgt1961</USERNAME><DATETIME>7:12:54 PM</DATETIME><BODY>so u have big tits</BODY><COMMENT></COMMENT></POST>
<POST><USERNAME>peekaboo1293</USERNAME><DATETIME>7:13:01 PM</DATETIME><BODY>no</BODY><COMMENT></COMMENT></POST>
<POST><USERNAME>armysgt1961</USERNAME><DATETIME>7:13:11 PM</DATETIME><BODY>u shave</BODY><COMMENT></COMMENT></POST>
<POST><USERNAME>peekaboo1293</USERNAME><DATETIME>7:13:39 PM</DATETIME><BODY>yeah but i dont have much</BODY><COMMENT></COMMENT></POST>
<POST><USERNAME>armysgt1961</USERNAME><DATETIME>7:13:46 PM</DATETIME><BODY>ok</BODY><COMMENT></COMMENT></POST>
<POST><USERNAME>armysgt1961</USERNAME><DATETIME>7:13:54 PM</DATETIME><BODY>can i get your number</BODY><COMMENT></COMMENT></POST>
<POST><USERNAME>peekaboo1293</USERNAME><DATETIME>7:14:12 PM</DATETIME><BODY>im not suposed 2 give my number if i dont kno u yet</BODY><COMMENT></COMMENT></POST>
<POST><USERNAME>armysgt1961</USERNAME><DATETIME>7:14:17 PM</DATETIME><BODY>oh</BODY><COMMENT></COMMENT></POST>
<POST><USERNAME>peekaboo1293</USERNAME><DATETIME>7:14:27 PM</DATETIME><BODY>i haft to call dad with my calling card so mom dont kno</BODY><COMMENT></COMMENT></POST>
<POST><USERNAME>peekaboo1293</USERNAME><DATETIME>7:14:37 PM</DATETIME><BODY>so dad sends me calling cardz hehehe</BODY><COMMENT></COMMENT></POST>
<POST><USERNAME>armysgt1961</USERNAME><DATETIME>7:14:50 PM</DATETIME><BODY>i can buy u some mins</BODY><COMMENT></COMMENT></POST>
<POST><USERNAME>peekaboo1293</USERNAME><DATETIME>7:15:01 PM</DATETIME><BODY>relly</BODY><COMMENT></COMMENT></POST>
<POST><USERNAME>armysgt1961</USERNAME><DATETIME>7:15:04 PM</DATETIME><BODY>yes</BODY><COMMENT></COMMENT></POST>
<POST><USERNAME>peekaboo1293</USERNAME><DATETIME>7:15:16 PM</DATETIME><BODY>wow thatz kinda cool</BODY><COMMENT></COMMENT></POST>
<POST><USERNAME>armysgt1961</USERNAME><DATETIME>7:15:52 PM</DATETIME><BODY>i will pick up some condoms if u wanna have fun i will buy u a 50 dollar card</BODY><COMMENT>($50 bucks? so dennis apparently has this down to a fine art. pay the kid and she wont dare tell on you. something you picked up overseas, dennis?)</COMMENT></POST>
<POST><USERNAME>peekaboo1293</USERNAME><DATETIME>7:16:08 PM</DATETIME><BODY>omg</BODY><COMMENT></COMMENT></POST>
<POST><USERNAME>armysgt1961</USERNAME><DATETIME>7:16:13 PM</DATETIME><BODY>im serious</BODY><COMMENT>(there is no doubt in my mind)</COMMENT></POST>
<POST><USERNAME>armysgt1961</USERNAME><DATETIME>7:16:31 PM</DATETIME><BODY>or just a blow job</BODY><COMMENT></COMMENT></POST>
<POST><USERNAME>armysgt1961</USERNAME><DATETIME>7:16:35 PM</DATETIME><BODY>50</BODY><COMMENT>[yeah i understand. youre just on the verge of jumping off the cliff, dennis)</COMMENT></POST>
<POST><USERNAME>peekaboo1293</USERNAME><DATETIME>7:16:46 PM</DATETIME><BODY>i know how to do that</BODY><COMMENT></COMMENT></POST>
<POST><USERNAME>armysgt1961</USERNAME><DATETIME>7:16:53 PM</DATETIME><BODY>ok</BODY><COMMENT></COMMENT></POST>
<POST><USERNAME>armysgt1961</USERNAME><DATETIME>7:17:00 PM</DATETIME><BODY>u want to meet</BODY><COMMENT>(yeppers. there it is. you just sealed your fate, bucko)</COMMENT></POST>
<POST><USERNAME>peekaboo1293</USERNAME><DATETIME>7:17:19 PM</DATETIME><BODY>we could mom is working this weekend</BODY><COMMENT></COMMENT></POST>
<POST><USERNAME>armysgt1961</USERNAME><DATETIME>7:17:25 PM</DATETIME><BODY>ok</BODY><COMMENT></COMMENT></POST>
<POST><USERNAME>peekaboo1293</USERNAME><DATETIME>7:17:36 PM</DATETIME><BODY>but u gotta promis never ever never 2 tell nobody</BODY><COMMENT></COMMENT></POST>
<POST><USERNAME>armysgt1961</USERNAME><DATETIME>7:17:42 PM</DATETIME><BODY>ok</BODY><COMMENT></COMMENT></POST>
<POST><USERNAME>peekaboo1293</USERNAME><DATETIME>7:18:20 PM</DATETIME><BODY>pinky swear cauz momz qould kill me</BODY><COMMENT></COMMENT></POST>
<POST><USERNAME>armysgt1961</USERNAME><DATETIME>7:18:33 PM</DATETIME><BODY>yes</BODY><COMMENT></COMMENT></POST>
<POST><USERNAME>armysgt1961</USERNAME><DATETIME>7:18:47 PM</DATETIME><BODY>where she work at</BODY><COMMENT></COMMENT></POST>
<POST><USERNAME>peekaboo1293</USERNAME><DATETIME>7:19:07 PM</DATETIME><BODY>hospital lab</BODY><COMMENT></COMMENT></POST>
<POST><USERNAME>armysgt1961</USERNAME><DATETIME>7:19:13 PM</DATETIME><BODY>which one</BODY><COMMENT></COMMENT></POST>
<POST><USERNAME>peekaboo1293</USERNAME><DATETIME>7:19:22 PM</DATETIME><BODY>im not gonna tell a big one tho</BODY><COMMENT></COMMENT></POST>
<POST><USERNAME>armysgt1961</USERNAME><DATETIME>7:19:29 PM</DATETIME><BODY>uc</BODY><COMMENT></COMMENT></POST>
<POST><USERNAME>peekaboo1293</USERNAME><DATETIME>7:19:55 PM</DATETIME><BODY>imn scard to tell</BODY><COMMENT></COMMENT></POST>
<POST><USERNAME>armysgt1961</USERNAME><DATETIME>7:20:03 PM</DATETIME><BODY>its ok</BODY><COMMENT></COMMENT></POST>
<POST><USERNAME>peekaboo1293</USERNAME><DATETIME>7:20:08 PM</DATETIME><BODY>cauz i could get in big truble</BODY><COMMENT></COMMENT></POST>
<POST><USERNAME>armysgt1961</USERNAME><DATETIME>7:20:11 PM</DATETIME><BODY>ok</BODY><COMMENT></COMMENT></POST>
<POST><USERNAME>armysgt1961</USERNAME><DATETIME>7:20:18 PM</DATETIME><BODY>where u wanna meet</BODY><COMMENT>(well lets see. im sure i can think of something)</COMMENT></POST>
<POST><USERNAME>peekaboo1293</USERNAME><DATETIME>7:20:22 PM</DATETIME><BODY>u prom not to tell</BODY><COMMENT></COMMENT></POST>
<POST><USERNAME>armysgt1961</USERNAME><DATETIME>7:20:25 PM</DATETIME><BODY>yes</BODY><COMMENT></COMMENT></POST>
<POST><USERNAME>peekaboo1293</USERNAME><DATETIME>7:20:38 PM</DATETIME><BODY>kk it is uc cincy in clifton</BODY><COMMENT></COMMENT></POST>
<POST><USERNAME>armysgt1961</USERNAME><DATETIME>7:20:48 PM</DATETIME><BODY>ok</BODY><COMMENT></COMMENT></POST>
<POST><USERNAME>peekaboo1293</USERNAME><DATETIME>7:20:58 PM</DATETIME><BODY>can i call u</BODY><COMMENT></COMMENT></POST>
<POST><USERNAME>armysgt1961</USERNAME><DATETIME>7:21:12 PM</DATETIME><BODY>no whats your number</BODY><COMMENT></COMMENT></POST>
<POST><USERNAME>peekaboo1293</USERNAME><DATETIME>7:21:33 PM</DATETIME><BODY>dont call cauz it will show on caller id</BODY><COMMENT></COMMENT></POST>
<POST><USERNAME>peekaboo1293</USERNAME><DATETIME>7:21:44 PM</DATETIME><BODY>momz got it in her room and i cant clear it</BODY><COMMENT></COMMENT></POST>
<POST><USERNAME>armysgt1961</USERNAME><DATETIME>7:21:48 PM</DATETIME><BODY>star 67</BODY><COMMENT></COMMENT></POST>
<POST><USERNAME>peekaboo1293</USERNAME><DATETIME>7:22:09 PM</DATETIME><BODY>im scard cauz i could get caut</BODY><COMMENT></COMMENT></POST>
<POST><USERNAME>armysgt1961</USERNAME><DATETIME>7:22:15 PM</DATETIME><BODY>no u wont</BODY><COMMENT></COMMENT></POST>
<POST><USERNAME>armysgt1961</USERNAME><DATETIME>7:23:06 PM</DATETIME><BODY>50 dollars for 15 mins worth head where u wanna meet</BODY><COMMENT>(21 minutes and youre already getting pushy, dennis. what is this world coming to!)</COMMENT></POST>
<POST><USERNAME>peekaboo1293</USERNAME><DATETIME>7:23:36 PM</DATETIME><BODY>i gues my house nobody here can we talk first</BODY><COMMENT>(now heres a good idea!)</COMMENT></POST>
<POST><USERNAME>armysgt1961</USERNAME><DATETIME>7:23:45 PM</DATETIME><BODY>ok where at</BODY><COMMENT></COMMENT></POST>
<POST><USERNAME>peekaboo1293</USERNAME><DATETIME>7:24:03 PM</DATETIME><BODY>phone hang on</BODY><COMMENT></COMMENT></POST>
<POST><USERNAME>armysgt1961</USERNAME><DATETIME>7:24:06 PM</DATETIME><BODY>ok</BODY><COMMENT></COMMENT></POST>
<POST><USERNAME>peekaboo1293</USERNAME><DATETIME>7:27:10 PM</DATETIME><BODY>(incoming phone number given)</BODY><COMMENT></COMMENT></POST>
<POST><USERNAME>armysgt1961</USERNAME><DATETIME>7:27:37 PM</DATETIME><BODY>name</BODY><COMMENT></COMMENT></POST>
<POST><USERNAME>peekaboo1293</USERNAME><DATETIME>7:27:58 PM</DATETIME><BODY>boo real name is becky</BODY><COMMENT></COMMENT></POST>
<POST><USERNAME>peekaboo1293</USERNAME><DATETIME>8:38:52 PM</DATETIME><BODY>where r u</BODY><COMMENT></COMMENT></POST>
<POST><USERNAME></USERNAME><DATETIME>(8:39:00 pm)</DATETIME><BODY>armysgt1961 disconnected</BODY><COMMENT></COMMENT></POST>
<POST><USERNAME></USERNAME><DATETIME></DATETIME><BODY></BODY><COMMENT></COMMENT></POST>
</data>