<data>
<POST><USERNAME></USERNAME><DATETIME></DATETIME><BODY>tuesday, april 18, 2006</BODY><COMMENT></COMMENT></POST>
<POST><USERNAME>crazytrini85</USERNAME><DATETIME></DATETIME><BODY>hi</BODY><COMMENT></COMMENT></POST>
<POST><USERNAME></USERNAME><DATETIME></DATETIME><BODY>saturday, april 22, 2006</BODY><COMMENT></COMMENT></POST>
<POST><USERNAME>crazytrini85</USERNAME><DATETIME></DATETIME><BODY>hi</BODY><COMMENT></COMMENT></POST>
<POST><USERNAME>cindylovez2dance</USERNAME><DATETIME></DATETIME><BODY>hi</BODY><COMMENT></COMMENT></POST>
<POST><USERNAME>cindylovez2dance</USERNAME><DATETIME></DATETIME><BODY>yoohoo</BODY><COMMENT></COMMENT></POST>
<POST><USERNAME>cindylovez2dance</USERNAME><DATETIME></DATETIME><BODY>hi hi</BODY><COMMENT></COMMENT></POST>
<POST><USERNAME>cindylovez2dance</USERNAME><DATETIME></DATETIME><BODY>did u leave</BODY><COMMENT></COMMENT></POST>
<POST><USERNAME>crazytrini85</USERNAME><DATETIME></DATETIME><BODY>hi</BODY><COMMENT></COMMENT></POST>
<POST><USERNAME>crazytrini85</USERNAME><DATETIME></DATETIME><BODY>sry bout that</BODY><COMMENT></COMMENT></POST>
<POST><USERNAME>crazytrini85</USERNAME><DATETIME></DATETIME><BODY>i was in the garage cutting some wood lol</BODY><COMMENT></COMMENT></POST>
<POST><USERNAME>crazytrini85</USERNAME><DATETIME></DATETIME><BODY>did u leave now?</BODY><COMMENT></COMMENT></POST>
<POST><USERNAME>crazytrini85</USERNAME><DATETIME></DATETIME><BODY>?</BODY><COMMENT></COMMENT></POST>
<POST><USERNAME>cindylovez2dance</USERNAME><DATETIME></DATETIME><BODY>im here had 2 go pee hehehe</BODY><COMMENT></COMMENT></POST>
<POST><USERNAME>crazytrini85</USERNAME><DATETIME></DATETIME><BODY>lol ohhh</BODY><COMMENT></COMMENT></POST>
<POST><USERNAME>crazytrini85</USERNAME><DATETIME></DATETIME><BODY>and u didnt invite me to watch ?:(</BODY><COMMENT></COMMENT></POST>
<POST><USERNAME>cindylovez2dance</USERNAME><DATETIME></DATETIME><BODY>hehehe</BODY><COMMENT></COMMENT></POST>
<POST><USERNAME>cindylovez2dance</USERNAME><DATETIME></DATETIME><BODY>kk so come watch</BODY><COMMENT></COMMENT></POST>
<POST><USERNAME>crazytrini85</USERNAME><DATETIME></DATETIME><BODY>where ustay</BODY><COMMENT></COMMENT></POST>
<POST><USERNAME>cindylovez2dance</USERNAME><DATETIME></DATETIME><BODY>live in fort myers</BODY><COMMENT></COMMENT></POST>
<POST><USERNAME>cindylovez2dance</USERNAME><DATETIME></DATETIME><BODY>a/s/l</BODY><COMMENT></COMMENT></POST>
<POST><USERNAME>crazytrini85</USERNAME><DATETIME></DATETIME><BODY>ohh im in ft lauderdale</BODY><COMMENT></COMMENT></POST>
<POST><USERNAME>crazytrini85</USERNAME><DATETIME></DATETIME><BODY>i may b a bit old for u tho lol</BODY><COMMENT></COMMENT></POST>
<POST><USERNAME>crazytrini85</USERNAME><DATETIME></DATETIME><BODY>ill b 21 in july</BODY><COMMENT></COMMENT></POST>
<POST><USERNAME>cindylovez2dance</USERNAME><DATETIME></DATETIME><BODY>wat u like 90 and wrinkled</BODY><COMMENT></COMMENT></POST>
<POST><USERNAME>cindylovez2dance</USERNAME><DATETIME></DATETIME><BODY>hehehe</BODY><COMMENT></COMMENT></POST>
<POST><USERNAME>cindylovez2dance</USERNAME><DATETIME></DATETIME><BODY>my old bf wuz 24</BODY><COMMENT></COMMENT></POST>
<POST><USERNAME>crazytrini85</USERNAME><DATETIME></DATETIME><BODY>ohh</BODY><COMMENT></COMMENT></POST>
<POST><USERNAME>cindylovez2dance</USERNAME><DATETIME></DATETIME><BODY>im cindy</BODY><COMMENT></COMMENT></POST>
<POST><USERNAME>crazytrini85</USERNAME><DATETIME></DATETIME><BODY>im marvin</BODY><COMMENT></COMMENT></POST>
<POST><USERNAME>crazytrini85</USERNAME><DATETIME></DATETIME><BODY>pixx?</BODY><COMMENT></COMMENT></POST>
<POST><USERNAME>cindylovez2dance</USERNAME><DATETIME></DATETIME><BODY>u got a pic</BODY><COMMENT></COMMENT></POST>
<POST><USERNAME>crazytrini85</USERNAME><DATETIME></DATETIME><BODY>send ures</BODY><COMMENT></COMMENT></POST>
<POST><USERNAME>cindylovez2dance</USERNAME><DATETIME></DATETIME><BODY>u gonna send one</BODY><COMMENT></COMMENT></POST>
<POST><USERNAME>crazytrini85</USERNAME><DATETIME></DATETIME><BODY>ima send more than 1</BODY><COMMENT></COMMENT></POST>
<POST><USERNAME>crazytrini85</USERNAME><DATETIME></DATETIME><BODY>u do da same</BODY><COMMENT></COMMENT></POST>
<POST><USERNAME>cindylovez2dance</USERNAME><DATETIME></DATETIME><BODY>kk i gotta email cauz i dont no how to do the other so u gotta email pix 2 me</BODY><COMMENT></COMMENT></POST>
<POST><USERNAME>crazytrini85</USERNAME><DATETIME></DATETIME><BODY>k</BODY><COMMENT></COMMENT></POST>
<POST><USERNAME>cindylovez2dance</USERNAME><DATETIME></DATETIME><BODY>brb and ill send</BODY><COMMENT></COMMENT></POST>
<POST><USERNAME>crazytrini85</USERNAME><DATETIME></DATETIME><BODY>u wanna trade x rated ones too or no</BODY><COMMENT></COMMENT></POST>
<POST><USERNAME>cindylovez2dance</USERNAME><DATETIME></DATETIME><BODY>i only hav 1 pic cauz momz found my web cam and killed it with a hammer then throwed all my pix away. she didnt find this one</BODY><COMMENT></COMMENT></POST>
<POST><USERNAME>cindylovez2dance</USERNAME><DATETIME></DATETIME><BODY>so send me pix</BODY><COMMENT></COMMENT></POST>
<POST><USERNAME>crazytrini85</USERNAME><DATETIME></DATETIME><BODY>sent</BODY><COMMENT></COMMENT></POST>
<POST><USERNAME>crazytrini85</USERNAME><DATETIME></DATETIME><BODY>like or no?</BODY><COMMENT></COMMENT></POST>
<POST><USERNAME>cindylovez2dance</USERNAME><DATETIME></DATETIME><BODY>omg ur so cute and like really buff</BODY><COMMENT></COMMENT></POST>
<POST><USERNAME>crazytrini85</USERNAME><DATETIME></DATETIME><BODY>lol</BODY><COMMENT></COMMENT></POST>
<POST><USERNAME>crazytrini85</USERNAME><DATETIME></DATETIME><BODY>thanks</BODY><COMMENT></COMMENT></POST>
<POST><USERNAME>crazytrini85</USERNAME><DATETIME></DATETIME><BODY>u got any x rated ones?</BODY><COMMENT></COMMENT></POST>
<POST><USERNAME>cindylovez2dance</USERNAME><DATETIME></DATETIME><BODY>not nemore</BODY><COMMENT></COMMENT></POST>
<POST><USERNAME>crazytrini85</USERNAME><DATETIME></DATETIME><BODY>are u a virgin?</BODY><COMMENT></COMMENT></POST>
<POST><USERNAME>cindylovez2dance</USERNAME><DATETIME></DATETIME><BODY>kinda</BODY><COMMENT></COMMENT></POST>
<POST><USERNAME>crazytrini85</USERNAME><DATETIME></DATETIME><BODY>explainn</BODY><COMMENT></COMMENT></POST>
<POST><USERNAME>cindylovez2dance</USERNAME><DATETIME></DATETIME><BODY>well i nevr did real sex yet but i did oral like bj</BODY><COMMENT></COMMENT></POST>
<POST><USERNAME>crazytrini85</USERNAME><DATETIME></DATETIME><BODY>ohh so ure pussy is tight then?</BODY><COMMENT></COMMENT></POST>
<POST><USERNAME>cindylovez2dance</USERNAME><DATETIME></DATETIME><BODY>prolly</BODY><COMMENT></COMMENT></POST>
<POST><USERNAME>crazytrini85</USERNAME><DATETIME></DATETIME><BODY>what ahve u had in it</BODY><COMMENT></COMMENT></POST>
<POST><USERNAME>cindylovez2dance</USERNAME><DATETIME></DATETIME><BODY>nothin</BODY><COMMENT></COMMENT></POST>
<POST><USERNAME>crazytrini85</USERNAME><DATETIME></DATETIME><BODY>can i put sum in it lol</BODY><COMMENT></COMMENT></POST>
<POST><USERNAME>cindylovez2dance</USERNAME><DATETIME></DATETIME><BODY>mabe cauz ur really cute</BODY><COMMENT></COMMENT></POST>
<POST><USERNAME>cindylovez2dance</USERNAME><DATETIME></DATETIME><BODY>if ud b careful cauz id die if i got preggers</BODY><COMMENT></COMMENT></POST>
<POST><USERNAME>crazytrini85</USERNAME><DATETIME></DATETIME><BODY>lol naw i dont want any babies</BODY><COMMENT></COMMENT></POST>
<POST><USERNAME>crazytrini85</USERNAME><DATETIME></DATETIME><BODY>yet</BODY><COMMENT></COMMENT></POST>
<POST><USERNAME>cindylovez2dance</USERNAME><DATETIME></DATETIME><BODY>me neithr ever</BODY><COMMENT></COMMENT></POST>
<POST><USERNAME>cindylovez2dance</USERNAME><DATETIME></DATETIME><BODY>dont lik baybees</BODY><COMMENT></COMMENT></POST>
<POST><USERNAME>crazytrini85</USERNAME><DATETIME></DATETIME><BODY>lol u think u can handle a dik in u tho?</BODY><COMMENT></COMMENT></POST>
<POST><USERNAME>cindylovez2dance</USERNAME><DATETIME></DATETIME><BODY>they cry and spit stuff on u</BODY><COMMENT></COMMENT></POST>
<POST><USERNAME>cindylovez2dance</USERNAME><DATETIME></DATETIME><BODY>prolly</BODY><COMMENT></COMMENT></POST>
<POST><USERNAME>crazytrini85</USERNAME><DATETIME></DATETIME><BODY>im not average sized tho</BODY><COMMENT></COMMENT></POST>
<POST><USERNAME>cindylovez2dance</USERNAME><DATETIME></DATETIME><BODY>every1 else does</BODY><COMMENT></COMMENT></POST>
<POST><USERNAME>cindylovez2dance</USERNAME><DATETIME></DATETIME><BODY>i only saw one so dont no what average size means</BODY><COMMENT></COMMENT></POST>
<POST><USERNAME>crazytrini85</USERNAME><DATETIME></DATETIME><BODY>u kno how big it was</BODY><COMMENT></COMMENT></POST>
<POST><USERNAME>crazytrini85</USERNAME><DATETIME></DATETIME><BODY>in inches?</BODY><COMMENT></COMMENT></POST>
<POST><USERNAME>cindylovez2dance</USERNAME><DATETIME></DATETIME><BODY>well i actually didnt hav my ruler with me that nite</BODY><COMMENT></COMMENT></POST>
<POST><USERNAME>cindylovez2dance</USERNAME><DATETIME></DATETIME><BODY>hehehe</BODY><COMMENT></COMMENT></POST>
<POST><USERNAME>cindylovez2dance</USERNAME><DATETIME></DATETIME><BODY>wat do u guyz do sit around and measur ur dickz</BODY><COMMENT></COMMENT></POST>
<POST><USERNAME>cindylovez2dance</USERNAME><DATETIME></DATETIME><BODY>hehehe</BODY><COMMENT></COMMENT></POST>
<POST><USERNAME>crazytrini85</USERNAME><DATETIME></DATETIME><BODY>ok think that your finger is about 3 inches what would u avreage it to b</BODY><COMMENT></COMMENT></POST>
<POST><USERNAME>crazytrini85</USERNAME><DATETIME></DATETIME><BODY>lol yes we do</BODY><COMMENT></COMMENT></POST>
<POST><USERNAME>cindylovez2dance</USERNAME><DATETIME></DATETIME><BODY>omg u crazy man</BODY><COMMENT></COMMENT></POST>
<POST><USERNAME>crazytrini85</USERNAME><DATETIME></DATETIME><BODY>lol</BODY><COMMENT></COMMENT></POST>
<POST><USERNAME>crazytrini85</USERNAME><DATETIME></DATETIME><BODY>i sent u another pic.. answer da ?in it</BODY><COMMENT></COMMENT></POST>
<POST><USERNAME>cindylovez2dance</USERNAME><DATETIME></DATETIME><BODY>kk brb</BODY><COMMENT></COMMENT></POST>
<POST><USERNAME>cindylovez2dance</USERNAME><DATETIME></DATETIME><BODY>lookz kinda big 2 me</BODY><COMMENT></COMMENT></POST>
<POST><USERNAME>crazytrini85</USERNAME><DATETIME></DATETIME><BODY>think itll fit?</BODY><COMMENT></COMMENT></POST>
<POST><USERNAME>cindylovez2dance</USERNAME><DATETIME></DATETIME><BODY>dunno i nevr did it b4 i thik itz suposed 2 fit</BODY><COMMENT></COMMENT></POST>
<POST><USERNAME>cindylovez2dance</USERNAME><DATETIME></DATETIME><BODY>does it fit othr girlz</BODY><COMMENT></COMMENT></POST>
<POST><USERNAME>crazytrini85</USERNAME><DATETIME></DATETIME><BODY>lol some.. others say that it hurts too much lol</BODY><COMMENT></COMMENT></POST>
<POST><USERNAME>cindylovez2dance</USERNAME><DATETIME></DATETIME><BODY>im a girl so gues i can do nething nebody else doez</BODY><COMMENT></COMMENT></POST>
<POST><USERNAME>crazytrini85</USERNAME><DATETIME></DATETIME><BODY>lol</BODY><COMMENT></COMMENT></POST>
<POST><USERNAME>crazytrini85</USERNAME><DATETIME></DATETIME><BODY>u want to?</BODY><COMMENT></COMMENT></POST>
<POST><USERNAME>cindylovez2dance</USERNAME><DATETIME></DATETIME><BODY>ya if ur not sum wierd guy u look really cool</BODY><COMMENT></COMMENT></POST>
<POST><USERNAME>cindylovez2dance</USERNAME><DATETIME></DATETIME><BODY>other girls at my skool did it when they were 13</BODY><COMMENT></COMMENT></POST>
<POST><USERNAME>cindylovez2dance</USERNAME><DATETIME></DATETIME><BODY>and im 14 so i should b able 2 do it</BODY><COMMENT></COMMENT></POST>
<POST><USERNAME>cindylovez2dance</USERNAME><DATETIME></DATETIME><BODY>rite</BODY><COMMENT></COMMENT></POST>
<POST><USERNAME>crazytrini85</USERNAME><DATETIME></DATETIME><BODY>i guess if u want to</BODY><COMMENT></COMMENT></POST>
<POST><USERNAME>cindylovez2dance</USERNAME><DATETIME></DATETIME><BODY>rite</BODY><COMMENT></COMMENT></POST>
<POST><USERNAME>crazytrini85</USERNAME><DATETIME></DATETIME><BODY>but i gotta get to kno u first so the first time we hang out well just chyll?</BODY><COMMENT></COMMENT></POST>
<POST><USERNAME>cindylovez2dance</USERNAME><DATETIME></DATETIME><BODY>kk</BODY><COMMENT></COMMENT></POST>
<POST><USERNAME>crazytrini85</USERNAME><DATETIME></DATETIME><BODY>u could give me head tho lol</BODY><COMMENT></COMMENT></POST>
<POST><USERNAME>cindylovez2dance</USERNAME><DATETIME></DATETIME><BODY>i know how 2 do that for sure</BODY><COMMENT></COMMENT></POST>
<POST><USERNAME>cindylovez2dance</USERNAME><DATETIME></DATETIME><BODY>and u bring comdoms in case we chyll fast hehehehe</BODY><COMMENT></COMMENT></POST>
<POST><USERNAME>crazytrini85</USERNAME><DATETIME></DATETIME><BODY>haha</BODY><COMMENT></COMMENT></POST>
<POST><USERNAME>cindylovez2dance</USERNAME><DATETIME></DATETIME><BODY>u serious bout comin</BODY><COMMENT></COMMENT></POST>
<POST><USERNAME>crazytrini85</USERNAME><DATETIME></DATETIME><BODY>condoms?? nono hunnie ure gonna take it raw</BODY><COMMENT></COMMENT></POST>
<POST><USERNAME>cindylovez2dance</USERNAME><DATETIME></DATETIME><BODY>or r u playin me</BODY><COMMENT></COMMENT></POST>
<POST><USERNAME>cindylovez2dance</USERNAME><DATETIME></DATETIME><BODY>no comdomz</BODY><COMMENT></COMMENT></POST>
<POST><USERNAME>cindylovez2dance</USERNAME><DATETIME></DATETIME><BODY>how im gonna keep from gettin preggerz</BODY><COMMENT></COMMENT></POST>
<POST><USERNAME>crazytrini85</USERNAME><DATETIME></DATETIME><BODY>u have ure period?</BODY><COMMENT></COMMENT></POST>
<POST><USERNAME>cindylovez2dance</USERNAME><DATETIME></DATETIME><BODY>ya</BODY><COMMENT></COMMENT></POST>
<POST><USERNAME>cindylovez2dance</USERNAME><DATETIME></DATETIME><BODY>once already</BODY><COMMENT></COMMENT></POST>
<POST><USERNAME>crazytrini85</USERNAME><DATETIME></DATETIME><BODY>all i haveta do is pull out b4 i cum</BODY><COMMENT></COMMENT></POST>
<POST><USERNAME>cindylovez2dance</USERNAME><DATETIME></DATETIME><BODY>kk</BODY><COMMENT></COMMENT></POST>
<POST><USERNAME>crazytrini85</USERNAME><DATETIME></DATETIME><BODY>do u swallow?</BODY><COMMENT></COMMENT></POST>
<POST><USERNAME>cindylovez2dance</USERNAME><DATETIME></DATETIME><BODY>ya</BODY><COMMENT></COMMENT></POST>
<POST><USERNAME>cindylovez2dance</USERNAME><DATETIME></DATETIME><BODY>i thot i suposed 2</BODY><COMMENT></COMMENT></POST>
<POST><USERNAME>crazytrini85</USERNAME><DATETIME></DATETIME><BODY>if i was 100% u wouldnt get preg would u let me cum in u?</BODY><COMMENT></COMMENT></POST>
<POST><USERNAME>cindylovez2dance</USERNAME><DATETIME></DATETIME><BODY>how u can b 100%</BODY><COMMENT></COMMENT></POST>
<POST><USERNAME>crazytrini85</USERNAME><DATETIME></DATETIME><BODY>im in med school i kno how to time it</BODY><COMMENT></COMMENT></POST>
<POST><USERNAME>crazytrini85</USERNAME><DATETIME></DATETIME><BODY>according to your period</BODY><COMMENT></COMMENT></POST>
<POST><USERNAME>cindylovez2dance</USERNAME><DATETIME></DATETIME><BODY>o cool</BODY><COMMENT></COMMENT></POST>
<POST><USERNAME>cindylovez2dance</USERNAME><DATETIME></DATETIME><BODY>ur like a doctor</BODY><COMMENT></COMMENT></POST>
<POST><USERNAME>crazytrini85</USERNAME><DATETIME></DATETIME><BODY>i will be</BODY><COMMENT></COMMENT></POST>
<POST><USERNAME>cindylovez2dance</USERNAME><DATETIME></DATETIME><BODY>then u can cauz u know how 2 do it rite</BODY><COMMENT></COMMENT></POST>
<POST><USERNAME>crazytrini85</USERNAME><DATETIME></DATETIME><BODY>how bout anal sex?</BODY><COMMENT></COMMENT></POST>
<POST><USERNAME>cindylovez2dance</USERNAME><DATETIME></DATETIME><BODY>u mean like in my butt</BODY><COMMENT></COMMENT></POST>
<POST><USERNAME>crazytrini85</USERNAME><DATETIME></DATETIME><BODY>yes</BODY><COMMENT></COMMENT></POST>
<POST><USERNAME>cindylovez2dance</USERNAME><DATETIME></DATETIME><BODY>omg im thinkin that wud hurt</BODY><COMMENT></COMMENT></POST>
<POST><USERNAME>crazytrini85</USERNAME><DATETIME></DATETIME><BODY>lol only for like the first 2 minz then its better than reg sex</BODY><COMMENT></COMMENT></POST>
<POST><USERNAME>crazytrini85</USERNAME><DATETIME></DATETIME><BODY>casue theres more pleasure nerves in there</BODY><COMMENT></COMMENT></POST>
<POST><USERNAME>cindylovez2dance</USERNAME><DATETIME></DATETIME><BODY>kk i mite try it</BODY><COMMENT></COMMENT></POST>
<POST><USERNAME>crazytrini85</USERNAME><DATETIME></DATETIME><BODY>u got a cell?</BODY><COMMENT></COMMENT></POST>
<POST><USERNAME>cindylovez2dance</USERNAME><DATETIME></DATETIME><BODY>i got a callin card</BODY><COMMENT></COMMENT></POST>
<POST><USERNAME>crazytrini85</USERNAME><DATETIME></DATETIME><BODY>u wanna gimme acall rite now so i can ssay hi to u?</BODY><COMMENT></COMMENT></POST>
<POST><USERNAME>cindylovez2dance</USERNAME><DATETIME></DATETIME><BODY>ya i gotta find my card dad sendz it 2 me so i can call him</BODY><COMMENT></COMMENT></POST>
<POST><USERNAME>cindylovez2dance</USERNAME><DATETIME></DATETIME><BODY>brb</BODY><COMMENT></COMMENT></POST>
<POST><USERNAME>crazytrini85</USERNAME><DATETIME></DATETIME><BODY>k</BODY><COMMENT></COMMENT></POST>
<POST><USERNAME>cindylovez2dance</USERNAME><DATETIME></DATETIME><BODY>kk give me ur number</BODY><COMMENT></COMMENT></POST>
<POST><USERNAME>crazytrini85</USERNAME><DATETIME></DATETIME><BODY>954 675 9442</BODY><COMMENT></COMMENT></POST>
<POST><USERNAME>crazytrini85</USERNAME><DATETIME></DATETIME><BODY>u callin now?</BODY><COMMENT></COMMENT></POST>
<POST><USERNAME>cindylovez2dance</USERNAME><DATETIME></DATETIME><BODY>not yet</BODY><COMMENT></COMMENT></POST>
<POST><USERNAME>crazytrini85</USERNAME><DATETIME></DATETIME><BODY>when</BODY><COMMENT></COMMENT></POST>
<POST><USERNAME>cindylovez2dance</USERNAME><DATETIME></DATETIME><BODY>like in 2 mins</BODY><COMMENT></COMMENT></POST>
<POST><USERNAME>crazytrini85</USERNAME><DATETIME></DATETIME><BODY>call now</BODY><COMMENT></COMMENT></POST>
<POST><USERNAME>crazytrini85</USERNAME><DATETIME></DATETIME><BODY>u there?</BODY><COMMENT></COMMENT></POST>
<POST><USERNAME>cindylovez2dance</USERNAME><DATETIME></DATETIME><BODY>ya</BODY><COMMENT></COMMENT></POST>
<POST><USERNAME>cindylovez2dance</USERNAME><DATETIME></DATETIME><BODY>u here</BODY><COMMENT></COMMENT></POST>
<POST><USERNAME>crazytrini85</USERNAME><DATETIME></DATETIME><BODY>yes mam</BODY><COMMENT></COMMENT></POST>
<POST><USERNAME>cindylovez2dance</USERNAME><DATETIME></DATETIME><BODY>cool</BODY><COMMENT></COMMENT></POST>
<POST><USERNAME>cindylovez2dance</USERNAME><DATETIME></DATETIME><BODY>so like u want the address so u can mapquest it</BODY><COMMENT></COMMENT></POST>
<POST><USERNAME>crazytrini85</USERNAME><DATETIME></DATETIME><BODY>address?</BODY><COMMENT></COMMENT></POST>
<POST><USERNAME>cindylovez2dance</USERNAME><DATETIME></DATETIME><BODY>1252 caloosa drive fort myers 33901</BODY><COMMENT></COMMENT></POST>
<POST><USERNAME>crazytrini85</USERNAME><DATETIME></DATETIME><BODY>ohh its not too bad 2 hours</BODY><COMMENT></COMMENT></POST>
<POST><USERNAME>crazytrini85</USERNAME><DATETIME></DATETIME><BODY>ill b there by like 2</BODY><COMMENT></COMMENT></POST>
<POST><USERNAME>cindylovez2dance</USERNAME><DATETIME></DATETIME><BODY>cool</BODY><COMMENT></COMMENT></POST>
<POST><USERNAME>crazytrini85</USERNAME><DATETIME></DATETIME><BODY>u have $?</BODY><COMMENT></COMMENT></POST>
<POST><USERNAME>cindylovez2dance</USERNAME><DATETIME></DATETIME><BODY>ya</BODY><COMMENT></COMMENT></POST>
<POST><USERNAME>crazytrini85</USERNAME><DATETIME></DATETIME><BODY>u gonna help me out with gas?</BODY><COMMENT></COMMENT></POST>
<POST><USERNAME>cindylovez2dance</USERNAME><DATETIME></DATETIME><BODY>sure</BODY><COMMENT></COMMENT></POST>
<POST><USERNAME>crazytrini85</USERNAME><DATETIME></DATETIME><BODY>u have any cute friends u can invite to have a 3some?</BODY><COMMENT></COMMENT></POST>
<POST><USERNAME>cindylovez2dance</USERNAME><DATETIME></DATETIME><BODY>i can do that</BODY><COMMENT></COMMENT></POST>
<POST><USERNAME>cindylovez2dance</USERNAME><DATETIME></DATETIME><BODY>r u crazy i dont want nobody 2 no and u better not tell</BODY><COMMENT></COMMENT></POST>
<POST><USERNAME>cindylovez2dance</USERNAME><DATETIME></DATETIME><BODY>momz wud kill me dead</BODY><COMMENT></COMMENT></POST>
<POST><USERNAME>crazytrini85</USERNAME><DATETIME></DATETIME><BODY>lol i wont</BODY><COMMENT></COMMENT></POST>
<POST><USERNAME>crazytrini85</USERNAME><DATETIME></DATETIME><BODY>u ahve a pool?</BODY><COMMENT></COMMENT></POST>
<POST><USERNAME>cindylovez2dance</USERNAME><DATETIME></DATETIME><BODY>no</BODY><COMMENT></COMMENT></POST>
<POST><USERNAME>crazytrini85</USERNAME><DATETIME></DATETIME><BODY>jaccuzzi?</BODY><COMMENT></COMMENT></POST>
<POST><USERNAME>cindylovez2dance</USERNAME><DATETIME></DATETIME><BODY>ya</BODY><COMMENT></COMMENT></POST>
<POST><USERNAME>crazytrini85</USERNAME><DATETIME></DATETIME><BODY>ima fuk u in there lol</BODY><COMMENT></COMMENT></POST>
<POST><USERNAME>cindylovez2dance</USERNAME><DATETIME></DATETIME><BODY>hehehe</BODY><COMMENT></COMMENT></POST>
<POST><USERNAME>crazytrini85</USERNAME><DATETIME></DATETIME><BODY>and on ure momz bed?</BODY><COMMENT></COMMENT></POST>
<POST><USERNAME>cindylovez2dance</USERNAME><DATETIME></DATETIME><BODY>y not my bed</BODY><COMMENT></COMMENT></POST>
<POST><USERNAME>crazytrini85</USERNAME><DATETIME></DATETIME><BODY>that too</BODY><COMMENT></COMMENT></POST>
<POST><USERNAME>cindylovez2dance</USERNAME><DATETIME></DATETIME><BODY>heheh</BODY><COMMENT></COMMENT></POST>
<POST><USERNAME>crazytrini85</USERNAME><DATETIME></DATETIME><BODY>ima fuk ya in every room so no matter where u go u will remember me</BODY><COMMENT></COMMENT></POST>
<POST><USERNAME>cindylovez2dance</USERNAME><DATETIME></DATETIME><BODY>every room</BODY><COMMENT></COMMENT></POST>
<POST><USERNAME>cindylovez2dance</USERNAME><DATETIME></DATETIME><BODY>u know how many roomz in this big ass house</BODY><COMMENT></COMMENT></POST>
<POST><USERNAME>crazytrini85</USERNAME><DATETIME></DATETIME><BODY>lol i hope u can handle it</BODY><COMMENT></COMMENT></POST>
<POST><USERNAME>crazytrini85</USERNAME><DATETIME></DATETIME><BODY>u have any pets?</BODY><COMMENT></COMMENT></POST>
<POST><USERNAME>cindylovez2dance</USERNAME><DATETIME></DATETIME><BODY>a cat</BODY><COMMENT></COMMENT></POST>
<POST><USERNAME>crazytrini85</USERNAME><DATETIME></DATETIME><BODY>aww</BODY><COMMENT></COMMENT></POST>
<POST><USERNAME>crazytrini85</USERNAME><DATETIME></DATETIME><BODY>boy or girl</BODY><COMMENT></COMMENT></POST>
<POST><USERNAME>cindylovez2dance</USERNAME><DATETIME></DATETIME><BODY>boy</BODY><COMMENT></COMMENT></POST>
<POST><USERNAME>crazytrini85</USERNAME><DATETIME></DATETIME><BODY>lol u kno what would b a huge ass turn on for me?</BODY><COMMENT></COMMENT></POST>
<POST><USERNAME>cindylovez2dance</USERNAME><DATETIME></DATETIME><BODY>wat</BODY><COMMENT></COMMENT></POST>
<POST><USERNAME>crazytrini85</USERNAME><DATETIME></DATETIME><BODY>watchin u fuk him lol:-d</BODY><COMMENT></COMMENT></POST>
<POST><USERNAME>cindylovez2dance</USERNAME><DATETIME></DATETIME><BODY>dont thik i wanna fuk the cat ty</BODY><COMMENT></COMMENT></POST>
<POST><USERNAME>crazytrini85</USERNAME><DATETIME></DATETIME><BODY>lol</BODY><COMMENT></COMMENT></POST>
<POST><USERNAME>crazytrini85</USERNAME><DATETIME></DATETIME><BODY>would u for me?</BODY><COMMENT></COMMENT></POST>
<POST><USERNAME>crazytrini85</USERNAME><DATETIME></DATETIME><BODY>ppl do that shit all the time</BODY><COMMENT></COMMENT></POST>
<POST><USERNAME>cindylovez2dance</USERNAME><DATETIME></DATETIME><BODY>i dont evn know how to fuk u now i gotta learn 2 fuk the little kitty.</BODY><COMMENT></COMMENT></POST>
<POST><USERNAME>cindylovez2dance</USERNAME><DATETIME></DATETIME><BODY>u crazy man</BODY><COMMENT></COMMENT></POST>
<POST><USERNAME>crazytrini85</USERNAME><DATETIME></DATETIME><BODY>lol ill help u</BODY><COMMENT></COMMENT></POST>
<POST><USERNAME>cindylovez2dance</USERNAME><DATETIME></DATETIME><BODY>hehehe</BODY><COMMENT></COMMENT></POST>
<POST><USERNAME>crazytrini85</USERNAME><DATETIME></DATETIME><BODY>u do it for me?</BODY><COMMENT></COMMENT></POST>
<POST><USERNAME>cindylovez2dance</USERNAME><DATETIME></DATETIME><BODY>prolly not</BODY><COMMENT></COMMENT></POST>
<POST><USERNAME>cindylovez2dance</USERNAME><DATETIME></DATETIME><BODY>hehehe</BODY><COMMENT></COMMENT></POST>
<POST><USERNAME>crazytrini85</USERNAME><DATETIME></DATETIME><BODY>how bout suck his lil kitty dick</BODY><COMMENT></COMMENT></POST>
<POST><USERNAME>cindylovez2dance</USERNAME><DATETIME></DATETIME><BODY>we talk bout it</BODY><COMMENT></COMMENT></POST>
<POST><USERNAME>crazytrini85</USERNAME><DATETIME></DATETIME><BODY>lets talk bout it now</BODY><COMMENT></COMMENT></POST>
<POST><USERNAME>crazytrini85</USERNAME><DATETIME></DATETIME><BODY>call me bak i like ure voice</BODY><COMMENT></COMMENT></POST>
<POST><USERNAME>crazytrini85</USERNAME><DATETIME></DATETIME><BODY>??</BODY><COMMENT></COMMENT></POST>
<POST><USERNAME>cindylovez2dance</USERNAME><DATETIME></DATETIME><BODY>cant rite now. gotta go bathroom. ill b back in a min</BODY><COMMENT></COMMENT></POST>
<POST><USERNAME>crazytrini85</USERNAME><DATETIME></DATETIME><BODY>hurrrrrryyyyy</BODY><COMMENT></COMMENT></POST>
<POST><USERNAME>crazytrini85</USERNAME><DATETIME></DATETIME><BODY>i misss u</BODY><COMMENT></COMMENT></POST>
<POST><USERNAME>cindylovez2dance</USERNAME><DATETIME></DATETIME><BODY>back calling</BODY><COMMENT></COMMENT></POST>
<POST><USERNAME>crazytrini85</USERNAME><DATETIME></DATETIME><BODY>where did u go</BODY><COMMENT></COMMENT></POST>
<POST><USERNAME>crazytrini85</USERNAME><DATETIME></DATETIME><BODY>??</BODY><COMMENT></COMMENT></POST>
<POST><USERNAME>crazytrini85</USERNAME><DATETIME></DATETIME><BODY>cindy?</BODY><COMMENT></COMMENT></POST>
<POST><USERNAME>cindylovez2dance</USERNAME><DATETIME></DATETIME><BODY>give me a min</BODY><COMMENT></COMMENT></POST>
<POST><USERNAME>cindylovez2dance</USERNAME><DATETIME></DATETIME><BODY>brb</BODY><COMMENT></COMMENT></POST>
<POST><USERNAME>cindylovez2dance</USERNAME><DATETIME></DATETIME><BODY>dont like leave cauz i hafta reboot computr itz gettin wierd</BODY><COMMENT></COMMENT></POST>
<POST><USERNAME>cindylovez2dance</USERNAME><DATETIME></DATETIME><BODY>brb</BODY><COMMENT></COMMENT></POST>
<POST><USERNAME></USERNAME><DATETIME></DATETIME><BODY></BODY><COMMENT></COMMENT></POST>
</data>