<data>
<POST><USERNAME>cuteguyinoc2002</USERNAME><DATETIME>(03/31/07 4:38:17 pm)</DATETIME><BODY>hi</BODY><COMMENT></COMMENT></POST>
<POST><USERNAME>guurly_guurl_1993</USERNAME><DATETIME>(03/31/07 4:39:31 pm)</DATETIME><BODY>hi</BODY><COMMENT></COMMENT></POST>
<POST><USERNAME>guurly_guurl_1993</USERNAME><DATETIME>(03/31/07 4:39:32 pm)</DATETIME><BODY>asl</BODY><COMMENT></COMMENT></POST>
<POST><USERNAME>cuteguyinoc2002</USERNAME><DATETIME>(03/31/07 4:39:45 pm)</DATETIME><BODY>32 m ocean county</BODY><COMMENT></COMMENT></POST>
<POST><USERNAME>cuteguyinoc2002</USERNAME><DATETIME>(03/31/07 4:39:51 pm)</DATETIME><BODY>how r u?</BODY><COMMENT></COMMENT></POST>
<POST><USERNAME>guurly_guurl_1993</USERNAME><DATETIME>(03/31/07 4:40:08 pm)</DATETIME><BODY>13/f/nj</BODY><COMMENT></COMMENT></POST>
<POST><USERNAME>guurly_guurl_1993</USERNAME><DATETIME>(03/31/07 4:40:10 pm)</DATETIME><BODY>im okay</BODY><COMMENT></COMMENT></POST>
<POST><USERNAME>cuteguyinoc2002</USERNAME><DATETIME>(03/31/07 4:40:24 pm)</DATETIME><BODY>having a nice day?</BODY><COMMENT></COMMENT></POST>
<POST><USERNAME>guurly_guurl_1993</USERNAME><DATETIME>(03/31/07 4:40:35 pm)</DATETIME><BODY>its okay im bored</BODY><COMMENT></COMMENT></POST>
<POST><USERNAME>cuteguyinoc2002</USERNAME><DATETIME>(03/31/07 4:40:40 pm)</DATETIME><BODY>me too</BODY><COMMENT></COMMENT></POST>
<POST><USERNAME>cuteguyinoc2002</USERNAME><DATETIME>(03/31/07 4:40:47 pm)</DATETIME><BODY>just got my hair cut</BODY><COMMENT></COMMENT></POST>
<POST><USERNAME>guurly_guurl_1993</USERNAME><DATETIME>(03/31/07 4:40:49 pm)</DATETIME><BODY>sucks to be us</BODY><COMMENT></COMMENT></POST>
<POST><USERNAME>cuteguyinoc2002</USERNAME><DATETIME>(03/31/07 4:40:52 pm)</DATETIME><BODY>yea</BODY><COMMENT></COMMENT></POST>
<POST><USERNAME>guurly_guurl_1993</USERNAME><DATETIME>(03/31/07 4:40:54 pm)</DATETIME><BODY>cooll hows it look</BODY><COMMENT></COMMENT></POST>
<POST><USERNAME>cuteguyinoc2002</USERNAME><DATETIME>(03/31/07 4:40:58 pm)</DATETIME><BODY>cool</BODY><COMMENT></COMMENT></POST>
<POST><USERNAME>cuteguyinoc2002</USERNAME><DATETIME>(03/31/07 4:41:27 pm)</DATETIME><BODY>how was ur week in school?</BODY><COMMENT></COMMENT></POST>
<POST><USERNAME>guurly_guurl_1993</USERNAME><DATETIME>(03/31/07 4:41:39 pm)</DATETIME><BODY>was okay</BODY><COMMENT></COMMENT></POST>
<POST><USERNAME>guurly_guurl_1993</USERNAME><DATETIME>(03/31/07 4:41:45 pm)</DATETIME><BODY>i cut a few days cos my mom went to vegas</BODY><COMMENT></COMMENT></POST>
<POST><USERNAME>guurly_guurl_1993</USERNAME><DATETIME>(03/31/07 4:41:46 pm)</DATETIME><BODY>;)</BODY><COMMENT></COMMENT></POST>
<POST><USERNAME>cuteguyinoc2002</USERNAME><DATETIME>(03/31/07 4:41:50 pm)</DATETIME><BODY>nice</BODY><COMMENT></COMMENT></POST>
<POST><USERNAME>cuteguyinoc2002</USERNAME><DATETIME>(03/31/07 4:42:02 pm)</DATETIME><BODY>and ur home alone?</BODY><COMMENT></COMMENT></POST>
<POST><USERNAME>guurly_guurl_1993</USERNAME><DATETIME>(03/31/07 4:42:09 pm)</DATETIME><BODY>yeah</BODY><COMMENT></COMMENT></POST>
<POST><USERNAME>guurly_guurl_1993</USERNAME><DATETIME>(03/31/07 4:42:13 pm)</DATETIME><BODY>my mom and dad split up</BODY><COMMENT></COMMENT></POST>
<POST><USERNAME>guurly_guurl_1993</USERNAME><DATETIME>(03/31/07 4:42:16 pm)</DATETIME><BODY>thats why we movedhere</BODY><COMMENT></COMMENT></POST>
<POST><USERNAME>cuteguyinoc2002</USERNAME><DATETIME>(03/31/07 4:42:17 pm)</DATETIME><BODY>sry</BODY><COMMENT></COMMENT></POST>
<POST><USERNAME>cuteguyinoc2002</USERNAME><DATETIME>(03/31/07 4:42:26 pm)</DATETIME><BODY>where u live?</BODY><COMMENT></COMMENT></POST>
<POST><USERNAME>guurly_guurl_1993</USERNAME><DATETIME>(03/31/07 4:42:56 pm)</DATETIME><BODY>732</BODY><COMMENT></COMMENT></POST>
<POST><USERNAME>cuteguyinoc2002</USERNAME><DATETIME>(03/31/07 4:43:07 pm)</DATETIME><BODY>ok</BODY><COMMENT></COMMENT></POST>
<POST><USERNAME>guurly_guurl_1993</USERNAME><DATETIME>(03/31/07 4:43:24 pm)</DATETIME><BODY>got big plans?</BODY><COMMENT></COMMENT></POST>
<POST><USERNAME>cuteguyinoc2002</USERNAME><DATETIME>(03/31/07 4:43:31 pm)</DATETIME><BODY>no</BODY><COMMENT></COMMENT></POST>
<POST><USERNAME>cuteguyinoc2002</USERNAME><DATETIME>(03/31/07 4:43:35 pm)</DATETIME><BODY>u?</BODY><COMMENT></COMMENT></POST>
<POST><USERNAME>guurly_guurl_1993</USERNAME><DATETIME>(03/31/07 4:43:40 pm)</DATETIME><BODY>me neither</BODY><COMMENT></COMMENT></POST>
<POST><USERNAME>cuteguyinoc2002</USERNAME><DATETIME>(03/31/07 4:43:52 pm)</DATETIME><BODY>like older guys?</BODY><COMMENT></COMMENT></POST>
<POST><USERNAME>guurly_guurl_1993</USERNAME><DATETIME>(03/31/07 4:44:23 pm)</DATETIME><BODY>i like guys who r nice</BODY><COMMENT></COMMENT></POST>
<POST><USERNAME>guurly_guurl_1993</USERNAME><DATETIME>(03/31/07 4:44:25 pm)</DATETIME><BODY>r u nic?</BODY><COMMENT></COMMENT></POST>
<POST><USERNAME>guurly_guurl_1993</USERNAME><DATETIME>(03/31/07 4:44:27 pm)</DATETIME><BODY>nice</BODY><COMMENT></COMMENT></POST>
<POST><USERNAME>guurly_guurl_1993</USERNAME><DATETIME>(03/31/07 4:44:29 pm)</DATETIME><BODY>do u have a pic?</BODY><COMMENT></COMMENT></POST>
<POST><USERNAME>cuteguyinoc2002</USERNAME><DATETIME>(03/31/07 4:44:30 pm)</DATETIME><BODY>yes i am</BODY><COMMENT></COMMENT></POST>
<POST><USERNAME>cuteguyinoc2002</USERNAME><DATETIME>(03/31/07 4:44:34 pm)</DATETIME><BODY>yes i do</BODY><COMMENT></COMMENT></POST>
<POST><USERNAME>guurly_guurl_1993</USERNAME><DATETIME>(03/31/07 4:44:40 pm)</DATETIME><BODY>then it doesnt matter howold u r, right?</BODY><COMMENT></COMMENT></POST>
<POST><USERNAME>guurly_guurl_1993</USERNAME><DATETIME>(03/31/07 4:44:43 pm)</DATETIME><BODY>as logn as ur nice</BODY><COMMENT></COMMENT></POST>
<POST><USERNAME>cuteguyinoc2002</USERNAME><DATETIME>(03/31/07 4:44:48 pm)</DATETIME><BODY>no it doesnt</BODY><COMMENT></COMMENT></POST>
<POST><USERNAME>cuteguyinoc2002</USERNAME><DATETIME>(03/31/07 4:45:19 pm)</DATETIME><BODY>like to see a pic of me?</BODY><COMMENT></COMMENT></POST>
<POST><USERNAME>guurly_guurl_1993</USERNAME><DATETIME>(03/31/07 4:45:28 pm)</DATETIME><BODY>totally</BODY><COMMENT></COMMENT></POST>
<POST><USERNAME>cuteguyinoc2002</USERNAME><DATETIME>(03/31/07 4:46:43 pm)</DATETIME><BODY>hope u like it</BODY><COMMENT></COMMENT></POST>
<POST><USERNAME>guurly_guurl_1993</USERNAME><DATETIME>(03/31/07 4:47:19 pm)</DATETIME><BODY>ure cute</BODY><COMMENT></COMMENT></POST>
<POST><USERNAME>cuteguyinoc2002</USERNAME><DATETIME>(03/31/07 4:47:23 pm)</DATETIME><BODY>ty</BODY><COMMENT></COMMENT></POST>
<POST><USERNAME>cuteguyinoc2002</USERNAME><DATETIME>(03/31/07 4:47:29 pm)</DATETIME><BODY>u have a pic?</BODY><COMMENT></COMMENT></POST>
<POST><USERNAME>guurly_guurl_1993</USERNAME><DATETIME>(03/31/07 4:47:41 pm)</DATETIME><BODY>yeah in my profile</BODY><COMMENT></COMMENT></POST>
<POST><USERNAME>guurly_guurl_1993</USERNAME><DATETIME>(03/31/07 4:47:59 pm)</DATETIME><BODY>what town do u live in?</BODY><COMMENT></COMMENT></POST>
<POST><USERNAME>cuteguyinoc2002</USERNAME><DATETIME>(03/31/07 4:48:05 pm)</DATETIME><BODY>toms river</BODY><COMMENT></COMMENT></POST>
<POST><USERNAME>cuteguyinoc2002</USERNAME><DATETIME>(03/31/07 4:48:11 pm)</DATETIME><BODY>u?</BODY><COMMENT></COMMENT></POST>
<POST><USERNAME>guurly_guurl_1993</USERNAME><DATETIME>(03/31/07 4:49:08 pm)</DATETIME><BODY>do u know where brick is?</BODY><COMMENT></COMMENT></POST>
<POST><USERNAME>cuteguyinoc2002</USERNAME><DATETIME>(03/31/07 4:49:18 pm)</DATETIME><BODY>bricktown?</BODY><COMMENT></COMMENT></POST>
<POST><USERNAME>cuteguyinoc2002</USERNAME><DATETIME>(03/31/07 4:49:24 pm)</DATETIME><BODY>yes i do</BODY><COMMENT></COMMENT></POST>
<POST><USERNAME>guurly_guurl_1993</USERNAME><DATETIME>(03/31/07 4:49:36 pm)</DATETIME><BODY>so im michelle</BODY><COMMENT></COMMENT></POST>
<POST><USERNAME>cuteguyinoc2002</USERNAME><DATETIME>(03/31/07 4:49:40 pm)</DATETIME><BODY>im mike</BODY><COMMENT></COMMENT></POST>
<POST><USERNAME>guurly_guurl_1993</USERNAME><DATETIME>(03/31/07 4:49:44 pm)</DATETIME><BODY>hi mike</BODY><COMMENT></COMMENT></POST>
<POST><USERNAME>guurly_guurl_1993</USERNAME><DATETIME>(03/31/07 4:49:48 pm)</DATETIME><BODY>did u see my pics?</BODY><COMMENT></COMMENT></POST>
<POST><USERNAME>cuteguyinoc2002</USERNAME><DATETIME>(03/31/07 4:49:48 pm)</DATETIME><BODY>nice to meet u michelle</BODY><COMMENT></COMMENT></POST>
<POST><USERNAME>cuteguyinoc2002</USERNAME><DATETIME>(03/31/07 4:50:04 pm)</DATETIME><BODY>im still trying to look at them</BODY><COMMENT></COMMENT></POST>
<POST><USERNAME>guurly_guurl_1993</USERNAME><DATETIME>(03/31/07 4:50:13 pm)</DATETIME><BODY>nice to meet u</BODY><COMMENT></COMMENT></POST>
<POST><USERNAME>cuteguyinoc2002</USERNAME><DATETIME>(03/31/07 4:50:15 pm)</DATETIME><BODY>can u do photo sharing?</BODY><COMMENT></COMMENT></POST>
<POST><USERNAME>guurly_guurl_1993</USERNAME><DATETIME>(03/31/07 4:50:20 pm)</DATETIME><BODY>for u</BODY><COMMENT></COMMENT></POST>
<POST><USERNAME>guurly_guurl_1993</USERNAME><DATETIME>(03/31/07 4:50:21 pm)</DATETIME><BODY>anything</BODY><COMMENT></COMMENT></POST>
<POST><USERNAME>guurly_guurl_1993</USERNAME><DATETIME>(03/31/07 4:50:22 pm)</DATETIME><BODY>lol</BODY><COMMENT></COMMENT></POST>
<POST><USERNAME>cuteguyinoc2002</USERNAME><DATETIME>(03/31/07 4:50:32 pm)</DATETIME><BODY>im 6 minutes from brick</BODY><COMMENT></COMMENT></POST>
<POST><USERNAME>guurly_guurl_1993</USERNAME><DATETIME>(03/31/07 4:50:44 pm)</DATETIME><BODY>so were like neighbors</BODY><COMMENT></COMMENT></POST>
<POST><USERNAME>guurly_guurl_1993</USERNAME><DATETIME>(03/31/07 4:50:45 pm)</DATETIME><BODY>lol</BODY><COMMENT></COMMENT></POST>
<POST><USERNAME>guurly_guurl_1993</USERNAME><DATETIME>(03/31/07 4:50:53 pm)</DATETIME><BODY>i just moved here from washingon</BODY><COMMENT></COMMENT></POST>
<POST><USERNAME>cuteguyinoc2002</USERNAME><DATETIME>(03/31/07 4:50:56 pm)</DATETIME><BODY>k</BODY><COMMENT></COMMENT></POST>
<POST><USERNAME>cuteguyinoc2002</USERNAME><DATETIME>(03/31/07 4:51:20 pm)</DATETIME><BODY>ur so cute</BODY><COMMENT></COMMENT></POST>
<POST><USERNAME>guurly_guurl_1993</USERNAME><DATETIME>(03/31/07 4:51:26 pm)</DATETIME><BODY>u really think so?</BODY><COMMENT></COMMENT></POST>
<POST><USERNAME>cuteguyinoc2002</USERNAME><DATETIME>(03/31/07 4:51:34 pm)</DATETIME><BODY>yes i do and very sexy</BODY><COMMENT></COMMENT></POST>
<POST><USERNAME>guurly_guurl_1993</USERNAME><DATETIME>(03/31/07 4:51:40 pm)</DATETIME><BODY>tyvm</BODY><COMMENT></COMMENT></POST>
<POST><USERNAME>cuteguyinoc2002</USERNAME><DATETIME>(03/31/07 4:51:43 pm)</DATETIME><BODY>yw</BODY><COMMENT></COMMENT></POST>
<POST><USERNAME>guurly_guurl_1993</USERNAME><DATETIME>(03/31/07 4:51:43 pm)</DATETIME><BODY>r u gonna add me?</BODY><COMMENT></COMMENT></POST>
<POST><USERNAME>cuteguyinoc2002</USERNAME><DATETIME>(03/31/07 4:51:54 pm)</DATETIME><BODY>yes</BODY><COMMENT></COMMENT></POST>
<POST><USERNAME>cuteguyinoc2002</USERNAME><DATETIME>(03/31/07 4:52:33 pm)</DATETIME><BODY>u have very pretty eyes</BODY><COMMENT></COMMENT></POST>
<POST><USERNAME>guurly_guurl_1993</USERNAME><DATETIME>(03/31/07 4:52:51 pm)</DATETIME><BODY>tyvm</BODY><COMMENT></COMMENT></POST>
<POST><USERNAME>guurly_guurl_1993</USERNAME><DATETIME>(03/31/07 4:52:57 pm)</DATETIME><BODY>do u have more pics?</BODY><COMMENT></COMMENT></POST>
<POST><USERNAME>cuteguyinoc2002</USERNAME><DATETIME>(03/31/07 4:53:07 pm)</DATETIME><BODY>just that opne for now</BODY><COMMENT></COMMENT></POST>
<POST><USERNAME>cuteguyinoc2002</USERNAME><DATETIME>(03/31/07 4:53:10 pm)</DATETIME><BODY>one</BODY><COMMENT></COMMENT></POST>
<POST><USERNAME>cuteguyinoc2002</USERNAME><DATETIME>(03/31/07 4:53:18 pm)</DATETIME><BODY>planning on taking more soon</BODY><COMMENT></COMMENT></POST>
<POST><USERNAME>guurly_guurl_1993</USERNAME><DATETIME>(03/31/07 4:54:00 pm)</DATETIME><BODY>cool</BODY><COMMENT></COMMENT></POST>
<POST><USERNAME>cuteguyinoc2002</USERNAME><DATETIME>(03/31/07 4:54:21 pm)</DATETIME><BODY>so what do u like to do?</BODY><COMMENT></COMMENT></POST>
<POST><USERNAME>guurly_guurl_1993</USERNAME><DATETIME>(03/31/07 4:54:55 pm)</DATETIME><BODY>im up for pretty much anything fun as long as it doesnt hurt or kill me</BODY><COMMENT></COMMENT></POST>
<POST><USERNAME>cuteguyinoc2002</USERNAME><DATETIME>(03/31/07 4:55:01 pm)</DATETIME><BODY>cool</BODY><COMMENT></COMMENT></POST>
<POST><USERNAME>guurly_guurl_1993</USERNAME><DATETIME>(03/31/07 4:55:27 pm)</DATETIME><BODY>what do u like to do</BODY><COMMENT></COMMENT></POST>
<POST><USERNAME>cuteguyinoc2002</USERNAME><DATETIME>(03/31/07 4:56:26 pm)</DATETIME><BODY>i like sports,reading and music, walks on the beach and relaxing on a blanket, hanging out and having fun</BODY><COMMENT></COMMENT></POST>
<POST><USERNAME>guurly_guurl_1993</USERNAME><DATETIME>(03/31/07 4:56:47 pm)</DATETIME><BODY>so ure like perfect then</BODY><COMMENT></COMMENT></POST>
<POST><USERNAME>guurly_guurl_1993</USERNAME><DATETIME>(03/31/07 4:56:48 pm)</DATETIME><BODY>huh?</BODY><COMMENT></COMMENT></POST>
<POST><USERNAME>cuteguyinoc2002</USERNAME><DATETIME>(03/31/07 4:57:16 pm)</DATETIME><BODY>not really just want ppl to think of me as a very nice person</BODY><COMMENT></COMMENT></POST>
<POST><USERNAME>cuteguyinoc2002</USERNAME><DATETIME>(03/31/07 4:58:04 pm)</DATETIME><BODY>i am easy to get along with and like to do things that the other person likes to do...i am very open-minded</BODY><COMMENT></COMMENT></POST>
<POST><USERNAME>guurly_guurl_1993</USERNAME><DATETIME>(03/31/07 4:58:21 pm)</DATETIME><BODY>cool</BODY><COMMENT></COMMENT></POST>
<POST><USERNAME>guurly_guurl_1993</USERNAME><DATETIME>(03/31/07 4:58:33 pm)</DATETIME><BODY>im hungry</BODY><COMMENT></COMMENT></POST>
<POST><USERNAME>cuteguyinoc2002</USERNAME><DATETIME>(03/31/07 4:58:48 pm)</DATETIME><BODY>want something to eat?</BODY><COMMENT></COMMENT></POST>
<POST><USERNAME>guurly_guurl_1993</USERNAME><DATETIME>(03/31/07 4:59:29 pm)</DATETIME><BODY>yeah but i dont know what</BODY><COMMENT></COMMENT></POST>
<POST><USERNAME>cuteguyinoc2002</USERNAME><DATETIME>(03/31/07 4:59:36 pm)</DATETIME><BODY>i c</BODY><COMMENT></COMMENT></POST>
<POST><USERNAME>guurly_guurl_1993</USERNAME><DATETIME>(03/31/07 4:59:54 pm)</DATETIME><BODY>sucks to be me</BODY><COMMENT></COMMENT></POST>
<POST><USERNAME>cuteguyinoc2002</USERNAME><DATETIME>(03/31/07 5:00:02 pm)</DATETIME><BODY>ur ok</BODY><COMMENT></COMMENT></POST>
<POST><USERNAME>guurly_guurl_1993</USERNAME><DATETIME>(03/31/07 5:00:30 pm)</DATETIME><BODY>and theres nothing to watch</BODY><COMMENT></COMMENT></POST>
<POST><USERNAME>guurly_guurl_1993</USERNAME><DATETIME>(03/31/07 5:00:31 pm)</DATETIME><BODY>ugh</BODY><COMMENT></COMMENT></POST>
<POST><USERNAME>guurly_guurl_1993</USERNAME><DATETIME>(03/31/07 5:00:32 pm)</DATETIME><BODY>lol</BODY><COMMENT></COMMENT></POST>
<POST><USERNAME>cuteguyinoc2002</USERNAME><DATETIME>(03/31/07 5:00:33 pm)</DATETIME><BODY>i was at super cuts in brick getting my hair cut</BODY><COMMENT></COMMENT></POST>
<POST><USERNAME>guurly_guurl_1993</USERNAME><DATETIME>(03/31/07 5:00:38 pm)</DATETIME><BODY>really?</BODY><COMMENT></COMMENT></POST>
<POST><USERNAME>cuteguyinoc2002</USERNAME><DATETIME>(03/31/07 5:00:42 pm)</DATETIME><BODY>yea</BODY><COMMENT></COMMENT></POST>
<POST><USERNAME>guurly_guurl_1993</USERNAME><DATETIME>(03/31/07 5:01:10 pm)</DATETIME><BODY>i dont have a car</BODY><COMMENT></COMMENT></POST>
<POST><USERNAME>guurly_guurl_1993</USERNAME><DATETIME>(03/31/07 5:01:14 pm)</DATETIME><BODY>so i havent gone anywhere</BODY><COMMENT></COMMENT></POST>
<POST><USERNAME>guurly_guurl_1993</USERNAME><DATETIME>(03/31/07 5:01:20 pm)</DATETIME><BODY>hell</BODY><COMMENT></COMMENT></POST>
<POST><USERNAME>cuteguyinoc2002</USERNAME><DATETIME>(03/31/07 5:01:20 pm)</DATETIME><BODY>its ok</BODY><COMMENT></COMMENT></POST>
<POST><USERNAME>guurly_guurl_1993</USERNAME><DATETIME>(03/31/07 5:01:26 pm)</DATETIME><BODY>i dont even have a lisense</BODY><COMMENT></COMMENT></POST>
<POST><USERNAME>guurly_guurl_1993</USERNAME><DATETIME>(03/31/07 5:01:29 pm)</DATETIME><BODY>hell</BODY><COMMENT></COMMENT></POST>
<POST><USERNAME>guurly_guurl_1993</USERNAME><DATETIME>(03/31/07 5:01:32 pm)</DATETIME><BODY>i dont have a permit</BODY><COMMENT></COMMENT></POST>
<POST><USERNAME>guurly_guurl_1993</USERNAME><DATETIME>(03/31/07 5:01:32 pm)</DATETIME><BODY>lol</BODY><COMMENT></COMMENT></POST>
<POST><USERNAME>cuteguyinoc2002</USERNAME><DATETIME>(03/31/07 5:01:34 pm)</DATETIME><BODY>not till ur 15</BODY><COMMENT></COMMENT></POST>
<POST><USERNAME>guurly_guurl_1993</USERNAME><DATETIME>(03/31/07 5:01:37 pm)</DATETIME><BODY>i shouldnt say hell so much</BODY><COMMENT></COMMENT></POST>
<POST><USERNAME>guurly_guurl_1993</USERNAME><DATETIME>(03/31/07 5:01:38 pm)</DATETIME><BODY>sorry</BODY><COMMENT></COMMENT></POST>
<POST><USERNAME>cuteguyinoc2002</USERNAME><DATETIME>(03/31/07 5:01:42 pm)</DATETIME><BODY>np</BODY><COMMENT></COMMENT></POST>
<POST><USERNAME>guurly_guurl_1993</USERNAME><DATETIME>(03/31/07 5:02:03 pm)</DATETIME><BODY>my mother would have a heart attack to hear me swear</BODY><COMMENT></COMMENT></POST>
<POST><USERNAME>guurly_guurl_1993</USERNAME><DATETIME>(03/31/07 5:02:13 pm)</DATETIME><BODY>but shed have a heart attack if she knew i wore makeup at school</BODY><COMMENT></COMMENT></POST>
<POST><USERNAME>guurly_guurl_1993</USERNAME><DATETIME>(03/31/07 5:02:17 pm)</DATETIME><BODY>or that ive had a bf</BODY><COMMENT></COMMENT></POST>
<POST><USERNAME>guurly_guurl_1993</USERNAME><DATETIME>(03/31/07 5:02:18 pm)</DATETIME><BODY>so</BODY><COMMENT></COMMENT></POST>
<POST><USERNAME>guurly_guurl_1993</USERNAME><DATETIME>(03/31/07 5:02:23 pm)</DATETIME><BODY>what she dont know dont hurt</BODY><COMMENT></COMMENT></POST>
<POST><USERNAME>guurly_guurl_1993</USERNAME><DATETIME>(03/31/07 5:02:24 pm)</DATETIME><BODY>lol</BODY><COMMENT></COMMENT></POST>
<POST><USERNAME>cuteguyinoc2002</USERNAME><DATETIME>(03/31/07 5:02:31 pm)</DATETIME><BODY>u have a b/f or did have one?</BODY><COMMENT></COMMENT></POST>
<POST><USERNAME>guurly_guurl_1993</USERNAME><DATETIME>(03/31/07 5:02:51 pm)</DATETIME><BODY>used to</BODY><COMMENT></COMMENT></POST>
<POST><USERNAME>cuteguyinoc2002</USERNAME><DATETIME>(03/31/07 5:02:54 pm)</DATETIME><BODY>k</BODY><COMMENT></COMMENT></POST>
<POST><USERNAME>guurly_guurl_1993</USERNAME><DATETIME>(03/31/07 5:03:04 pm)</DATETIME><BODY>brb have to let the dog out</BODY><COMMENT></COMMENT></POST>
<POST><USERNAME>cuteguyinoc2002</USERNAME><DATETIME>(03/31/07 5:03:07 pm)</DATETIME><BODY>k</BODY><COMMENT></COMMENT></POST>
<POST><USERNAME>guurly_guurl_1993</USERNAME><DATETIME>(03/31/07 5:07:04 pm)</DATETIME><BODY>kay</BODY><COMMENT></COMMENT></POST>
<POST><USERNAME>guurly_guurl_1993</USERNAME><DATETIME>(03/31/07 5:07:04 pm)</DATETIME><BODY>sorry</BODY><COMMENT></COMMENT></POST>
<POST><USERNAME>cuteguyinoc2002</USERNAME><DATETIME>(03/31/07 5:07:09 pm)</DATETIME><BODY>its ok</BODY><COMMENT></COMMENT></POST>
<POST><USERNAME>guurly_guurl_1993</USERNAME><DATETIME>(03/31/07 5:07:53 pm)</DATETIME><BODY>whats on ur brain</BODY><COMMENT></COMMENT></POST>
<POST><USERNAME>cuteguyinoc2002</USERNAME><DATETIME>(03/31/07 5:08:06 pm)</DATETIME><BODY>just staring at your pic</BODY><COMMENT></COMMENT></POST>
<POST><USERNAME>guurly_guurl_1993</USERNAME><DATETIME>(03/31/07 5:08:42 pm)</DATETIME><BODY>yeah</BODY><COMMENT></COMMENT></POST>
<POST><USERNAME>guurly_guurl_1993</USERNAME><DATETIME>(03/31/07 5:08:43 pm)</DATETIME><BODY>u like it</BODY><COMMENT></COMMENT></POST>
<POST><USERNAME>cuteguyinoc2002</USERNAME><DATETIME>(03/31/07 5:08:47 pm)</DATETIME><BODY>very</BODY><COMMENT></COMMENT></POST>
<POST><USERNAME>cuteguyinoc2002</USERNAME><DATETIME>(03/31/07 5:10:00 pm)</DATETIME><BODY>any idea in what u want to eat yet?</BODY><COMMENT></COMMENT></POST>
<POST><USERNAME>guurly_guurl_1993</USERNAME><DATETIME>(03/31/07 5:10:03 pm)</DATETIME><BODY>nope</BODY><COMMENT></COMMENT></POST>
<POST><USERNAME>guurly_guurl_1993</USERNAME><DATETIME>(03/31/07 5:10:04 pm)</DATETIME><BODY>i suck</BODY><COMMENT></COMMENT></POST>
<POST><USERNAME>guurly_guurl_1993</USERNAME><DATETIME>(03/31/07 5:10:12 pm)</DATETIME><BODY>stopped thinking about it when i let the dog out</BODY><COMMENT></COMMENT></POST>
<POST><USERNAME>cuteguyinoc2002</USERNAME><DATETIME>(03/31/07 5:10:31 pm)</DATETIME><BODY>was ur b/f nice to u?</BODY><COMMENT></COMMENT></POST>
<POST><USERNAME>guurly_guurl_1993</USERNAME><DATETIME>(03/31/07 5:10:38 pm)</DATETIME><BODY>yeah</BODY><COMMENT></COMMENT></POST>
<POST><USERNAME>guurly_guurl_1993</USERNAME><DATETIME>(03/31/07 5:10:45 pm)</DATETIME><BODY>but at the end he was more in to his games than anything</BODY><COMMENT></COMMENT></POST>
<POST><USERNAME>cuteguyinoc2002</USERNAME><DATETIME>(03/31/07 5:10:54 pm)</DATETIME><BODY>not good</BODY><COMMENT></COMMENT></POST>
<POST><USERNAME>guurly_guurl_1993</USERNAME><DATETIME>(03/31/07 5:11:07 pm)</DATETIME><BODY>yeah</BODY><COMMENT></COMMENT></POST>
<POST><USERNAME>cuteguyinoc2002</USERNAME><DATETIME>(03/31/07 5:11:46 pm)</DATETIME><BODY>im more into what the lady wants to do ..i like giving flowers</BODY><COMMENT></COMMENT></POST>
<POST><USERNAME>guurly_guurl_1993</USERNAME><DATETIME>(03/31/07 5:12:00 pm)</DATETIME><BODY>yeah?</BODY><COMMENT></COMMENT></POST>
<POST><USERNAME>guurly_guurl_1993</USERNAME><DATETIME>(03/31/07 5:12:02 pm)</DATETIME><BODY>i like flowers</BODY><COMMENT></COMMENT></POST>
<POST><USERNAME>cuteguyinoc2002</USERNAME><DATETIME>(03/31/07 5:12:14 pm)</DATETIME><BODY>nice</BODY><COMMENT></COMMENT></POST>
<POST><USERNAME>cuteguyinoc2002</USERNAME><DATETIME>(03/31/07 5:12:22 pm)</DATETIME><BODY>especially roses</BODY><COMMENT></COMMENT></POST>
<POST><USERNAME>guurly_guurl_1993</USERNAME><DATETIME>(03/31/07 5:12:27 pm)</DATETIME><BODY>tulips</BODY><COMMENT></COMMENT></POST>
<POST><USERNAME>guurly_guurl_1993</USERNAME><DATETIME>(03/31/07 5:12:30 pm)</DATETIME><BODY>i love tulips</BODY><COMMENT></COMMENT></POST>
<POST><USERNAME>cuteguyinoc2002</USERNAME><DATETIME>(03/31/07 5:12:35 pm)</DATETIME><BODY>k</BODY><COMMENT></COMMENT></POST>
<POST><USERNAME>cuteguyinoc2002</USERNAME><DATETIME>(03/31/07 5:12:49 pm)</DATETIME><BODY>tulips it is</BODY><COMMENT></COMMENT></POST>
<POST><USERNAME>guurly_guurl_1993</USERNAME><DATETIME>(03/31/07 5:13:01 pm)</DATETIME><BODY>lol</BODY><COMMENT></COMMENT></POST>
<POST><USERNAME>guurly_guurl_1993</USERNAME><DATETIME>(03/31/07 5:13:16 pm)</DATETIME><BODY>gonna give me flowers?</BODY><COMMENT></COMMENT></POST>
<POST><USERNAME>cuteguyinoc2002</USERNAME><DATETIME>(03/31/07 5:13:24 pm)</DATETIME><BODY>if u like me too?</BODY><COMMENT></COMMENT></POST>
<POST><USERNAME>guurly_guurl_1993</USERNAME><DATETIME>(03/31/07 5:13:30 pm)</DATETIME><BODY>how?</BODY><COMMENT></COMMENT></POST>
<POST><USERNAME>cuteguyinoc2002</USERNAME><DATETIME>(03/31/07 5:13:58 pm)</DATETIME><BODY>can give them to u whenever u want me too</BODY><COMMENT></COMMENT></POST>
<POST><USERNAME>guurly_guurl_1993</USERNAME><DATETIME>(03/31/07 5:15:07 pm)</DATETIME><BODY>mike, im bored</BODY><COMMENT></COMMENT></POST>
<POST><USERNAME>guurly_guurl_1993</USERNAME><DATETIME>(03/31/07 5:15:08 pm)</DATETIME><BODY>:(</BODY><COMMENT></COMMENT></POST>
<POST><USERNAME>cuteguyinoc2002</USERNAME><DATETIME>(03/31/07 5:15:11 pm)</DATETIME><BODY>me too</BODY><COMMENT></COMMENT></POST>
<POST><USERNAME>cuteguyinoc2002</USERNAME><DATETIME>(03/31/07 5:15:15 pm)</DATETIME><BODY>:(</BODY><COMMENT></COMMENT></POST>
<POST><USERNAME>cuteguyinoc2002</USERNAME><DATETIME>(03/31/07 5:15:37 pm)</DATETIME><BODY>i like to kiss and cuddle also</BODY><COMMENT></COMMENT></POST>
<POST><USERNAME>guurly_guurl_1993</USERNAME><DATETIME>(03/31/07 5:15:41 pm)</DATETIME><BODY>me too</BODY><COMMENT></COMMENT></POST>
<POST><USERNAME>guurly_guurl_1993</USERNAME><DATETIME>(03/31/07 5:15:49 pm)</DATETIME><BODY>but that gets old after a while u know?</BODY><COMMENT></COMMENT></POST>
<POST><USERNAME>cuteguyinoc2002</USERNAME><DATETIME>(03/31/07 5:16:05 pm)</DATETIME><BODY>i know</BODY><COMMENT></COMMENT></POST>
<POST><USERNAME>cuteguyinoc2002</USERNAME><DATETIME>(03/31/07 5:16:20 pm)</DATETIME><BODY>what else u like to do then?</BODY><COMMENT></COMMENT></POST>
<POST><USERNAME>guurly_guurl_1993</USERNAME><DATETIME>(03/31/07 5:16:33 pm)</DATETIME><BODY>i dunno</BODY><COMMENT></COMMENT></POST>
<POST><USERNAME>guurly_guurl_1993</USERNAME><DATETIME>(03/31/07 5:16:46 pm)</DATETIME><BODY>guess it depends on who im with</BODY><COMMENT></COMMENT></POST>
<POST><USERNAME>cuteguyinoc2002</USERNAME><DATETIME>(03/31/07 5:16:51 pm)</DATETIME><BODY>k</BODY><COMMENT></COMMENT></POST>
<POST><USERNAME>guurly_guurl_1993</USERNAME><DATETIME>(03/31/07 5:17:56 pm)</DATETIME><BODY>anyway, i guess i should go. cos im hungry</BODY><COMMENT></COMMENT></POST>
<POST><USERNAME>guurly_guurl_1993</USERNAME><DATETIME>(03/31/07 5:18:00 pm)</DATETIME><BODY>and bored</BODY><COMMENT></COMMENT></POST>
<POST><USERNAME>guurly_guurl_1993</USERNAME><DATETIME>(03/31/07 5:18:07 pm)</DATETIME><BODY>so i think im prolly boring u</BODY><COMMENT></COMMENT></POST>
<POST><USERNAME>cuteguyinoc2002</USERNAME><DATETIME>(03/31/07 5:18:12 pm)</DATETIME><BODY>never</BODY><COMMENT></COMMENT></POST>
<POST><USERNAME>cuteguyinoc2002</USERNAME><DATETIME>(03/31/07 5:18:25 pm)</DATETIME><BODY>so no friends to9 hang out with?</BODY><COMMENT></COMMENT></POST>
<POST><USERNAME>guurly_guurl_1993</USERNAME><DATETIME>(03/31/07 5:19:29 pm)</DATETIME><BODY>no</BODY><COMMENT></COMMENT></POST>
<POST><USERNAME>guurly_guurl_1993</USERNAME><DATETIME>(03/31/07 5:19:32 pm)</DATETIME><BODY>cos i just got here</BODY><COMMENT></COMMENT></POST>
<POST><USERNAME>guurly_guurl_1993</USERNAME><DATETIME>(03/31/07 5:19:34 pm)</DATETIME><BODY>u know</BODY><COMMENT></COMMENT></POST>
<POST><USERNAME>cuteguyinoc2002</USERNAME><DATETIME>(03/31/07 5:19:37 pm)</DATETIME><BODY>k</BODY><COMMENT></COMMENT></POST>
<POST><USERNAME>cuteguyinoc2002</USERNAME><DATETIME>(03/31/07 5:20:19 pm)</DATETIME><BODY>like the beach?</BODY><COMMENT></COMMENT></POST>
<POST><USERNAME>guurly_guurl_1993</USERNAME><DATETIME>(03/31/07 5:20:23 pm)</DATETIME><BODY>yep</BODY><COMMENT></COMMENT></POST>
<POST><USERNAME>guurly_guurl_1993</USERNAME><DATETIME>(03/31/07 5:20:26 pm)</DATETIME><BODY>live right on it</BODY><COMMENT></COMMENT></POST>
<POST><USERNAME>guurly_guurl_1993</USERNAME><DATETIME>(03/31/07 5:20:27 pm)</DATETIME><BODY>i love it</BODY><COMMENT></COMMENT></POST>
<POST><USERNAME>cuteguyinoc2002</USERNAME><DATETIME>(03/31/07 5:20:34 pm)</DATETIME><BODY>cool</BODY><COMMENT></COMMENT></POST>
<POST><USERNAME>cuteguyinoc2002</USERNAME><DATETIME>(03/31/07 5:20:46 pm)</DATETIME><BODY>love the beach at nite mostly</BODY><COMMENT></COMMENT></POST>
<POST><USERNAME>cuteguyinoc2002</USERNAME><DATETIME>(03/31/07 5:21:58 pm)</DATETIME><BODY>dont like sports?</BODY><COMMENT></COMMENT></POST>
<POST><USERNAME>guurly_guurl_1993</USERNAME><DATETIME>(03/31/07 5:22:09 pm)</DATETIME><BODY>some</BODY><COMMENT></COMMENT></POST>
<POST><USERNAME>guurly_guurl_1993</USERNAME><DATETIME>(03/31/07 5:22:14 pm)</DATETIME><BODY>like hockey</BODY><COMMENT></COMMENT></POST>
<POST><USERNAME>guurly_guurl_1993</USERNAME><DATETIME>(03/31/07 5:22:20 pm)</DATETIME><BODY>the fights crack me up</BODY><COMMENT></COMMENT></POST>
<POST><USERNAME>cuteguyinoc2002</USERNAME><DATETIME>(03/31/07 5:22:28 pm)</DATETIME><BODY>:))</BODY><COMMENT></COMMENT></POST>
<POST><USERNAME>cuteguyinoc2002</USERNAME><DATETIME>(03/31/07 5:23:00 pm)</DATETIME><BODY>like to play tennis, roller blade, all kinds of sports,</BODY><COMMENT></COMMENT></POST>
<POST><USERNAME>cuteguyinoc2002</USERNAME><DATETIME>(03/31/07 5:23:09 pm)</DATETIME><BODY>shoot pool</BODY><COMMENT></COMMENT></POST>
<POST><USERNAME>guurly_guurl_1993</USERNAME><DATETIME>(03/31/07 5:23:15 pm)</DATETIME><BODY>i play slop</BODY><COMMENT></COMMENT></POST>
<POST><USERNAME>guurly_guurl_1993</USERNAME><DATETIME>(03/31/07 5:23:16 pm)</DATETIME><BODY>lol</BODY><COMMENT></COMMENT></POST>
<POST><USERNAME>guurly_guurl_1993</USERNAME><DATETIME>(03/31/07 5:23:28 pm)</DATETIME><BODY>anyway it gets in the hole is good for me</BODY><COMMENT></COMMENT></POST>
<POST><USERNAME>cuteguyinoc2002</USERNAME><DATETIME>(03/31/07 5:24:06 pm)</DATETIME><BODY>thats cool</BODY><COMMENT></COMMENT></POST>
<POST><USERNAME>cuteguyinoc2002</USERNAME><DATETIME>(03/31/07 5:24:23 pm)</DATETIME><BODY>i like to bowl and play miniature golf</BODY><COMMENT></COMMENT></POST>
<POST><USERNAME>guurly_guurl_1993</USERNAME><DATETIME>(03/31/07 5:24:37 pm)</DATETIME><BODY>cool</BODY><COMMENT></COMMENT></POST>
<POST><USERNAME>guurly_guurl_1993</USERNAME><DATETIME>(03/31/07 5:24:52 pm)</DATETIME><BODY>if i get a hundred points on bowling it would be a record</BODY><COMMENT></COMMENT></POST>
<POST><USERNAME>cuteguyinoc2002</USERNAME><DATETIME>(03/31/07 5:25:07 pm)</DATETIME><BODY>my highest so far is 234</BODY><COMMENT></COMMENT></POST>
<POST><USERNAME>guurly_guurl_1993</USERNAME><DATETIME>(03/31/07 5:25:14 pm)</DATETIME><BODY>holy crud</BODY><COMMENT></COMMENT></POST>
<POST><USERNAME>guurly_guurl_1993</USERNAME><DATETIME>(03/31/07 5:25:19 pm)</DATETIME><BODY>i couldnt get taht with bumpers</BODY><COMMENT></COMMENT></POST>
<POST><USERNAME>guurly_guurl_1993</USERNAME><DATETIME>(03/31/07 5:25:19 pm)</DATETIME><BODY>lol</BODY><COMMENT></COMMENT></POST>
<POST><USERNAME>cuteguyinoc2002</USERNAME><DATETIME>(03/31/07 5:27:42 pm)</DATETIME><BODY>so how long is ur mom gone for in vegas?</BODY><COMMENT></COMMENT></POST>
<POST><USERNAME>guurly_guurl_1993</USERNAME><DATETIME>(03/31/07 5:28:26 pm)</DATETIME><BODY>til monday</BODY><COMMENT></COMMENT></POST>
<POST><USERNAME>guurly_guurl_1993</USERNAME><DATETIME>(03/31/07 5:29:31 pm)</DATETIME><BODY>why?</BODY><COMMENT></COMMENT></POST>
<POST><USERNAME>cuteguyinoc2002</USERNAME><DATETIME>(03/31/07 5:29:53 pm)</DATETIME><BODY>was just asking</BODY><COMMENT></COMMENT></POST>
<POST><USERNAME>cuteguyinoc2002</USERNAME><DATETIME>(03/31/07 5:30:03 pm)</DATETIME><BODY>does she call u every day?</BODY><COMMENT></COMMENT></POST>
<POST><USERNAME>guurly_guurl_1993</USERNAME><DATETIME>(03/31/07 5:30:08 pm)</DATETIME><BODY>yeah?</BODY><COMMENT></COMMENT></POST>
<POST><USERNAME>cuteguyinoc2002</USERNAME><DATETIME>(03/31/07 5:30:14 pm)</DATETIME><BODY>nice</BODY><COMMENT></COMMENT></POST>
<POST><USERNAME>cuteguyinoc2002</USERNAME><DATETIME>(03/31/07 5:30:42 pm)</DATETIME><BODY>i have been to florida, bermuda, st. thomas, hawaii and canada and myrtle beacyh</BODY><COMMENT></COMMENT></POST>
<POST><USERNAME>guurly_guurl_1993</USERNAME><DATETIME>(03/31/07 5:32:00 pm)</DATETIME><BODY>wow</BODY><COMMENT></COMMENT></POST>
<POST><USERNAME>guurly_guurl_1993</USERNAME><DATETIME>(03/31/07 5:32:06 pm)</DATETIME><BODY>ive been to washington and nj</BODY><COMMENT></COMMENT></POST>
<POST><USERNAME>cuteguyinoc2002</USERNAME><DATETIME>(03/31/07 5:32:14 pm)</DATETIME><BODY>k</BODY><COMMENT></COMMENT></POST>
<POST><USERNAME>guurly_guurl_1993</USERNAME><DATETIME>(03/31/07 5:32:49 pm)</DATETIME><BODY>exciting life i lead huh?</BODY><COMMENT></COMMENT></POST>
<POST><USERNAME>cuteguyinoc2002</USERNAME><DATETIME>(03/31/07 5:33:13 pm)</DATETIME><BODY>yeah..but as u get older it will get better</BODY><COMMENT></COMMENT></POST>
<POST><USERNAME>guurly_guurl_1993</USERNAME><DATETIME>(03/31/07 5:33:23 pm)</DATETIME><BODY>i hope so</BODY><COMMENT></COMMENT></POST>
<POST><USERNAME>cuteguyinoc2002</USERNAME><DATETIME>(03/31/07 5:33:38 pm)</DATETIME><BODY>it will and u will have ur license and a car</BODY><COMMENT></COMMENT></POST>
<POST><USERNAME>cuteguyinoc2002</USERNAME><DATETIME>(03/31/07 5:35:36 pm)</DATETIME><BODY>and u and ur friends will lots of fun</BODY><COMMENT></COMMENT></POST>
<POST><USERNAME>cuteguyinoc2002</USERNAME><DATETIME>(03/31/07 5:36:09 pm)</DATETIME><BODY>i think ur a very cool person</BODY><COMMENT></COMMENT></POST>
<POST><USERNAME>guurly_guurl_1993</USERNAME><DATETIME>(03/31/07 5:36:21 pm)</DATETIME><BODY>tyvm</BODY><COMMENT></COMMENT></POST>
<POST><USERNAME>guurly_guurl_1993</USERNAME><DATETIME>(03/31/07 5:36:26 pm)</DATETIME><BODY>i think u r too</BODY><COMMENT></COMMENT></POST>
<POST><USERNAME>cuteguyinoc2002</USERNAME><DATETIME>(03/31/07 5:36:31 pm)</DATETIME><BODY>ty</BODY><COMMENT></COMMENT></POST>
<POST><USERNAME>cuteguyinoc2002</USERNAME><DATETIME>(03/31/07 5:36:56 pm)</DATETIME><BODY>so whats ur best subject in school?</BODY><COMMENT></COMMENT></POST>
<POST><USERNAME>guurly_guurl_1993</USERNAME><DATETIME>(03/31/07 5:37:30 pm)</DATETIME><BODY>english and math</BODY><COMMENT></COMMENT></POST>
<POST><USERNAME>cuteguyinoc2002</USERNAME><DATETIME>(03/31/07 5:38:44 pm)</DATETIME><BODY>i loved math</BODY><COMMENT></COMMENT></POST>
<POST><USERNAME>cuteguyinoc2002</USERNAME><DATETIME>(03/31/07 5:39:10 pm)</DATETIME><BODY>had mostly all as in math</BODY><COMMENT></COMMENT></POST>
<POST><USERNAME>guurly_guurl_1993</USERNAME><DATETIME>(03/31/07 5:39:23 pm)</DATETIME><BODY>cool</BODY><COMMENT></COMMENT></POST>
<POST><USERNAME>guurly_guurl_1993</USERNAME><DATETIME>(03/31/07 5:39:24 pm)</DATETIME><BODY>brb</BODY><COMMENT></COMMENT></POST>
<POST><USERNAME>cuteguyinoc2002</USERNAME><DATETIME>(03/31/07 5:39:31 pm)</DATETIME><BODY>ill be here</BODY><COMMENT></COMMENT></POST>
<POST><USERNAME>guurly_guurl_1993</USERNAME><DATETIME>(03/31/07 5:46:23 pm)</DATETIME><BODY>sory</BODY><COMMENT></COMMENT></POST>
<POST><USERNAME>guurly_guurl_1993</USERNAME><DATETIME>(03/31/07 5:46:24 pm)</DATETIME><BODY>sorry</BODY><COMMENT></COMMENT></POST>
<POST><USERNAME>guurly_guurl_1993</USERNAME><DATETIME>(03/31/07 5:46:27 pm)</DATETIME><BODY>had to let the dog back out</BODY><COMMENT></COMMENT></POST>
<POST><USERNAME>cuteguyinoc2002</USERNAME><DATETIME>(03/31/07 5:46:45 pm)</DATETIME><BODY>its ok</BODY><COMMENT></COMMENT></POST>
<POST><USERNAME>cuteguyinoc2002</USERNAME><DATETIME>(03/31/07 5:47:02 pm)</DATETIME><BODY>hows the dog?</BODY><COMMENT></COMMENT></POST>
<POST><USERNAME>guurly_guurl_1993</USERNAME><DATETIME>(03/31/07 5:47:16 pm)</DATETIME><BODY>im gonna stop giving her water dammit</BODY><COMMENT></COMMENT></POST>
<POST><USERNAME>guurly_guurl_1993</USERNAME><DATETIME>(03/31/07 5:47:16 pm)</DATETIME><BODY>lol</BODY><COMMENT></COMMENT></POST>
<POST><USERNAME>cuteguyinoc2002</USERNAME><DATETIME>(03/31/07 5:47:32 pm)</DATETIME><BODY>like music?</BODY><COMMENT></COMMENT></POST>
<POST><USERNAME>guurly_guurl_1993</USERNAME><DATETIME>(03/31/07 5:51:21 pm)</DATETIME><BODY>all kinds</BODY><COMMENT></COMMENT></POST>
<POST><USERNAME>cuteguyinoc2002</USERNAME><DATETIME>(03/31/07 5:51:27 pm)</DATETIME><BODY>me too</BODY><COMMENT></COMMENT></POST>
<POST><USERNAME>cuteguyinoc2002</USERNAME><DATETIME>(03/31/07 5:51:39 pm)</DATETIME><BODY>have a favorite band or singer?</BODY><COMMENT></COMMENT></POST>
<POST><USERNAME>guurly_guurl_1993</USERNAME><DATETIME>(03/31/07 5:52:07 pm)</DATETIME><BODY>um</BODY><COMMENT></COMMENT></POST>
<POST><USERNAME>guurly_guurl_1993</USERNAME><DATETIME>(03/31/07 5:52:19 pm)</DATETIME><BODY>i like justin</BODY><COMMENT></COMMENT></POST>
<POST><USERNAME>guurly_guurl_1993</USERNAME><DATETIME>(03/31/07 5:52:21 pm)</DATETIME><BODY>of course</BODY><COMMENT></COMMENT></POST>
<POST><USERNAME>guurly_guurl_1993</USERNAME><DATETIME>(03/31/07 5:52:21 pm)</DATETIME><BODY>lol</BODY><COMMENT></COMMENT></POST>
<POST><USERNAME>guurly_guurl_1993</USERNAME><DATETIME>(03/31/07 5:52:22 pm)</DATETIME><BODY>and ush</BODY><COMMENT></COMMENT></POST>
<POST><USERNAME>guurly_guurl_1993</USERNAME><DATETIME>(03/31/07 5:52:23 pm)</DATETIME><BODY>usher</BODY><COMMENT></COMMENT></POST>
<POST><USERNAME>cuteguyinoc2002</USERNAME><DATETIME>(03/31/07 5:52:31 pm)</DATETIME><BODY>sexy back</BODY><COMMENT></COMMENT></POST>
<POST><USERNAME>cuteguyinoc2002</USERNAME><DATETIME>(03/31/07 5:52:47 pm)</DATETIME><BODY>cool song</BODY><COMMENT></COMMENT></POST>
<POST><USERNAME>guurly_guurl_1993</USERNAME><DATETIME>(03/31/07 5:53:20 pm)</DATETIME><BODY>yeah</BODY><COMMENT></COMMENT></POST>
<POST><USERNAME>cuteguyinoc2002</USERNAME><DATETIME>(03/31/07 5:54:19 pm)</DATETIME><BODY>i also like to bike</BODY><COMMENT></COMMENT></POST>
<POST><USERNAME>cuteguyinoc2002</USERNAME><DATETIME>(03/31/07 5:55:04 pm)</DATETIME><BODY>sometimes i like to bake</BODY><COMMENT></COMMENT></POST>
<POST><USERNAME>cuteguyinoc2002</USERNAME><DATETIME>(03/31/07 5:57:29 pm)</DATETIME><BODY>:-*:d:-*:d:-*</BODY><COMMENT></COMMENT></POST>
<POST><USERNAME>guurly_guurl_1993</USERNAME><DATETIME>(03/31/07 5:58:31 pm)</DATETIME><BODY>brb</BODY><COMMENT></COMMENT></POST>
<POST><USERNAME>guurly_guurl_1993</USERNAME><DATETIME>(03/31/07 5:58:38 pm)</DATETIME><BODY>baking made me realize im hungry</BODY><COMMENT></COMMENT></POST>
<POST><USERNAME>cuteguyinoc2002</USERNAME><DATETIME>(03/31/07 5:58:45 pm)</DATETIME><BODY>im sry</BODY><COMMENT></COMMENT></POST>
<POST><USERNAME>guurly_guurl_1993</USERNAME><DATETIME>(03/31/07 6:00:46 pm)</DATETIME><BODY>its okay</BODY><COMMENT></COMMENT></POST>
<POST><USERNAME>guurly_guurl_1993</USERNAME><DATETIME>(03/31/07 6:00:47 pm)</DATETIME><BODY>lol</BODY><COMMENT></COMMENT></POST>
<POST><USERNAME>guurly_guurl_1993</USERNAME><DATETIME>(03/31/07 6:00:50 pm)</DATETIME><BODY>so whats up?</BODY><COMMENT></COMMENT></POST>
<POST><USERNAME>cuteguyinoc2002</USERNAME><DATETIME>(03/31/07 6:01:07 pm)</DATETIME><BODY>nothing much really hun</BODY><COMMENT></COMMENT></POST>
<POST><USERNAME>cuteguyinoc2002</USERNAME><DATETIME>(03/31/07 6:02:10 pm)</DATETIME><BODY>just want to say i do have a couple of more pics but i am a very nice guy .</BODY><COMMENT></COMMENT></POST>
<POST><USERNAME>cuteguyinoc2002</USERNAME><DATETIME>(03/31/07 6:02:56 pm)</DATETIME><BODY>cause the pics r nude pics just didnt want to say nothing and have u think of me differently..i am a very nice person</BODY><COMMENT></COMMENT></POST>
<POST><USERNAME>guurly_guurl_1993</USERNAME><DATETIME>(03/31/07 6:03:54 pm)</DATETIME><BODY>i know u r</BODY><COMMENT></COMMENT></POST>
<POST><USERNAME>guurly_guurl_1993</USERNAME><DATETIME>(03/31/07 6:03:58 pm)</DATETIME><BODY>do u want me to see them?</BODY><COMMENT></COMMENT></POST>
<POST><USERNAME>cuteguyinoc2002</USERNAME><DATETIME>(03/31/07 6:04:04 pm)</DATETIME><BODY>if u like to</BODY><COMMENT></COMMENT></POST>
<POST><USERNAME>guurly_guurl_1993</USERNAME><DATETIME>(03/31/07 6:04:41 pm)</DATETIME><BODY>that would be cool</BODY><COMMENT></COMMENT></POST>
<POST><USERNAME>cuteguyinoc2002</USERNAME><DATETIME>(03/31/07 6:04:57 pm)</DATETIME><BODY>would u be interested in seeing them? seeing me in the nude? they r pics of my lower half</BODY><COMMENT></COMMENT></POST>
<POST><USERNAME>guurly_guurl_1993</USERNAME><DATETIME>(03/31/07 6:05:04 pm)</DATETIME><BODY>that[s cool</BODY><COMMENT></COMMENT></POST>
<POST><USERNAME>guurly_guurl_1993</USERNAME><DATETIME>(03/31/07 6:05:10 pm)</DATETIME><BODY>i mean im not in to the fakey fakey stuff</BODY><COMMENT></COMMENT></POST>
<POST><USERNAME>guurly_guurl_1993</USERNAME><DATETIME>(03/31/07 6:05:12 pm)</DATETIME><BODY>but it could be cool</BODY><COMMENT></COMMENT></POST>
<POST><USERNAME>cuteguyinoc2002</USERNAME><DATETIME>(03/31/07 6:07:52 pm)</DATETIME><BODY>hope u like it</BODY><COMMENT></COMMENT></POST>
<POST><USERNAME>guurly_guurl_1993</USERNAME><DATETIME>(03/31/07 6:08:07 pm)</DATETIME><BODY>i dont have nay pics like that</BODY><COMMENT></COMMENT></POST>
<POST><USERNAME>cuteguyinoc2002</USERNAME><DATETIME>(03/31/07 6:08:16 pm)</DATETIME><BODY>its ok</BODY><COMMENT></COMMENT></POST>
<POST><USERNAME>cuteguyinoc2002</USERNAME><DATETIME>(03/31/07 6:08:23 pm)</DATETIME><BODY>like the pic?</BODY><COMMENT></COMMENT></POST>
<POST><USERNAME>guurly_guurl_1993</USERNAME><DATETIME>(03/31/07 6:08:32 pm)</DATETIME><BODY>yeah</BODY><COMMENT></COMMENT></POST>
<POST><USERNAME>cuteguyinoc2002</USERNAME><DATETIME>(03/31/07 6:09:00 pm)</DATETIME><BODY>and this one?</BODY><COMMENT></COMMENT></POST>
<POST><USERNAME>cuteguyinoc2002</USERNAME><DATETIME>(03/31/07 6:09:37 pm)</DATETIME><BODY>did i embarass u?</BODY><COMMENT></COMMENT></POST>
<POST><USERNAME>guurly_guurl_1993</USERNAME><DATETIME>(03/31/07 6:09:59 pm)</DATETIME><BODY>no i was just thinking it was hot</BODY><COMMENT></COMMENT></POST>
<POST><USERNAME>cuteguyinoc2002</USERNAME><DATETIME>(03/31/07 6:10:06 pm)</DATETIME><BODY>ty</BODY><COMMENT></COMMENT></POST>
<POST><USERNAME>guurly_guurl_1993</USERNAME><DATETIME>(03/31/07 6:10:13 pm)</DATETIME><BODY>yw</BODY><COMMENT></COMMENT></POST>
<POST><USERNAME>cuteguyinoc2002</USERNAME><DATETIME>(03/31/07 6:10:15 pm)</DATETIME><BODY>licked ur lips?</BODY><COMMENT></COMMENT></POST>
<POST><USERNAME>guurly_guurl_1993</USERNAME><DATETIME>(03/31/07 6:10:19 pm)</DATETIME><BODY>maybe</BODY><COMMENT></COMMENT></POST>
<POST><USERNAME>guurly_guurl_1993</USERNAME><DATETIME>(03/31/07 6:10:24 pm)</DATETIME><BODY>;)</BODY><COMMENT></COMMENT></POST>
<POST><USERNAME>guurly_guurl_1993</USERNAME><DATETIME>(03/31/07 6:10:52 pm)</DATETIME><BODY>whatcha thinking?</BODY><COMMENT></COMMENT></POST>
<POST><USERNAME>cuteguyinoc2002</USERNAME><DATETIME>(03/31/07 6:11:26 pm)</DATETIME><BODY>nothing much...just smiling cause u like me</BODY><COMMENT></COMMENT></POST>
<POST><USERNAME>guurly_guurl_1993</USERNAME><DATETIME>(03/31/07 6:11:58 pm)</DATETIME><BODY>yeah i do</BODY><COMMENT></COMMENT></POST>
<POST><USERNAME>guurly_guurl_1993</USERNAME><DATETIME>(03/31/07 6:12:03 pm)</DATETIME><BODY>u prolly think im a dork</BODY><COMMENT></COMMENT></POST>
<POST><USERNAME>cuteguyinoc2002</USERNAME><DATETIME>(03/31/07 6:12:13 pm)</DATETIME><BODY>would never think that</BODY><COMMENT></COMMENT></POST>
<POST><USERNAME>cuteguyinoc2002</USERNAME><DATETIME>(03/31/07 6:12:34 pm)</DATETIME><BODY>ur very pretty</BODY><COMMENT></COMMENT></POST>
<POST><USERNAME>guurly_guurl_1993</USERNAME><DATETIME>(03/31/07 6:12:51 pm)</DATETIME><BODY>tyvm</BODY><COMMENT></COMMENT></POST>
<POST><USERNAME>cuteguyinoc2002</USERNAME><DATETIME>(03/31/07 6:12:53 pm)</DATETIME><BODY>and lot of fun to be with</BODY><COMMENT></COMMENT></POST>
<POST><USERNAME>guurly_guurl_1993</USERNAME><DATETIME>(03/31/07 6:13:05 pm)</DATETIME><BODY>u think?</BODY><COMMENT></COMMENT></POST>
<POST><USERNAME>cuteguyinoc2002</USERNAME><DATETIME>(03/31/07 6:13:11 pm)</DATETIME><BODY>yea i do</BODY><COMMENT></COMMENT></POST>
<POST><USERNAME>guurly_guurl_1993</USERNAME><DATETIME>(03/31/07 6:13:28 pm)</DATETIME><BODY>what else do u think</BODY><COMMENT></COMMENT></POST>
<POST><USERNAME>cuteguyinoc2002</USERNAME><DATETIME>(03/31/07 6:14:11 pm)</DATETIME><BODY>i think we have alot in common yowards interests</BODY><COMMENT></COMMENT></POST>
<POST><USERNAME>cuteguyinoc2002</USERNAME><DATETIME>(03/31/07 6:14:18 pm)</DATETIME><BODY>towards</BODY><COMMENT></COMMENT></POST>
<POST><USERNAME>cuteguyinoc2002</USERNAME><DATETIME>(03/31/07 6:14:41 pm)</DATETIME><BODY>just wish i was alot younger though</BODY><COMMENT></COMMENT></POST>
<POST><USERNAME>guurly_guurl_1993</USERNAME><DATETIME>(03/31/07 6:14:46 pm)</DATETIME><BODY>why?</BODY><COMMENT></COMMENT></POST>
<POST><USERNAME>guurly_guurl_1993</USERNAME><DATETIME>(03/31/07 6:14:52 pm)</DATETIME><BODY>why do u have to be younger?</BODY><COMMENT></COMMENT></POST>
<POST><USERNAME>cuteguyinoc2002</USERNAME><DATETIME>(03/31/07 6:15:13 pm)</DATETIME><BODY>cause ur 13 and i wish i was still in my teens for u</BODY><COMMENT></COMMENT></POST>
<POST><USERNAME>guurly_guurl_1993</USERNAME><DATETIME>(03/31/07 6:15:18 pm)</DATETIME><BODY>why?</BODY><COMMENT></COMMENT></POST>
<POST><USERNAME>guurly_guurl_1993</USERNAME><DATETIME>(03/31/07 6:15:31 pm)</DATETIME><BODY>then ud be a playing games</BODY><COMMENT></COMMENT></POST>
<POST><USERNAME>cuteguyinoc2002</USERNAME><DATETIME>(03/31/07 6:15:41 pm)</DATETIME><BODY>i be playing games with u</BODY><COMMENT></COMMENT></POST>
<POST><USERNAME>cuteguyinoc2002</USERNAME><DATETIME>(03/31/07 6:16:16 pm)</DATETIME><BODY>beaching at nite with u and walking in the park holding ur hand</BODY><COMMENT></COMMENT></POST>
<POST><USERNAME>guurly_guurl_1993</USERNAME><DATETIME>(03/31/07 6:16:25 pm)</DATETIME><BODY>that would be cool</BODY><COMMENT></COMMENT></POST>
<POST><USERNAME>cuteguyinoc2002</USERNAME><DATETIME>(03/31/07 6:16:35 pm)</DATETIME><BODY>going places and enjoying each other</BODY><COMMENT></COMMENT></POST>
<POST><USERNAME>guurly_guurl_1993</USERNAME><DATETIME>(03/31/07 6:16:44 pm)</DATETIME><BODY>how would u enjoy me</BODY><COMMENT></COMMENT></POST>
<POST><USERNAME>cuteguyinoc2002</USERNAME><DATETIME>(03/31/07 6:17:25 pm)</DATETIME><BODY>just being with you and ur happiness in doing things</BODY><COMMENT></COMMENT></POST>
<POST><USERNAME>cuteguyinoc2002</USERNAME><DATETIME>(03/31/07 6:17:44 pm)</DATETIME><BODY>give u tulips everyb week</BODY><COMMENT></COMMENT></POST>
<POST><USERNAME>guurly_guurl_1993</USERNAME><DATETIME>(03/31/07 6:18:15 pm)</DATETIME><BODY>ure so sweet</BODY><COMMENT></COMMENT></POST>
<POST><USERNAME>cuteguyinoc2002</USERNAME><DATETIME>(03/31/07 6:18:39 pm)</DATETIME><BODY>tyvm</BODY><COMMENT></COMMENT></POST>
<POST><USERNAME>guurly_guurl_1993</USERNAME><DATETIME>(03/31/07 6:19:08 pm)</DATETIME><BODY>ywvm</BODY><COMMENT></COMMENT></POST>
<POST><USERNAME>cuteguyinoc2002</USERNAME><DATETIME>(03/31/07 6:19:16 pm)</DATETIME><BODY>:)</BODY><COMMENT></COMMENT></POST>
<POST><USERNAME>cuteguyinoc2002</USERNAME><DATETIME>(03/31/07 6:19:48 pm)</DATETIME><BODY>we could listen to music together and watch movies...</BODY><COMMENT></COMMENT></POST>
<POST><USERNAME>cuteguyinoc2002</USERNAME><DATETIME>(03/31/07 6:20:59 pm)</DATETIME><BODY>what u thinking?</BODY><COMMENT></COMMENT></POST>
<POST><USERNAME>guurly_guurl_1993</USERNAME><DATETIME>(03/31/07 6:21:04 pm)</DATETIME><BODY>that that could be cool</BODY><COMMENT></COMMENT></POST>
<POST><USERNAME>cuteguyinoc2002</USERNAME><DATETIME>(03/31/07 6:21:27 pm)</DATETIME><BODY>give u lots of kisses</BODY><COMMENT></COMMENT></POST>
<POST><USERNAME>cuteguyinoc2002</USERNAME><DATETIME>(03/31/07 6:21:55 pm)</DATETIME><BODY>still looking at my pic?</BODY><COMMENT></COMMENT></POST>
<POST><USERNAME>guurly_guurl_1993</USERNAME><DATETIME>(03/31/07 6:22:24 pm)</DATETIME><BODY>yeah</BODY><COMMENT></COMMENT></POST>
<POST><USERNAME>cuteguyinoc2002</USERNAME><DATETIME>(03/31/07 6:22:32 pm)</DATETIME><BODY>nice</BODY><COMMENT></COMMENT></POST>
<POST><USERNAME>cuteguyinoc2002</USERNAME><DATETIME>(03/31/07 6:22:46 pm)</DATETIME><BODY>and what r u thinking as ur looking at it?</BODY><COMMENT></COMMENT></POST>
<POST><USERNAME>guurly_guurl_1993</USERNAME><DATETIME>(03/31/07 6:22:57 pm)</DATETIME><BODY>its just hot</BODY><COMMENT></COMMENT></POST>
<POST><USERNAME>cuteguyinoc2002</USERNAME><DATETIME>(03/31/07 6:23:37 pm)</DATETIME><BODY>and ur hott too</BODY><COMMENT></COMMENT></POST>
<POST><USERNAME>guurly_guurl_1993</USERNAME><DATETIME>(03/31/07 6:23:54 pm)</DATETIME><BODY>not like that though</BODY><COMMENT></COMMENT></POST>
<POST><USERNAME>cuteguyinoc2002</USERNAME><DATETIME>(03/31/07 6:24:00 pm)</DATETIME><BODY>k</BODY><COMMENT></COMMENT></POST>
<POST><USERNAME>cuteguyinoc2002</USERNAME><DATETIME>(03/31/07 6:24:03 pm)</DATETIME><BODY>i know</BODY><COMMENT></COMMENT></POST>
<POST><USERNAME>cuteguyinoc2002</USERNAME><DATETIME>(03/31/07 6:24:58 pm)</DATETIME><BODY>im just saying in general that ur very hot</BODY><COMMENT></COMMENT></POST>
<POST><USERNAME>guurly_guurl_1993</USERNAME><DATETIME>(03/31/07 6:25:23 pm)</DATETIME><BODY>im bored mike</BODY><COMMENT></COMMENT></POST>
<POST><USERNAME>guurly_guurl_1993</USERNAME><DATETIME>(03/31/07 6:25:24 pm)</DATETIME><BODY>:(</BODY><COMMENT></COMMENT></POST>
<POST><USERNAME>cuteguyinoc2002</USERNAME><DATETIME>(03/31/07 6:26:19 pm)</DATETIME><BODY>so am i</BODY><COMMENT></COMMENT></POST>
<POST><USERNAME>guurly_guurl_1993</USERNAME><DATETIME>(03/31/07 6:26:28 pm)</DATETIME><BODY>sucks to be us</BODY><COMMENT></COMMENT></POST>
<POST><USERNAME>cuteguyinoc2002</USERNAME><DATETIME>(03/31/07 6:26:38 pm)</DATETIME><BODY>wish i was with u so we can do something together and not be bored</BODY><COMMENT></COMMENT></POST>
<POST><USERNAME>guurly_guurl_1993</USERNAME><DATETIME>(03/31/07 6:26:58 pm)</DATETIME><BODY>do u really?</BODY><COMMENT></COMMENT></POST>
<POST><USERNAME>guurly_guurl_1993</USERNAME><DATETIME>(03/31/07 6:27:01 pm)</DATETIME><BODY>do u want to</BODY><COMMENT></COMMENT></POST>
<POST><USERNAME>guurly_guurl_1993</USERNAME><DATETIME>(03/31/07 6:27:06 pm)</DATETIME><BODY>in real life?</BODY><COMMENT></COMMENT></POST>
<POST><USERNAME>cuteguyinoc2002</USERNAME><DATETIME>(03/31/07 6:27:18 pm)</DATETIME><BODY>yes i do..if u like me too</BODY><COMMENT></COMMENT></POST>
<POST><USERNAME>guurly_guurl_1993</USERNAME><DATETIME>(03/31/07 6:27:41 pm)</DATETIME><BODY>whatcha want to do</BODY><COMMENT></COMMENT></POST>
<POST><USERNAME>guurly_guurl_1993</USERNAME><DATETIME>(03/31/07 6:27:42 pm)</DATETIME><BODY>?</BODY><COMMENT></COMMENT></POST>
<POST><USERNAME>cuteguyinoc2002</USERNAME><DATETIME>(03/31/07 6:27:55 pm)</DATETIME><BODY>anything u want to do</BODY><COMMENT></COMMENT></POST>
<POST><USERNAME>cuteguyinoc2002</USERNAME><DATETIME>(03/31/07 6:28:16 pm)</DATETIME><BODY>ladys choice</BODY><COMMENT></COMMENT></POST>
<POST><USERNAME>guurly_guurl_1993</USERNAME><DATETIME>(03/31/07 6:28:20 pm)</DATETIME><BODY>whatever</BODY><COMMENT></COMMENT></POST>
<POST><USERNAME>guurly_guurl_1993</USERNAME><DATETIME>(03/31/07 6:28:26 pm)</DATETIME><BODY>ure the guest</BODY><COMMENT></COMMENT></POST>
<POST><USERNAME>guurly_guurl_1993</USERNAME><DATETIME>(03/31/07 6:29:00 pm)</DATETIME><BODY>but if u dont know what u want</BODY><COMMENT></COMMENT></POST>
<POST><USERNAME>guurly_guurl_1993</USERNAME><DATETIME>(03/31/07 6:29:06 pm)</DATETIME><BODY>then i guess theres no reason to come ove</BODY><COMMENT></COMMENT></POST>
<POST><USERNAME>guurly_guurl_1993</USERNAME><DATETIME>(03/31/07 6:29:07 pm)</DATETIME><BODY>r</BODY><COMMENT></COMMENT></POST>
<POST><USERNAME>guurly_guurl_1993</USERNAME><DATETIME>(03/31/07 6:29:08 pm)</DATETIME><BODY>u know</BODY><COMMENT></COMMENT></POST>
<POST><USERNAME>cuteguyinoc2002</USERNAME><DATETIME>(03/31/07 6:29:22 pm)</DATETIME><BODY>well the first thing i would like to do is buy u a very pretty tulip and give u a verey nice kiss</BODY><COMMENT></COMMENT></POST>
<POST><USERNAME>guurly_guurl_1993</USERNAME><DATETIME>(03/31/07 6:29:36 pm)</DATETIME><BODY>and the very nexgt thing?</BODY><COMMENT></COMMENT></POST>
<POST><USERNAME>cuteguyinoc2002</USERNAME><DATETIME>(03/31/07 6:30:09 pm)</DATETIME><BODY>put some music on and hold hands and hug i guess and kiss you alittle mnore</BODY><COMMENT></COMMENT></POST>
<POST><USERNAME>cuteguyinoc2002</USERNAME><DATETIME>(03/31/07 6:30:43 pm)</DATETIME><BODY>or watch some tv</BODY><COMMENT></COMMENT></POST>
<POST><USERNAME>guurly_guurl_1993</USERNAME><DATETIME>(03/31/07 6:31:12 pm)</DATETIME><BODY>snugglings cool</BODY><COMMENT></COMMENT></POST>
<POST><USERNAME>guurly_guurl_1993</USERNAME><DATETIME>(03/31/07 6:31:17 pm)</DATETIME><BODY>gets boring</BODY><COMMENT></COMMENT></POST>
<POST><USERNAME>guurly_guurl_1993</USERNAME><DATETIME>(03/31/07 6:31:19 pm)</DATETIME><BODY>but its cool</BODY><COMMENT></COMMENT></POST>
<POST><USERNAME>cuteguyinoc2002</USERNAME><DATETIME>(03/31/07 6:31:33 pm)</DATETIME><BODY>like some kisses all over then?</BODY><COMMENT></COMMENT></POST>
<POST><USERNAME>guurly_guurl_1993</USERNAME><DATETIME>(03/31/07 6:32:08 pm)</DATETIME><BODY>if u like that yeah</BODY><COMMENT></COMMENT></POST>
<POST><USERNAME>cuteguyinoc2002</USERNAME><DATETIME>(03/31/07 6:32:20 pm)</DATETIME><BODY>whereabouts in brick r u?</BODY><COMMENT></COMMENT></POST>
<POST><USERNAME>cuteguyinoc2002</USERNAME><DATETIME>(03/31/07 6:32:37 pm)</DATETIME><BODY>near brick plaza?</BODY><COMMENT></COMMENT></POST>
<POST><USERNAME>guurly_guurl_1993</USERNAME><DATETIME>(03/31/07 6:32:48 pm)</DATETIME><BODY>im not really in brick</BODY><COMMENT></COMMENT></POST>
<POST><USERNAME>guurly_guurl_1993</USERNAME><DATETIME>(03/31/07 6:32:49 pm)</DATETIME><BODY>but close</BODY><COMMENT></COMMENT></POST>
<POST><USERNAME>cuteguyinoc2002</USERNAME><DATETIME>(03/31/07 6:32:55 pm)</DATETIME><BODY>where u at?</BODY><COMMENT></COMMENT></POST>
<POST><USERNAME>guurly_guurl_1993</USERNAME><DATETIME>(03/31/07 6:32:56 pm)</DATETIME><BODY>i live right on the shore</BODY><COMMENT></COMMENT></POST>
<POST><USERNAME>cuteguyinoc2002</USERNAME><DATETIME>(03/31/07 6:33:06 pm)</DATETIME><BODY>what town?</BODY><COMMENT></COMMENT></POST>
<POST><USERNAME>cuteguyinoc2002</USERNAME><DATETIME>(03/31/07 6:33:17 pm)</DATETIME><BODY>i live in silverton</BODY><COMMENT></COMMENT></POST>
<POST><USERNAME>guurly_guurl_1993</USERNAME><DATETIME>(03/31/07 6:35:28 pm)</DATETIME><BODY>so ure way close</BODY><COMMENT></COMMENT></POST>
<POST><USERNAME>cuteguyinoc2002</USERNAME><DATETIME>(03/31/07 6:35:35 pm)</DATETIME><BODY>yea</BODY><COMMENT></COMMENT></POST>
<POST><USERNAME>guurly_guurl_1993</USERNAME><DATETIME>(03/31/07 6:36:04 pm)</DATETIME><BODY>anyway</BODY><COMMENT></COMMENT></POST>
<POST><USERNAME>guurly_guurl_1993</USERNAME><DATETIME>(03/31/07 6:36:08 pm)</DATETIME><BODY>i have to get something to eat</BODY><COMMENT></COMMENT></POST>
<POST><USERNAME>cuteguyinoc2002</USERNAME><DATETIME>(03/31/07 6:36:22 pm)</DATETIME><BODY>i can buy mcdonalds if u like?</BODY><COMMENT></COMMENT></POST>
<POST><USERNAME>guurly_guurl_1993</USERNAME><DATETIME>(03/31/07 6:36:30 pm)</DATETIME><BODY>yeah?</BODY><COMMENT></COMMENT></POST>
<POST><USERNAME>cuteguyinoc2002</USERNAME><DATETIME>(03/31/07 6:36:35 pm)</DATETIME><BODY>up to u</BODY><COMMENT></COMMENT></POST>
<POST><USERNAME>guurly_guurl_1993</USERNAME><DATETIME>(03/31/07 6:36:45 pm)</DATETIME><BODY>can i ask u something?</BODY><COMMENT></COMMENT></POST>
<POST><USERNAME>cuteguyinoc2002</USERNAME><DATETIME>(03/31/07 6:37:06 pm)</DATETIME><BODY>yes</BODY><COMMENT></COMMENT></POST>
<POST><USERNAME>guurly_guurl_1993</USERNAME><DATETIME>(03/31/07 6:37:20 pm)</DATETIME><BODY>no bullshitting. what do u really want to do?</BODY><COMMENT></COMMENT></POST>
<POST><USERNAME>cuteguyinoc2002</USERNAME><DATETIME>(03/31/07 6:37:31 pm)</DATETIME><BODY>anything ui want</BODY><COMMENT></COMMENT></POST>
<POST><USERNAME>cuteguyinoc2002</USERNAME><DATETIME>(03/31/07 6:37:43 pm)</DATETIME><BODY>listen to music or watch tv</BODY><COMMENT></COMMENT></POST>
<POST><USERNAME>guurly_guurl_1993</USERNAME><DATETIME>(03/31/07 6:38:18 pm)</DATETIME><BODY>well</BODY><COMMENT></COMMENT></POST>
<POST><USERNAME>guurly_guurl_1993</USERNAME><DATETIME>(03/31/07 6:38:21 pm)</DATETIME><BODY>i can do that by myself</BODY><COMMENT></COMMENT></POST>
<POST><USERNAME>cuteguyinoc2002</USERNAME><DATETIME>(03/31/07 6:38:58 pm)</DATETIME><BODY>want to goto the beach?</BODY><COMMENT></COMMENT></POST>
<POST><USERNAME>guurly_guurl_1993</USERNAME><DATETIME>(03/31/07 6:39:13 pm)</DATETIME><BODY>i guess</BODY><COMMENT></COMMENT></POST>
<POST><USERNAME>guurly_guurl_1993</USERNAME><DATETIME>(03/31/07 6:39:16 pm)</DATETIME><BODY>but i live on it</BODY><COMMENT></COMMENT></POST>
<POST><USERNAME>guurly_guurl_1993</USERNAME><DATETIME>(03/31/07 6:39:16 pm)</DATETIME><BODY>so</BODY><COMMENT></COMMENT></POST>
<POST><USERNAME>guurly_guurl_1993</USERNAME><DATETIME>(03/31/07 6:39:21 pm)</DATETIME><BODY>its no big deal</BODY><COMMENT></COMMENT></POST>
<POST><USERNAME>cuteguyinoc2002</USERNAME><DATETIME>(03/31/07 6:39:39 pm)</DATETIME><BODY>k</BODY><COMMENT></COMMENT></POST>
<POST><USERNAME>guurly_guurl_1993</USERNAME><DATETIME>(03/31/07 6:40:31 pm)</DATETIME><BODY>whatcha thinking</BODY><COMMENT></COMMENT></POST>
<POST><USERNAME>cuteguyinoc2002</USERNAME><DATETIME>(03/31/07 6:41:17 pm)</DATETIME><BODY>just want to be with u and do something ..were u thinking about making out then?</BODY><COMMENT></COMMENT></POST>
<POST><USERNAME>guurly_guurl_1993</USERNAME><DATETIME>(03/31/07 6:41:29 pm)</DATETIME><BODY>like i said</BODY><COMMENT></COMMENT></POST>
<POST><USERNAME>guurly_guurl_1993</USERNAME><DATETIME>(03/31/07 6:41:31 pm)</DATETIME><BODY>thats cool</BODY><COMMENT></COMMENT></POST>
<POST><USERNAME>guurly_guurl_1993</USERNAME><DATETIME>(03/31/07 6:41:33 pm)</DATETIME><BODY>but it gets old</BODY><COMMENT></COMMENT></POST>
<POST><USERNAME>guurly_guurl_1993</USERNAME><DATETIME>(03/31/07 6:41:35 pm)</DATETIME><BODY>i mean</BODY><COMMENT></COMMENT></POST>
<POST><USERNAME>guurly_guurl_1993</USERNAME><DATETIME>(03/31/07 6:41:38 pm)</DATETIME><BODY>i want to do something fun</BODY><COMMENT></COMMENT></POST>
<POST><USERNAME>guurly_guurl_1993</USERNAME><DATETIME>(03/31/07 6:41:45 pm)</DATETIME><BODY>and watching tv i can do by myself</BODY><COMMENT></COMMENT></POST>
<POST><USERNAME>cuteguyinoc2002</USERNAME><DATETIME>(03/31/07 6:41:57 pm)</DATETIME><BODY>want to go bowling?</BODY><COMMENT></COMMENT></POST>
<POST><USERNAME>guurly_guurl_1993</USERNAME><DATETIME>(03/31/07 6:42:09 pm)</DATETIME><BODY>not really</BODY><COMMENT></COMMENT></POST>
<POST><USERNAME>guurly_guurl_1993</USERNAME><DATETIME>(03/31/07 6:42:10 pm)</DATETIME><BODY>its cool</BODY><COMMENT></COMMENT></POST>
<POST><USERNAME>guurly_guurl_1993</USERNAME><DATETIME>(03/31/07 6:42:14 pm)</DATETIME><BODY>well hang out another time</BODY><COMMENT></COMMENT></POST>
<POST><USERNAME>guurly_guurl_1993</USERNAME><DATETIME>(03/31/07 6:42:23 pm)</DATETIME><BODY>i just thought u liked me or something</BODY><COMMENT></COMMENT></POST>
<POST><USERNAME>guurly_guurl_1993</USERNAME><DATETIME>(03/31/07 6:42:29 pm)</DATETIME><BODY>i thought thats why u sent those pics</BODY><COMMENT></COMMENT></POST>
<POST><USERNAME>cuteguyinoc2002</USERNAME><DATETIME>(03/31/07 6:42:29 pm)</DATETIME><BODY>i do like u</BODY><COMMENT></COMMENT></POST>
<POST><USERNAME>guurly_guurl_1993</USERNAME><DATETIME>(03/31/07 6:42:30 pm)</DATETIME><BODY>but</BODY><COMMENT></COMMENT></POST>
<POST><USERNAME>guurly_guurl_1993</USERNAME><DATETIME>(03/31/07 6:42:31 pm)</DATETIME><BODY>whatever</BODY><COMMENT></COMMENT></POST>
<POST><USERNAME>cuteguyinoc2002</USERNAME><DATETIME>(03/31/07 6:42:46 pm)</DATETIME><BODY>i really like u</BODY><COMMENT></COMMENT></POST>
<POST><USERNAME>cuteguyinoc2002</USERNAME><DATETIME>(03/31/07 6:43:31 pm)</DATETIME><BODY>did u want to have sex with me?</BODY><COMMENT></COMMENT></POST>
<POST><USERNAME>guurly_guurl_1993</USERNAME><DATETIME>(03/31/07 6:43:39 pm)</DATETIME><BODY>i mean it could be cool</BODY><COMMENT></COMMENT></POST>
<POST><USERNAME>guurly_guurl_1993</USERNAME><DATETIME>(03/31/07 6:44:06 pm)</DATETIME><BODY>but i mean</BODY><COMMENT></COMMENT></POST>
<POST><USERNAME>cuteguyinoc2002</USERNAME><DATETIME>(03/31/07 6:44:11 pm)</DATETIME><BODY>i am really interested in u very much michelle</BODY><COMMENT></COMMENT></POST>
<POST><USERNAME>guurly_guurl_1993</USERNAME><DATETIME>(03/31/07 6:44:12 pm)</DATETIME><BODY>whatever</BODY><COMMENT></COMMENT></POST>
<POST><USERNAME>guurly_guurl_1993</USERNAME><DATETIME>(03/31/07 6:44:19 pm)</DATETIME><BODY>do u want to have sex with me?</BODY><COMMENT></COMMENT></POST>
<POST><USERNAME>cuteguyinoc2002</USERNAME><DATETIME>(03/31/07 6:44:32 pm)</DATETIME><BODY>yes..but i want it to be ur decision</BODY><COMMENT></COMMENT></POST>
<POST><USERNAME>guurly_guurl_1993</USERNAME><DATETIME>(03/31/07 6:44:37 pm)</DATETIME><BODY>well duh</BODY><COMMENT></COMMENT></POST>
<POST><USERNAME>guurly_guurl_1993</USERNAME><DATETIME>(03/31/07 6:44:42 pm)</DATETIME><BODY>i mean i know u wouldn t force me</BODY><COMMENT></COMMENT></POST>
<POST><USERNAME>guurly_guurl_1993</USERNAME><DATETIME>(03/31/07 6:44:44 pm)</DATETIME><BODY>but i mean</BODY><COMMENT></COMMENT></POST>
<POST><USERNAME>guurly_guurl_1993</USERNAME><DATETIME>(03/31/07 6:44:49 pm)</DATETIME><BODY>do u really want to</BODY><COMMENT></COMMENT></POST>
<POST><USERNAME>guurly_guurl_1993</USERNAME><DATETIME>(03/31/07 6:44:54 pm)</DATETIME><BODY>like when u bring mcdonalds?</BODY><COMMENT></COMMENT></POST>
<POST><USERNAME>cuteguyinoc2002</USERNAME><DATETIME>(03/31/07 6:45:00 pm)</DATETIME><BODY>yes</BODY><COMMENT></COMMENT></POST>
<POST><USERNAME>cuteguyinoc2002</USERNAME><DATETIME>(03/31/07 6:45:22 pm)</DATETIME><BODY>want to talk on the phone?</BODY><COMMENT></COMMENT></POST>
<POST><USERNAME>guurly_guurl_1993</USERNAME><DATETIME>(03/31/07 6:45:39 pm)</DATETIME><BODY>thats cool</BODY><COMMENT></COMMENT></POST>
<POST><USERNAME>guurly_guurl_1993</USERNAME><DATETIME>(03/31/07 6:45:40 pm)</DATETIME><BODY>if u want</BODY><COMMENT></COMMENT></POST>
<POST><USERNAME>cuteguyinoc2002</USERNAME><DATETIME>(03/31/07 6:46:03 pm)</DATETIME><BODY>sure</BODY><COMMENT></COMMENT></POST>
<POST><USERNAME>guurly_guurl_1993</USERNAME><DATETIME>(03/31/07 6:46:05 pm)</DATETIME><BODY>whats ur number</BODY><COMMENT></COMMENT></POST>
<POST><USERNAME>cuteguyinoc2002</USERNAME><DATETIME>(03/31/07 6:46:47 pm)</DATETIME><BODY>732-773-3197</BODY><COMMENT></COMMENT></POST>
<POST><USERNAME>cuteguyinoc2002</USERNAME><DATETIME>(03/31/07 6:47:58 pm)</DATETIME><BODY>calling?</BODY><COMMENT></COMMENT></POST>
<POST><USERNAME>guurly_guurl_1993</USERNAME><DATETIME>(03/31/07 6:48:42 pm)</DATETIME><BODY>yeah. getting my calling card</BODY><COMMENT></COMMENT></POST>
<POST><USERNAME>cuteguyinoc2002</USERNAME><DATETIME>(03/31/07 6:48:49 pm)</DATETIME><BODY>k</BODY><COMMENT></COMMENT></POST>
<POST><USERNAME>cuteguyinoc2002</USERNAME><DATETIME>(03/31/07 7:00:41 pm)</DATETIME><BODY>im here</BODY><COMMENT></COMMENT></POST>
<POST><USERNAME>guurly_guurl_1993</USERNAME><DATETIME>(03/31/07 7:01:55 pm)</DATETIME><BODY>brb</BODY><COMMENT></COMMENT></POST>
<POST><USERNAME>guurly_guurl_1993</USERNAME><DATETIME>(03/31/07 7:01:59 pm)</DATETIME><BODY>moms on the phone</BODY><COMMENT></COMMENT></POST>
<POST><USERNAME>cuteguyinoc2002</USERNAME><DATETIME>(03/31/07 7:02:03 pm)</DATETIME><BODY>k</BODY><COMMENT></COMMENT></POST>
<POST><USERNAME>guurly_guurl_1993</USERNAME><DATETIME>(03/31/07 7:02:28 pm)</DATETIME><BODY>got a pen?</BODY><COMMENT></COMMENT></POST>
<POST><USERNAME>cuteguyinoc2002</USERNAME><DATETIME>(03/31/07 7:02:33 pm)</DATETIME><BODY>yes</BODY><COMMENT></COMMENT></POST>
<POST><USERNAME>guurly_guurl_1993</USERNAME><DATETIME>(03/31/07 7:02:48 pm)</DATETIME><BODY>removed</BODY><COMMENT></COMMENT></POST>
<POST><USERNAME>guurly_guurl_1993</USERNAME><DATETIME>(03/31/07 7:03:23 pm)</DATETIME><BODY>do u know where i am?</BODY><COMMENT></COMMENT></POST>
<POST><USERNAME>cuteguyinoc2002</USERNAME><DATETIME>(03/31/07 7:03:30 pm)</DATETIME><BODY>yes</BODY><COMMENT></COMMENT></POST>
<POST><USERNAME>guurly_guurl_1993</USERNAME><DATETIME>(03/31/07 7:04:24 pm)</DATETIME><BODY>cool</BODY><COMMENT></COMMENT></POST>
<POST><USERNAME>guurly_guurl_1993</USERNAME><DATETIME>(03/31/07 7:04:46 pm)</DATETIME><BODY>gonna bring mcdonalds?</BODY><COMMENT></COMMENT></POST>
<POST><USERNAME>cuteguyinoc2002</USERNAME><DATETIME>(03/31/07 7:05:05 pm)</DATETIME><BODY>yes with lots of kisses</BODY><COMMENT></COMMENT></POST>
<POST><USERNAME>guurly_guurl_1993</USERNAME><DATETIME>(03/31/07 7:05:11 pm)</DATETIME><BODY>yay</BODY><COMMENT></COMMENT></POST>
<POST><USERNAME>guurly_guurl_1993</USERNAME><DATETIME>(03/31/07 7:05:16 pm)</DATETIME><BODY>and condoms?</BODY><COMMENT></COMMENT></POST>
<POST><USERNAME>cuteguyinoc2002</USERNAME><DATETIME>(03/31/07 7:05:21 pm)</DATETIME><BODY>yes</BODY><COMMENT></COMMENT></POST>
<POST><USERNAME>guurly_guurl_1993</USERNAME><DATETIME>(03/31/07 7:05:46 pm)</DATETIME><BODY>cool</BODY><COMMENT></COMMENT></POST>
<POST><USERNAME>guurly_guurl_1993</USERNAME><DATETIME>(03/31/07 7:05:49 pm)</DATETIME><BODY>r u leaving now?</BODY><COMMENT></COMMENT></POST>
<POST><USERNAME>cuteguyinoc2002</USERNAME><DATETIME>(03/31/07 7:05:55 pm)</DATETIME><BODY>in 5 minutes</BODY><COMMENT></COMMENT></POST>
<POST><USERNAME>guurly_guurl_1993</USERNAME><DATETIME>(03/31/07 7:06:02 pm)</DATETIME><BODY>kay</BODY><COMMENT></COMMENT></POST>
<POST><USERNAME>cuteguyinoc2002</USERNAME><DATETIME>(03/31/07 7:06:03 pm)</DATETIME><BODY>what do u want to eat?</BODY><COMMENT></COMMENT></POST>
<POST><USERNAME>guurly_guurl_1993</USERNAME><DATETIME>(03/31/07 7:06:23 pm)</DATETIME><BODY>um can i have a mcchicken meal?</BODY><COMMENT></COMMENT></POST>
<POST><USERNAME>cuteguyinoc2002</USERNAME><DATETIME>(03/31/07 7:06:45 pm)</DATETIME><BODY>yes</BODY><COMMENT></COMMENT></POST>
<POST><USERNAME>guurly_guurl_1993</USERNAME><DATETIME>(03/31/07 7:06:50 pm)</DATETIME><BODY>and can u leave in a few minutes, cos i havent showered yet</BODY><COMMENT></COMMENT></POST>
<POST><USERNAME>guurly_guurl_1993</USERNAME><DATETIME>(03/31/07 7:06:52 pm)</DATETIME><BODY>and i want to</BODY><COMMENT></COMMENT></POST>
<POST><USERNAME>cuteguyinoc2002</USERNAME><DATETIME>(03/31/07 7:07:01 pm)</DATETIME><BODY>ok</BODY><COMMENT></COMMENT></POST>
<POST><USERNAME>guurly_guurl_1993</USERNAME><DATETIME>(03/31/07 7:07:02 pm)</DATETIME><BODY>can u give me a few minutes more?</BODY><COMMENT></COMMENT></POST>
<POST><USERNAME>cuteguyinoc2002</USERNAME><DATETIME>(03/31/07 7:07:06 pm)</DATETIME><BODY>yes</BODY><COMMENT></COMMENT></POST>
<POST><USERNAME>guurly_guurl_1993</USERNAME><DATETIME>(03/31/07 7:08:00 pm)</DATETIME><BODY>so give me like 10 minutes to take a shower</BODY><COMMENT></COMMENT></POST>
<POST><USERNAME>guurly_guurl_1993</USERNAME><DATETIME>(03/31/07 7:08:00 pm)</DATETIME><BODY>lol</BODY><COMMENT></COMMENT></POST>
<POST><USERNAME>guurly_guurl_1993</USERNAME><DATETIME>(03/31/07 7:08:07 pm)</DATETIME><BODY>and when im out ill let u know</BODY><COMMENT></COMMENT></POST>
<POST><USERNAME>cuteguyinoc2002</USERNAME><DATETIME>(03/31/07 7:08:07 pm)</DATETIME><BODY>k</BODY><COMMENT></COMMENT></POST>
<POST><USERNAME>guurly_guurl_1993</USERNAME><DATETIME>(03/31/07 7:08:08 pm)</DATETIME><BODY>kay</BODY><COMMENT></COMMENT></POST>
<POST><USERNAME>guurly_guurl_1993</USERNAME><DATETIME>(03/31/07 7:08:11 pm)</DATETIME><BODY>and then u can leave then</BODY><COMMENT></COMMENT></POST>
<POST><USERNAME>cuteguyinoc2002</USERNAME><DATETIME>(03/31/07 7:08:12 pm)</DATETIME><BODY>ok</BODY><COMMENT></COMMENT></POST>
<POST><USERNAME>cuteguyinoc2002</USERNAME><DATETIME>(03/31/07 7:08:15 pm)</DATETIME><BODY>np</BODY><COMMENT></COMMENT></POST>
<POST><USERNAME>guurly_guurl_1993</USERNAME><DATETIME>(03/31/07 7:08:19 pm)</DATETIME><BODY>mike</BODY><COMMENT></COMMENT></POST>
<POST><USERNAME>guurly_guurl_1993</USERNAME><DATETIME>(03/31/07 7:08:26 pm)</DATETIME><BODY>this is gonna be so freaking hot</BODY><COMMENT></COMMENT></POST>
<POST><USERNAME>cuteguyinoc2002</USERNAME><DATETIME>(03/31/07 7:08:32 pm)</DATETIME><BODY>yes iot will</BODY><COMMENT></COMMENT></POST>
<POST><USERNAME>cuteguyinoc2002</USERNAME><DATETIME>(03/31/07 7:08:35 pm)</DATETIME><BODY>it</BODY><COMMENT></COMMENT></POST>
<POST><USERNAME>cuteguyinoc2002</USERNAME><DATETIME>(03/31/07 7:08:55 pm)</DATETIME><BODY>u have drinks at ur place right?</BODY><COMMENT></COMMENT></POST>
<POST><USERNAME>guurly_guurl_1993</USERNAME><DATETIME>(03/31/07 7:10:14 pm)</DATETIME><BODY>what kind?</BODY><COMMENT></COMMENT></POST>
<POST><USERNAME>cuteguyinoc2002</USERNAME><DATETIME>(03/31/07 7:13:34 pm)</DATETIME><BODY>any kind</BODY><COMMENT></COMMENT></POST>
<POST><USERNAME>guurly_guurl_1993</USERNAME><DATETIME>(03/31/07 7:14:10 pm)</DATETIME><BODY>um sodas and stuff</BODY><COMMENT></COMMENT></POST>
<POST><USERNAME>guurly_guurl_1993</USERNAME><DATETIME>(03/31/07 7:14:13 pm)</DATETIME><BODY>and some rum</BODY><COMMENT></COMMENT></POST>
<POST><USERNAME>guurly_guurl_1993</USERNAME><DATETIME>(03/31/07 7:14:13 pm)</DATETIME><BODY>lol</BODY><COMMENT></COMMENT></POST>
<POST><USERNAME>guurly_guurl_1993</USERNAME><DATETIME>(03/31/07 7:14:18 pm)</DATETIME><BODY>but i have to get in the shower</BODY><COMMENT></COMMENT></POST>
<POST><USERNAME>guurly_guurl_1993</USERNAME><DATETIME>(03/31/07 7:14:19 pm)</DATETIME><BODY>lol</BODY><COMMENT></COMMENT></POST>
<POST><USERNAME>guurly_guurl_1993</USERNAME><DATETIME>(03/31/07 7:14:21 pm)</DATETIME><BODY>brb</BODY><COMMENT></COMMENT></POST>
<POST><USERNAME>cuteguyinoc2002</USERNAME><DATETIME>(03/31/07 7:14:24 pm)</DATETIME><BODY>ok</BODY><COMMENT></COMMENT></POST>
<POST><USERNAME>cuteguyinoc2002</USERNAME><DATETIME>(03/31/07 7:14:50 pm)</DATETIME><BODY>ill goto mcdonalds now and then the drug store as u shower ok</BODY><COMMENT></COMMENT></POST>
<POST><USERNAME>cuteguyinoc2002</USERNAME><DATETIME>(03/31/07 7:15:46 pm)</DATETIME><BODY>call me on my cell phone when u r done ok....the number i gave u is my cell ok</BODY><COMMENT></COMMENT></POST>
<POST><USERNAME>guurly_guurl_1993</USERNAME><DATETIME>(03/31/07 7:15:55 pm)</DATETIME><BODY>okay</BODY><COMMENT></COMMENT></POST>
<POST><USERNAME>cuteguyinoc2002</USERNAME><DATETIME>(03/31/07 7:16:14 pm)</DATETIME><BODY>see u soon</BODY><COMMENT></COMMENT></POST>
<POST><USERNAME>guurly_guurl_1993</USERNAME><DATETIME>(03/31/07 7:16:28 pm)</DATETIME><BODY>kay</BODY><COMMENT></COMMENT></POST>
<POST><USERNAME></USERNAME><DATETIME></DATETIME><BODY></BODY><COMMENT></COMMENT></POST>
</data>