<data>
<POST><USERNAME>holdyoucloser2003</USERNAME><DATETIME>(07/20/06 9:09:28 pm)</DATETIME><BODY>hi midnight. nice profile. how are you tonight? where in ga?</BODY><COMMENT></COMMENT></POST>
<POST><USERNAME>nahtasha</USERNAME><DATETIME>(07/20/06 9:09:56 pm)</DATETIME><BODY>heya im good just bored and chattin im in sw ga</BODY><COMMENT></COMMENT></POST>
<POST><USERNAME>nahtasha</USERNAME><DATETIME>(07/20/06 9:09:59 pm)</DATETIME><BODY>whats your asl?</BODY><COMMENT></COMMENT></POST>
<POST><USERNAME>holdyoucloser2003</USERNAME><DATETIME>(07/20/06 9:10:10 pm)</DATETIME><BODY>35 / male/ atlanta</BODY><COMMENT>(why do they always think that shaving eight years off their age makes what they want to do better?)</COMMENT></POST>
<POST><USERNAME>holdyoucloser2003</USERNAME><DATETIME>(07/20/06 9:10:17 pm)</DATETIME><BODY>you?</BODY><COMMENT></COMMENT></POST>
<POST><USERNAME>nahtasha</USERNAME><DATETIME>(07/20/06 9:10:29 pm)</DATETIME><BODY>im 15/f/by columbus</BODY><COMMENT></COMMENT></POST>
<POST><USERNAME>nahtasha</USERNAME><DATETIME>(07/20/06 9:11:08 pm)</DATETIME><BODY>atl is a cool city</BODY><COMMENT></COMMENT></POST>
<POST><USERNAME>nahtasha</USERNAME><DATETIME>(07/20/06 9:11:12 pm)</DATETIME><BODY>i only been a couple times</BODY><COMMENT></COMMENT></POST>
<POST><USERNAME>holdyoucloser2003</USERNAME><DATETIME>(07/20/06 9:11:42 pm)</DATETIME><BODY>you look older than 15</BODY><COMMENT></COMMENT></POST>
<POST><USERNAME>holdyoucloser2003</USERNAME><DATETIME>(07/20/06 9:11:50 pm)</DATETIME><BODY>you have a nice look about you</BODY><COMMENT></COMMENT></POST>
<POST><USERNAME>nahtasha</USERNAME><DATETIME>(07/20/06 9:12:03 pm)</DATETIME><BODY>thanks and i hope i dont loo too old i dont wanna look 30 when im 20</BODY><COMMENT></COMMENT></POST>
<POST><USERNAME>holdyoucloser2003</USERNAME><DATETIME>(07/20/06 9:12:17 pm)</DATETIME><BODY>lol</BODY><COMMENT></COMMENT></POST>
<POST><USERNAME>holdyoucloser2003</USERNAME><DATETIME>(07/20/06 9:12:30 pm)</DATETIME><BODY>no no no....you look early 20s</BODY><COMMENT></COMMENT></POST>
<POST><USERNAME>nahtasha</USERNAME><DATETIME>(07/20/06 9:12:43 pm)</DATETIME><BODY>oh well im 15 i hope that isnt a prob</BODY><COMMENT>(this is where i give him his graceful exit line)</COMMENT></POST>
<POST><USERNAME>holdyoucloser2003</USERNAME><DATETIME>(07/20/06 9:13:01 pm)</DATETIME><BODY>no no....why should that be a problem?</BODY><COMMENT>(and he wouldnt take it)</COMMENT></POST>
<POST><USERNAME>nahtasha</USERNAME><DATETIME>(07/20/06 9:13:24 pm)</DATETIME><BODY>i dunno i had some guy mesage me earlier and he was all you a baby get outta chat so its hard to say</BODY><COMMENT></COMMENT></POST>
<POST><USERNAME>holdyoucloser2003</USERNAME><DATETIME>(07/20/06 9:14:08 pm)</DATETIME><BODY>no no no....not me....not my style....i feel age is just a number....its how you feel....its how you carry yourself</BODY><COMMENT></COMMENT></POST>
<POST><USERNAME>nahtasha</USERNAME><DATETIME>(07/20/06 9:14:19 pm)</DATETIME><BODY>yeah i agree age is just a numbah and color is just a shade</BODY><COMMENT></COMMENT></POST>
<POST><USERNAME>holdyoucloser2003</USERNAME><DATETIME>(07/20/06 9:14:39 pm)</DATETIME><BODY>exactly....ive been color blind most of life</BODY><COMMENT>(this was my first time playing a black decoy, i expected to get some racist comments but i didnt get one during the entire sting)</COMMENT></POST>
<POST><USERNAME>nahtasha</USERNAME><DATETIME>(07/20/06 9:14:50 pm)</DATETIME><BODY>thats cool you cool then some guys on here are jerks</BODY><COMMENT></COMMENT></POST>
<POST><USERNAME>holdyoucloser2003</USERNAME><DATETIME>(07/20/06 9:15:04 pm)</DATETIME><BODY>yes they are</BODY><COMMENT></COMMENT></POST>
<POST><USERNAME>holdyoucloser2003</USERNAME><DATETIME>(07/20/06 9:15:27 pm)</DATETIME><BODY>and i apologize to you on their behalf....and since they have no clue about how they are</BODY><COMMENT></COMMENT></POST>
<POST><USERNAME>holdyoucloser2003</USERNAME><DATETIME>(07/20/06 9:15:29 pm)</DATETIME><BODY>lol</BODY><COMMENT></COMMENT></POST>
<POST><USERNAME>nahtasha</USERNAME><DATETIME>(07/20/06 9:15:44 pm)</DATETIME><BODY>lol its okay aint your fault</BODY><COMMENT></COMMENT></POST>
<POST><USERNAME>holdyoucloser2003</USERNAME><DATETIME>(07/20/06 9:15:53 pm)</DATETIME><BODY>i know...i know</BODY><COMMENT></COMMENT></POST>
<POST><USERNAME>holdyoucloser2003</USERNAME><DATETIME>(07/20/06 9:15:55 pm)</DATETIME><BODY>lol</BODY><COMMENT></COMMENT></POST>
<POST><USERNAME>nahtasha</USERNAME><DATETIME>(07/20/06 9:15:57 pm)</DATETIME><BODY>lol</BODY><COMMENT></COMMENT></POST>
<POST><USERNAME>nahtasha</USERNAME><DATETIME>(07/20/06 9:16:06 pm)</DATETIME><BODY>you got a pic on prof?</BODY><COMMENT></COMMENT></POST>
<POST><USERNAME>holdyoucloser2003</USERNAME><DATETIME>(07/20/06 9:16:25 pm)</DATETIME><BODY>you dont see it on the chat window?</BODY><COMMENT></COMMENT></POST>
<POST><USERNAME>nahtasha</USERNAME><DATETIME>(07/20/06 9:16:30 pm)</DATETIME><BODY>no that stuff never works</BODY><COMMENT></COMMENT></POST>
<POST><USERNAME>holdyoucloser2003</USERNAME><DATETIME>(07/20/06 9:16:36 pm)</DATETIME><BODY>just damn</BODY><COMMENT></COMMENT></POST>
<POST><USERNAME>holdyoucloser2003</USERNAME><DATETIME>(07/20/06 9:16:39 pm)</DATETIME><BODY>hold on.....</BODY><COMMENT></COMMENT></POST>
<POST><USERNAME>nahtasha</USERNAME><DATETIME>(07/20/06 9:16:55 pm)</DATETIME><BODY>that stuff dont work either i gotta firewall thingy</BODY><COMMENT></COMMENT></POST>
<POST><USERNAME>holdyoucloser2003</USERNAME><DATETIME>(07/20/06 9:17:01 pm)</DATETIME><BODY>:-?</BODY><COMMENT></COMMENT></POST>
<POST><USERNAME>nahtasha</USERNAME><DATETIME>(07/20/06 9:17:05 pm)</DATETIME><BODY>can u email? nahtasha@yahoo.com</BODY><COMMENT></COMMENT></POST>
<POST><USERNAME>holdyoucloser2003</USERNAME><DATETIME>(07/20/06 9:17:09 pm)</DATETIME><BODY>ok</BODY><COMMENT></COMMENT></POST>
<POST><USERNAME>nahtasha</USERNAME><DATETIME>(07/20/06 9:17:15 pm)</DATETIME><BODY>thanks sorry :(</BODY><COMMENT></COMMENT></POST>
<POST><USERNAME>holdyoucloser2003</USERNAME><DATETIME>(07/20/06 9:18:03 pm)</DATETIME><BODY>no problem</BODY><COMMENT></COMMENT></POST>
<POST><USERNAME>nahtasha</USERNAME><DATETIME>(07/20/06 9:18:18 pm)</DATETIME><BODY>cool tell me when u send it</BODY><COMMENT></COMMENT></POST>
<POST><USERNAME>holdyoucloser2003</USERNAME><DATETIME>(07/20/06 9:21:36 pm)</DATETIME><BODY>just sent 3 pics</BODY><COMMENT></COMMENT></POST>
<POST><USERNAME>nahtasha</USERNAME><DATETIME>(07/20/06 9:22:00 pm)</DATETIME><BODY>wow nice bed</BODY><COMMENT></COMMENT></POST>
<POST><USERNAME>nahtasha</USERNAME><DATETIME>(07/20/06 9:22:23 pm)</DATETIME><BODY>your cute you look like a cowboy</BODY><COMMENT></COMMENT></POST>
<POST><USERNAME>holdyoucloser2003</USERNAME><DATETIME>(07/20/06 9:22:29 pm)</DATETIME><BODY>:</BODY><COMMENT></COMMENT></POST>
<POST><USERNAME>holdyoucloser2003</USERNAME><DATETIME>(07/20/06 9:22:38 pm)</DATETIME><BODY>thank you</BODY><COMMENT></COMMENT></POST>
<POST><USERNAME>nahtasha</USERNAME><DATETIME>(07/20/06 9:22:41 pm)</DATETIME><BODY>yw</BODY><COMMENT></COMMENT></POST>
<POST><USERNAME>nahtasha</USERNAME><DATETIME>(07/20/06 9:22:49 pm)</DATETIME><BODY>did you see my other pics or just my pic on prof?</BODY><COMMENT></COMMENT></POST>
<POST><USERNAME>holdyoucloser2003</USERNAME><DATETIME>(07/20/06 9:23:19 pm)</DATETIME><BODY>just pic on prof.....can you email me other pics of you?</BODY><COMMENT></COMMENT></POST>
<POST><USERNAME>nahtasha</USERNAME><DATETIME>(07/20/06 9:23:43 pm)</DATETIME><BODY>i got too may for that theyre on my myspace and my yahoo pics folder tho wanna link?</BODY><COMMENT></COMMENT></POST>
<POST><USERNAME>holdyoucloser2003</USERNAME><DATETIME>(07/20/06 9:23:52 pm)</DATETIME><BODY>sure</BODY><COMMENT></COMMENT></POST>
<POST><USERNAME>nahtasha</USERNAME><DATETIME>(07/20/06 9:24:22 pm)</DATETIME><BODY>http://photos.yahoo.com/nahtasha</BODY><COMMENT></COMMENT></POST>
<POST><USERNAME>holdyoucloser2003</USERNAME><DATETIME>(07/20/06 9:26:18 pm)</DATETIME><BODY>very nice......i liked them. so you need supervision huh?</BODY><COMMENT></COMMENT></POST>
<POST><USERNAME>nahtasha</USERNAME><DATETIME>(07/20/06 9:26:30 pm)</DATETIME><BODY>lol i like that shirt but my mom dont</BODY><COMMENT></COMMENT></POST>
<POST><USERNAME>nahtasha</USERNAME><DATETIME>(07/20/06 9:26:40 pm)</DATETIME><BODY>that was what i wore when i went to jamaca with her</BODY><COMMENT></COMMENT></POST>
<POST><USERNAME>holdyoucloser2003</USERNAME><DATETIME>(07/20/06 9:26:55 pm)</DATETIME><BODY>:)</BODY><COMMENT></COMMENT></POST>
<POST><USERNAME>holdyoucloser2003</USERNAME><DATETIME>(07/20/06 9:26:58 pm)</DATETIME><BODY>lol</BODY><COMMENT></COMMENT></POST>
<POST><USERNAME>nahtasha</USERNAME><DATETIME>(07/20/06 9:27:01 pm)</DATETIME><BODY>lol :)</BODY><COMMENT></COMMENT></POST>
<POST><USERNAME>holdyoucloser2003</USERNAME><DATETIME>(07/20/06 9:27:36 pm)</DATETIME><BODY>you have more pictures?</BODY><COMMENT></COMMENT></POST>
<POST><USERNAME>nahtasha</USERNAME><DATETIME>(07/20/06 9:27:44 pm)</DATETIME><BODY>just those ones i wish i had more</BODY><COMMENT></COMMENT></POST>
<POST><USERNAME>holdyoucloser2003</USERNAME><DATETIME>(07/20/06 9:28:06 pm)</DATETIME><BODY>i can take more....i have a dig camera ;;)</BODY><COMMENT></COMMENT></POST>
<POST><USERNAME>nahtasha</USERNAME><DATETIME>(07/20/06 9:28:26 pm)</DATETIME><BODY>oh yeah? thats awesome :)</BODY><COMMENT></COMMENT></POST>
<POST><USERNAME>holdyoucloser2003</USERNAME><DATETIME>(07/20/06 9:28:51 pm)</DATETIME><BODY>yeah.....memory card holds like 400 pics</BODY><COMMENT></COMMENT></POST>
<POST><USERNAME>holdyoucloser2003</USERNAME><DATETIME>(07/20/06 9:28:59 pm)</DATETIME><BODY>and will do a 3 min movie as well</BODY><COMMENT></COMMENT></POST>
<POST><USERNAME>nahtasha</USERNAME><DATETIME>(07/20/06 9:29:01 pm)</DATETIME><BODY>wow thats a lot</BODY><COMMENT></COMMENT></POST>
<POST><USERNAME>holdyoucloser2003</USERNAME><DATETIME>(07/20/06 9:29:07 pm)</DATETIME><BODY>with sound</BODY><COMMENT></COMMENT></POST>
<POST><USERNAME>nahtasha</USERNAME><DATETIME>(07/20/06 9:29:12 pm)</DATETIME><BODY>thats cool u gotta n ice one then</BODY><COMMENT></COMMENT></POST>
<POST><USERNAME>holdyoucloser2003</USERNAME><DATETIME>(07/20/06 9:29:30 pm)</DATETIME><BODY>i have enjoyed it</BODY><COMMENT></COMMENT></POST>
<POST><USERNAME>nahtasha</USERNAME><DATETIME>(07/20/06 9:30:02 pm)</DATETIME><BODY>cool</BODY><COMMENT></COMMENT></POST>
<POST><USERNAME>nahtasha</USERNAME><DATETIME>(07/20/06 9:30:07 pm)</DATETIME><BODY>i dont got one of those i wish</BODY><COMMENT></COMMENT></POST>
<POST><USERNAME>holdyoucloser2003</USERNAME><DATETIME>(07/20/06 9:30:19 pm)</DATETIME><BODY>so where by columbus are you? i have been down that way....my dad was stationed at ft benning</BODY><COMMENT></COMMENT></POST>
<POST><USERNAME>nahtasha</USERNAME><DATETIME>(07/20/06 9:30:31 pm)</DATETIME><BODY>thats cool im like 15 away from it</BODY><COMMENT></COMMENT></POST>
<POST><USERNAME>nahtasha</USERNAME><DATETIME>(07/20/06 9:30:56 pm)</DATETIME><BODY>i dont give my real town right away cause you never know with guys online u know they could be sereial killers or somethin and this is a really small town were like some of the only black peopl in it</BODY><COMMENT></COMMENT></POST>
<POST><USERNAME>holdyoucloser2003</USERNAME><DATETIME>(07/20/06 9:31:47 pm)</DATETIME><BODY>thats fine....im cool not knowing where you are. i mean what are the chances that you and i would ever meet anyway?</BODY><COMMENT></COMMENT></POST>
<POST><USERNAME>nahtasha</USERNAME><DATETIME>(07/20/06 9:31:55 pm)</DATETIME><BODY>i dunno are they bad?</BODY><COMMENT></COMMENT></POST>
<POST><USERNAME>holdyoucloser2003</USERNAME><DATETIME>(07/20/06 9:32:16 pm)</DATETIME><BODY>i dunno</BODY><COMMENT></COMMENT></POST>
<POST><USERNAME>holdyoucloser2003</USERNAME><DATETIME>(07/20/06 9:32:46 pm)</DATETIME><BODY>guess i presumed you wouldnt be interested in meeting me</BODY><COMMENT></COMMENT></POST>
<POST><USERNAME>nahtasha</USERNAME><DATETIME>(07/20/06 9:32:59 pm)</DATETIME><BODY>why wouldnt i if you were nice and we talked more and we got along?</BODY><COMMENT></COMMENT></POST>
<POST><USERNAME>holdyoucloser2003</USERNAME><DATETIME>(07/20/06 9:33:42 pm)</DATETIME><BODY>i try not to presume stuff.....know what im saying?</BODY><COMMENT></COMMENT></POST>
<POST><USERNAME>nahtasha</USERNAME><DATETIME>(07/20/06 9:33:49 pm)</DATETIME><BODY>i dunno what u mean no</BODY><COMMENT></COMMENT></POST>
<POST><USERNAME>holdyoucloser2003</USERNAME><DATETIME>(07/20/06 9:34:39 pm)</DATETIME><BODY>well.....i dont automatically think that you would want to meet me.....simply because of our age difference. not all people view age as just a number</BODY><COMMENT></COMMENT></POST>
<POST><USERNAME>nahtasha</USERNAME><DATETIME>(07/20/06 9:34:49 pm)</DATETIME><BODY>oh well you do and so do i so who cares?</BODY><COMMENT></COMMENT></POST>
<POST><USERNAME>holdyoucloser2003</USERNAME><DATETIME>(07/20/06 9:34:55 pm)</DATETIME><BODY>true</BODY><COMMENT></COMMENT></POST>
<POST><USERNAME>holdyoucloser2003</USERNAME><DATETIME>(07/20/06 9:35:04 pm)</DATETIME><BODY>what about your parents?</BODY><COMMENT></COMMENT></POST>
<POST><USERNAME>nahtasha</USERNAME><DATETIME>(07/20/06 9:35:20 pm)</DATETIME><BODY>my dads in jail and i didnt tell my mom about my ex sooooo who cares</BODY><COMMENT></COMMENT></POST>
<POST><USERNAME>holdyoucloser2003</USERNAME><DATETIME>(07/20/06 9:35:28 pm)</DATETIME><BODY>lol</BODY><COMMENT></COMMENT></POST>
<POST><USERNAME>holdyoucloser2003</USERNAME><DATETIME>(07/20/06 9:35:35 pm)</DATETIME><BODY>tell me about your ex</BODY><COMMENT></COMMENT></POST>
<POST><USERNAME>nahtasha</USERNAME><DATETIME>(07/20/06 9:35:58 pm)</DATETIME><BODY>he was 19 i met him on vacay on the island</BODY><COMMENT></COMMENT></POST>
<POST><USERNAME>holdyoucloser2003</USERNAME><DATETIME>(07/20/06 9:36:12 pm)</DATETIME><BODY>what island?</BODY><COMMENT></COMMENT></POST>
<POST><USERNAME>nahtasha</USERNAME><DATETIME>(07/20/06 9:36:18 pm)</DATETIME><BODY>jamaca</BODY><COMMENT></COMMENT></POST>
<POST><USERNAME>holdyoucloser2003</USERNAME><DATETIME>(07/20/06 9:36:22 pm)</DATETIME><BODY>cool</BODY><COMMENT></COMMENT></POST>
<POST><USERNAME>nahtasha</USERNAME><DATETIME>(07/20/06 9:37:13 pm)</DATETIME><BODY>yeah</BODY><COMMENT></COMMENT></POST>
<POST><USERNAME>nahtasha</USERNAME><DATETIME>(07/20/06 9:37:19 pm)</DATETIME><BODY>it was okay but he was kinda a playa</BODY><COMMENT></COMMENT></POST>
<POST><USERNAME>holdyoucloser2003</USERNAME><DATETIME>(07/20/06 9:37:49 pm)</DATETIME><BODY>how long has it been since you have been with him?</BODY><COMMENT></COMMENT></POST>
<POST><USERNAME>nahtasha</USERNAME><DATETIME>(07/20/06 9:38:22 pm)</DATETIME><BODY>months we broke up a while back im over it now</BODY><COMMENT></COMMENT></POST>
<POST><USERNAME>holdyoucloser2003</USERNAME><DATETIME>(07/20/06 9:39:13 pm)</DATETIME><BODY>good</BODY><COMMENT></COMMENT></POST>
<POST><USERNAME>nahtasha</USERNAME><DATETIME>(07/20/06 9:39:34 pm)</DATETIME><BODY>yah its all good now</BODY><COMMENT></COMMENT></POST>
<POST><USERNAME>holdyoucloser2003</USERNAME><DATETIME>(07/20/06 9:39:43 pm)</DATETIME><BODY>glad to hear that</BODY><COMMENT></COMMENT></POST>
<POST><USERNAME>nahtasha</USERNAME><DATETIME>(07/20/06 9:39:45 pm)</DATETIME><BODY>now its about findin a guy that cares about me u kno?</BODY><COMMENT></COMMENT></POST>
<POST><USERNAME>nahtasha</USERNAME><DATETIME>(07/20/06 9:39:53 pm)</DATETIME><BODY>or is at least cool to hang with</BODY><COMMENT></COMMENT></POST>
<POST><USERNAME>nahtasha</USERNAME><DATETIME>(07/20/06 9:39:57 pm)</DATETIME><BODY>w/e not a liar like he was</BODY><COMMENT></COMMENT></POST>
<POST><USERNAME>holdyoucloser2003</USERNAME><DATETIME>(07/20/06 9:40:09 pm)</DATETIME><BODY>yeah</BODY><COMMENT></COMMENT></POST>
<POST><USERNAME>holdyoucloser2003</USERNAME><DATETIME>(07/20/06 9:40:17 pm)</DATETIME><BODY>that must have been tough for you</BODY><COMMENT></COMMENT></POST>
<POST><USERNAME>nahtasha</USERNAME><DATETIME>(07/20/06 9:40:45 pm)</DATETIME><BODY>it was but i got tough oer it and im tougher than anyone so its all good</BODY><COMMENT></COMMENT></POST>
<POST><USERNAME>holdyoucloser2003</USERNAME><DATETIME>(07/20/06 9:40:54 pm)</DATETIME><BODY>yes it is</BODY><COMMENT></COMMENT></POST>
<POST><USERNAME>holdyoucloser2003</USERNAME><DATETIME>(07/20/06 9:41:13 pm)</DATETIME><BODY>brb...can ya hold on a few minutes?</BODY><COMMENT></COMMENT></POST>
<POST><USERNAME>nahtasha</USERNAME><DATETIME>(07/20/06 9:41:29 pm)</DATETIME><BODY>lol sure</BODY><COMMENT></COMMENT></POST>
<POST><USERNAME>holdyoucloser2003</USERNAME><DATETIME>(07/20/06 9:41:32 pm)</DATETIME><BODY>cool</BODY><COMMENT></COMMENT></POST>
<POST><USERNAME>holdyoucloser2003</USERNAME><DATETIME>(07/20/06 9:41:43 pm)</DATETIME><BODY>lol...why is that funny?</BODY><COMMENT></COMMENT></POST>
<POST><USERNAME>nahtasha</USERNAME><DATETIME>(07/20/06 9:41:50 pm)</DATETIME><BODY>like i cant hold on a few minutes? :p</BODY><COMMENT></COMMENT></POST>
<POST><USERNAME>holdyoucloser2003</USERNAME><DATETIME>(07/20/06 9:44:51 pm)</DATETIME><BODY>:-p back at ya</BODY><COMMENT></COMMENT></POST>
<POST><USERNAME>holdyoucloser2003</USERNAME><DATETIME>(07/20/06 9:45:18 pm)</DATETIME><BODY>well...i didnt know if you were on your way offline or something....lol....i dunno....lol</BODY><COMMENT></COMMENT></POST>
<POST><USERNAME>nahtasha</USERNAME><DATETIME>(07/20/06 9:45:25 pm)</DATETIME><BODY>lol its all good</BODY><COMMENT></COMMENT></POST>
<POST><USERNAME>holdyoucloser2003</USERNAME><DATETIME>(07/20/06 9:45:49 pm)</DATETIME><BODY>oh...and i have a rule.....dont stick your tongue out unless you plan on using it.....lol</BODY><COMMENT>(oh, here we go)</COMMENT></POST>
<POST><USERNAME>nahtasha</USERNAME><DATETIME>(07/20/06 9:46:20 pm)</DATETIME><BODY>lol i aint got nothin to use it on here :p</BODY><COMMENT></COMMENT></POST>
<POST><USERNAME>holdyoucloser2003</USERNAME><DATETIME>(07/20/06 9:46:28 pm)</DATETIME><BODY>:-p</BODY><COMMENT></COMMENT></POST>
<POST><USERNAME>holdyoucloser2003</USERNAME><DATETIME>(07/20/06 9:46:41 pm)</DATETIME><BODY>well.....when we meet</BODY><COMMENT></COMMENT></POST>
<POST><USERNAME>holdyoucloser2003</USERNAME><DATETIME>(07/20/06 9:46:54 pm)</DATETIME><BODY>lol</BODY><COMMENT></COMMENT></POST>
<POST><USERNAME>nahtasha</USERNAME><DATETIME>(07/20/06 9:47:00 pm)</DATETIME><BODY>lol oh yah youd like that i bet</BODY><COMMENT></COMMENT></POST>
<POST><USERNAME>holdyoucloser2003</USERNAME><DATETIME>(07/20/06 9:47:17 pm)</DATETIME><BODY>i would...i love to kiss</BODY><COMMENT></COMMENT></POST>
<POST><USERNAME>nahtasha</USERNAME><DATETIME>(07/20/06 9:47:52 pm)</DATETIME><BODY>thats cool its fun</BODY><COMMENT></COMMENT></POST>
<POST><USERNAME>holdyoucloser2003</USERNAME><DATETIME>(07/20/06 9:48:13 pm)</DATETIME><BODY>so what do you do to keep yourself busy?</BODY><COMMENT></COMMENT></POST>
<POST><USERNAME>nahtasha</USERNAME><DATETIME>(07/20/06 9:48:49 pm)</DATETIME><BODY>not much just do stuff on the puter not much to do here</BODY><COMMENT></COMMENT></POST>
<POST><USERNAME>holdyoucloser2003</USERNAME><DATETIME>(07/20/06 9:49:38 pm)</DATETIME><BODY>what do you enjoy doing? if those things were available to you</BODY><COMMENT></COMMENT></POST>
<POST><USERNAME>nahtasha</USERNAME><DATETIME>(07/20/06 9:49:55 pm)</DATETIME><BODY>i dunno i wish i lived in a real city</BODY><COMMENT></COMMENT></POST>
<POST><USERNAME>holdyoucloser2003</USERNAME><DATETIME>(07/20/06 9:50:08 pm)</DATETIME><BODY>sorry.....:d</BODY><COMMENT></COMMENT></POST>
<POST><USERNAME>nahtasha</USERNAME><DATETIME>(07/20/06 9:50:15 pm)</DATETIME><BODY>lol yah it syour fault of ocourse</BODY><COMMENT></COMMENT></POST>
<POST><USERNAME>holdyoucloser2003</USERNAME><DATETIME>(07/20/06 9:50:31 pm)</DATETIME><BODY>totally my fault</BODY><COMMENT></COMMENT></POST>
<POST><USERNAME>holdyoucloser2003</USERNAME><DATETIME>(07/20/06 9:50:35 pm)</DATETIME><BODY>:-p</BODY><COMMENT></COMMENT></POST>
<POST><USERNAME>nahtasha</USERNAME><DATETIME>(07/20/06 9:50:36 pm)</DATETIME><BODY>yep</BODY><COMMENT></COMMENT></POST>
<POST><USERNAME>nahtasha</USERNAME><DATETIME>(07/20/06 9:50:45 pm)</DATETIME><BODY>oh now u stickin the tonuge out</BODY><COMMENT></COMMENT></POST>
<POST><USERNAME>holdyoucloser2003</USERNAME><DATETIME>(07/20/06 9:50:54 pm)</DATETIME><BODY>damn...what can i ever do to make that up to you?</BODY><COMMENT></COMMENT></POST>
<POST><USERNAME>nahtasha</USERNAME><DATETIME>(07/20/06 9:51:00 pm)</DATETIME><BODY>lol buy me a pony</BODY><COMMENT></COMMENT></POST>
<POST><USERNAME>holdyoucloser2003</USERNAME><DATETIME>(07/20/06 9:51:03 pm)</DATETIME><BODY>well you started it</BODY><COMMENT></COMMENT></POST>
<POST><USERNAME>nahtasha</USERNAME><DATETIME>(07/20/06 9:51:10 pm)</DATETIME><BODY>uh huh :p</BODY><COMMENT></COMMENT></POST>
<POST><USERNAME>holdyoucloser2003</USERNAME><DATETIME>(07/20/06 9:51:18 pm)</DATETIME><BODY>yeah you did :-p</BODY><COMMENT></COMMENT></POST>
<POST><USERNAME>holdyoucloser2003</USERNAME><DATETIME>(07/20/06 9:51:30 pm)</DATETIME><BODY>why you want a pony?....lol</BODY><COMMENT></COMMENT></POST>
<POST><USERNAME>nahtasha</USERNAME><DATETIME>(07/20/06 9:51:39 pm)</DATETIME><BODY>lol i just though it was funny to say</BODY><COMMENT></COMMENT></POST>
<POST><USERNAME>holdyoucloser2003</USERNAME><DATETIME>(07/20/06 9:52:06 pm)</DATETIME><BODY>it was...it made me laugh</BODY><COMMENT></COMMENT></POST>
<POST><USERNAME>nahtasha</USERNAME><DATETIME>(07/20/06 9:52:13 pm)</DATETIME><BODY>thanks</BODY><COMMENT></COMMENT></POST>
<POST><USERNAME>holdyoucloser2003</USERNAME><DATETIME>(07/20/06 9:53:02 pm)</DATETIME><BODY>youre quite welcome ;;)</BODY><COMMENT></COMMENT></POST>
<POST><USERNAME>nahtasha</USERNAME><DATETIME>(07/20/06 9:53:12 pm)</DATETIME><BODY>heya blinky</BODY><COMMENT></COMMENT></POST>
<POST><USERNAME>holdyoucloser2003</USERNAME><DATETIME>(07/20/06 9:53:20 pm)</DATETIME><BODY>heya back at ay</BODY><COMMENT></COMMENT></POST>
<POST><USERNAME>nahtasha</USERNAME><DATETIME>(07/20/06 9:53:35 pm)</DATETIME><BODY>lol u likkkeeeeee me</BODY><COMMENT></COMMENT></POST>
<POST><USERNAME>holdyoucloser2003</USERNAME><DATETIME>(07/20/06 9:54:11 pm)</DATETIME><BODY>and what makes you say that?</BODY><COMMENT></COMMENT></POST>
<POST><USERNAME>nahtasha</USERNAME><DATETIME>(07/20/06 9:54:49 pm)</DATETIME><BODY>cause you do :p</BODY><COMMENT></COMMENT></POST>
<POST><USERNAME>holdyoucloser2003</USERNAME><DATETIME>(07/20/06 9:55:04 pm)</DATETIME><BODY>and what if i do?</BODY><COMMENT></COMMENT></POST>
<POST><USERNAME>holdyoucloser2003</USERNAME><DATETIME>(07/20/06 9:55:10 pm)</DATETIME><BODY>problem with that?</BODY><COMMENT></COMMENT></POST>
<POST><USERNAME>nahtasha</USERNAME><DATETIME>(07/20/06 9:55:12 pm)</DATETIME><BODY>lol thats cool</BODY><COMMENT></COMMENT></POST>
<POST><USERNAME>nahtasha</USERNAME><DATETIME>(07/20/06 9:55:16 pm)</DATETIME><BODY>not at all</BODY><COMMENT></COMMENT></POST>
<POST><USERNAME>holdyoucloser2003</USERNAME><DATETIME>(07/20/06 9:55:34 pm)</DATETIME><BODY>good</BODY><COMMENT></COMMENT></POST>
<POST><USERNAME>nahtasha</USERNAME><DATETIME>(07/20/06 9:55:34 pm)</DATETIME><BODY>makes me feel good</BODY><COMMENT></COMMENT></POST>
<POST><USERNAME>holdyoucloser2003</USERNAME><DATETIME>(07/20/06 9:56:17 pm)</DATETIME><BODY>well im glad to make you feel good</BODY><COMMENT></COMMENT></POST>
<POST><USERNAME>nahtasha</USERNAME><DATETIME>(07/20/06 9:56:29 pm)</DATETIME><BODY>thanks</BODY><COMMENT></COMMENT></POST>
<POST><USERNAME>holdyoucloser2003</USERNAME><DATETIME>(07/20/06 9:57:06 pm)</DATETIME><BODY>so tell me what you like to do......say when we meet.....what would be your ideal time?</BODY><COMMENT></COMMENT></POST>
<POST><USERNAME>nahtasha</USERNAME><DATETIME>(07/20/06 9:57:27 pm)</DATETIME><BODY>ideal time to meet? anytime this weekend cause my mom is going to my aunts</BODY><COMMENT></COMMENT></POST>
<POST><USERNAME>holdyoucloser2003</USERNAME><DATETIME>(07/20/06 9:57:42 pm)</DATETIME><BODY>for how long?</BODY><COMMENT></COMMENT></POST>
<POST><USERNAME>nahtasha</USERNAME><DATETIME>(07/20/06 9:58:00 pm)</DATETIME><BODY>few days till mon</BODY><COMMENT></COMMENT></POST>
<POST><USERNAME>holdyoucloser2003</USERNAME><DATETIME>(07/20/06 9:58:08 pm)</DATETIME><BODY>wow</BODY><COMMENT></COMMENT></POST>
<POST><USERNAME>holdyoucloser2003</USERNAME><DATETIME>(07/20/06 9:58:52 pm)</DATETIME><BODY>when she leave?</BODY><COMMENT></COMMENT></POST>
<POST><USERNAME>nahtasha</USERNAME><DATETIME>(07/20/06 9:58:58 pm)</DATETIME><BODY>tomorrow sometime</BODY><COMMENT></COMMENT></POST>
<POST><USERNAME>holdyoucloser2003</USERNAME><DATETIME>(07/20/06 9:59:53 pm)</DATETIME><BODY>and what would you enjoy doing when i come see you?</BODY><COMMENT></COMMENT></POST>
<POST><USERNAME>nahtasha</USERNAME><DATETIME>(07/20/06 10:00:06 pm)</DATETIME><BODY>i dunno im down for w/e what do u wanna do?</BODY><COMMENT></COMMENT></POST>
<POST><USERNAME>holdyoucloser2003</USERNAME><DATETIME>(07/20/06 10:00:43 pm)</DATETIME><BODY>im down for whatever as well</BODY><COMMENT></COMMENT></POST>
<POST><USERNAME>nahtasha</USERNAME><DATETIME>(07/20/06 10:01:10 pm)</DATETIME><BODY>thats cool if u could do one thing with me at all and i would say yes what would it be? :)</BODY><COMMENT></COMMENT></POST>
<POST><USERNAME>holdyoucloser2003</USERNAME><DATETIME>(07/20/06 10:01:56 pm)</DATETIME><BODY>:-?</BODY><COMMENT></COMMENT></POST>
<POST><USERNAME>holdyoucloser2003</USERNAME><DATETIME>(07/20/06 10:02:42 pm)</DATETIME><BODY>well if you would say yes...then it would be safe to say that you would want to do that as well....correct?</BODY><COMMENT></COMMENT></POST>
<POST><USERNAME>nahtasha</USERNAME><DATETIME>(07/20/06 10:02:57 pm)</DATETIME><BODY>lol i guess so unless its like eat worms or somethin</BODY><COMMENT></COMMENT></POST>
<POST><USERNAME>nahtasha</USERNAME><DATETIME>(07/20/06 10:03:08 pm)</DATETIME><BODY>just be honest :p</BODY><COMMENT></COMMENT></POST>
<POST><USERNAME>holdyoucloser2003</USERNAME><DATETIME>(07/20/06 10:03:37 pm)</DATETIME><BODY>sure........</BODY><COMMENT></COMMENT></POST>
<POST><USERNAME>holdyoucloser2003</USERNAME><DATETIME>(07/20/06 10:04:31 pm)</DATETIME><BODY>i would enjoy being close with you on the couch or wherever.....and kissing you......and if that lead somewhere...so be it....if not, that would be fine too</BODY><COMMENT></COMMENT></POST>
<POST><USERNAME>nahtasha</USERNAME><DATETIME>(07/20/06 10:04:46 pm)</DATETIME><BODY>lol dont kissin always lead somewhere? :p</BODY><COMMENT></COMMENT></POST>
<POST><USERNAME>holdyoucloser2003</USERNAME><DATETIME>(07/20/06 10:05:45 pm)</DATETIME><BODY>doesnt have to unless you want it to...i dont go where im not invited</BODY><COMMENT></COMMENT></POST>
<POST><USERNAME>nahtasha</USERNAME><DATETIME>(07/20/06 10:05:55 pm)</DATETIME><BODY>lol i didnt think u did</BODY><COMMENT></COMMENT></POST>
<POST><USERNAME>holdyoucloser2003</USERNAME><DATETIME>(07/20/06 10:06:51 pm)</DATETIME><BODY>so now its your turn to answer..... if u could do one thing with me at all and i would say yes what would it be?</BODY><COMMENT></COMMENT></POST>
<POST><USERNAME>nahtasha</USERNAME><DATETIME>(07/20/06 10:07:15 pm)</DATETIME><BODY>lemme think</BODY><COMMENT></COMMENT></POST>
<POST><USERNAME>holdyoucloser2003</USERNAME><DATETIME>(07/20/06 10:08:53 pm)</DATETIME><BODY>welcome back :d</BODY><COMMENT></COMMENT></POST>
<POST><USERNAME>nahtasha</USERNAME><DATETIME>(07/20/06 10:08:59 pm)</DATETIME><BODY>thanks that so sucked</BODY><COMMENT></COMMENT></POST>
<POST><USERNAME>holdyoucloser2003</USERNAME><DATETIME>(07/20/06 10:09:03 pm)</DATETIME><BODY>awwwwwwwwwww</BODY><COMMENT></COMMENT></POST>
<POST><USERNAME>nahtasha</USERNAME><DATETIME>(07/20/06 10:09:13 pm)</DATETIME><BODY>booters sometimes boot me if im in chat cause im black</BODY><COMMENT>(untrue, i just had my im program crash randomly, but it sounded good!)</COMMENT></POST>
<POST><USERNAME>holdyoucloser2003</USERNAME><DATETIME>(07/20/06 10:09:28 pm)</DATETIME><BODY>that is not right on any level</BODY><COMMENT></COMMENT></POST>
<POST><USERNAME>nahtasha</USERNAME><DATETIME>(07/20/06 10:09:41 pm)</DATETIME><BODY>yah so its nice that your nice to me</BODY><COMMENT></COMMENT></POST>
<POST><USERNAME>nahtasha</USERNAME><DATETIME>(07/20/06 10:10:06 pm)</DATETIME><BODY>if i could do one thing with u right now itd just be to chat honest and get to know each other and maybe then i wont be bored all weekend lol</BODY><COMMENT></COMMENT></POST>
<POST><USERNAME>holdyoucloser2003</USERNAME><DATETIME>(07/20/06 10:10:34 pm)</DATETIME><BODY>cool</BODY><COMMENT></COMMENT></POST>
<POST><USERNAME>holdyoucloser2003</USERNAME><DATETIME>(07/20/06 10:11:18 pm)</DATETIME><BODY>it would be hard for me to imagine you being bored</BODY><COMMENT></COMMENT></POST>
<POST><USERNAME>nahtasha</USERNAME><DATETIME>(07/20/06 10:11:31 pm)</DATETIME><BODY>well its a small town not much to do easy to be bored</BODY><COMMENT></COMMENT></POST>
<POST><USERNAME>holdyoucloser2003</USERNAME><DATETIME>(07/20/06 10:11:48 pm)</DATETIME><BODY>yeah...but are the guys there blind?</BODY><COMMENT></COMMENT></POST>
<POST><USERNAME>nahtasha</USERNAME><DATETIME>(07/20/06 10:12:17 pm)</DATETIME><BODY>lol i dunno most of them are white so its probs not okay for them to be atracted to me</BODY><COMMENT></COMMENT></POST>
<POST><USERNAME>holdyoucloser2003</USERNAME><DATETIME>(07/20/06 10:12:44 pm)</DATETIME><BODY>i dont understand that......they are missing out</BODY><COMMENT></COMMENT></POST>
<POST><USERNAME>nahtasha</USERNAME><DATETIME>(07/20/06 10:13:05 pm)</DATETIME><BODY>lol i guess hard not to feel like im not good for guys when that happens like im not cute and stuff</BODY><COMMENT></COMMENT></POST>
<POST><USERNAME>holdyoucloser2003</USERNAME><DATETIME>(07/20/06 10:13:45 pm)</DATETIME><BODY>are you kidding me?!?!? you are quite attractive</BODY><COMMENT></COMMENT></POST>
<POST><USERNAME>nahtasha</USERNAME><DATETIME>(07/20/06 10:13:56 pm)</DATETIME><BODY>oh thanks just dont feel that way sometimes</BODY><COMMENT></COMMENT></POST>
<POST><USERNAME>holdyoucloser2003</USERNAME><DATETIME>(07/20/06 10:14:08 pm)</DATETIME><BODY>i know what ya mean</BODY><COMMENT></COMMENT></POST>
<POST><USERNAME>holdyoucloser2003</USERNAME><DATETIME>(07/20/06 10:14:48 pm)</DATETIME><BODY>the way we think causes us to feel a certain way which causes us to act a certain way</BODY><COMMENT></COMMENT></POST>
<POST><USERNAME>holdyoucloser2003</USERNAME><DATETIME>(07/20/06 10:15:11 pm)</DATETIME><BODY>:d:d:d</BODY><COMMENT></COMMENT></POST>
<POST><USERNAME>nahtasha</USERNAME><DATETIME>(07/20/06 10:15:21 pm)</DATETIME><BODY>lol thanks for the hug</BODY><COMMENT></COMMENT></POST>
<POST><USERNAME>holdyoucloser2003</USERNAME><DATETIME>(07/20/06 10:15:27 pm)</DATETIME><BODY>anytime</BODY><COMMENT></COMMENT></POST>
<POST><USERNAME>holdyoucloser2003</USERNAME><DATETIME>(07/20/06 10:16:18 pm)</DATETIME><BODY>so tell me.....whats on your mind? what are you thinking?</BODY><COMMENT></COMMENT></POST>
<POST><USERNAME>nahtasha</USERNAME><DATETIME>(07/20/06 10:16:36 pm)</DATETIME><BODY>im thinkin that i like u and i hope u like me a lot in the guy way</BODY><COMMENT></COMMENT></POST>
<POST><USERNAME>holdyoucloser2003</USERNAME><DATETIME>(07/20/06 10:17:25 pm)</DATETIME><BODY>and tell me what you mean by in the guy way....just so i know what you mean</BODY><COMMENT></COMMENT></POST>
<POST><USERNAME>nahtasha</USERNAME><DATETIME>(07/20/06 10:17:50 pm)</DATETIME><BODY>lol that u dont wanna go mall shoppin and play barbies with me silly :p</BODY><COMMENT></COMMENT></POST>
<POST><USERNAME>holdyoucloser2003</USERNAME><DATETIME>(07/20/06 10:18:07 pm)</DATETIME><BODY>oh hell no</BODY><COMMENT></COMMENT></POST>
<POST><USERNAME>holdyoucloser2003</USERNAME><DATETIME>(07/20/06 10:18:08 pm)</DATETIME><BODY>lol</BODY><COMMENT></COMMENT></POST>
<POST><USERNAME>holdyoucloser2003</USERNAME><DATETIME>(07/20/06 10:18:15 pm)</DATETIME><BODY>:-p back at ya</BODY><COMMENT></COMMENT></POST>
<POST><USERNAME>holdyoucloser2003</USERNAME><DATETIME>(07/20/06 10:18:25 pm)</DATETIME><BODY>:-*</BODY><COMMENT></COMMENT></POST>
<POST><USERNAME>nahtasha</USERNAME><DATETIME>(07/20/06 10:18:34 pm)</DATETIME><BODY>ooo which smiley is that?</BODY><COMMENT></COMMENT></POST>
<POST><USERNAME>holdyoucloser2003</USERNAME><DATETIME>(07/20/06 10:19:30 pm)</DATETIME><BODY>: then - then * i think</BODY><COMMENT></COMMENT></POST>
<POST><USERNAME>holdyoucloser2003</USERNAME><DATETIME>(07/20/06 10:19:38 pm)</DATETIME><BODY>:-*</BODY><COMMENT></COMMENT></POST>
<POST><USERNAME>holdyoucloser2003</USERNAME><DATETIME>(07/20/06 10:19:41 pm)</DATETIME><BODY>yep</BODY><COMMENT></COMMENT></POST>
<POST><USERNAME>holdyoucloser2003</USERNAME><DATETIME>(07/20/06 10:20:00 pm)</DATETIME><BODY>its not in your smiley list?</BODY><COMMENT></COMMENT></POST>
<POST><USERNAME>nahtasha</USERNAME><DATETIME>(07/20/06 10:20:12 pm)</DATETIME><BODY>yep i just found it</BODY><COMMENT></COMMENT></POST>
<POST><USERNAME>holdyoucloser2003</USERNAME><DATETIME>(07/20/06 10:21:22 pm)</DATETIME><BODY>good</BODY><COMMENT></COMMENT></POST>
<POST><USERNAME>nahtasha</USERNAME><DATETIME>(07/20/06 10:21:35 pm)</DATETIME><BODY>cool</BODY><COMMENT></COMMENT></POST>
<POST><USERNAME>holdyoucloser2003</USERNAME><DATETIME>(07/20/06 10:21:47 pm)</DATETIME><BODY>so do you cook?</BODY><COMMENT></COMMENT></POST>
<POST><USERNAME>nahtasha</USERNAME><DATETIME>(07/20/06 10:21:52 pm)</DATETIME><BODY>lol no</BODY><COMMENT></COMMENT></POST>
<POST><USERNAME>holdyoucloser2003</USERNAME><DATETIME>(07/20/06 10:22:07 pm)</DATETIME><BODY>whatcha gonna do while mom is gone?</BODY><COMMENT></COMMENT></POST>
<POST><USERNAME>nahtasha</USERNAME><DATETIME>(07/20/06 10:22:15 pm)</DATETIME><BODY>i dunno be bored probs</BODY><COMMENT></COMMENT></POST>
<POST><USERNAME>holdyoucloser2003</USERNAME><DATETIME>(07/20/06 10:22:30 pm)</DATETIME><BODY>what about eating?</BODY><COMMENT></COMMENT></POST>
<POST><USERNAME>nahtasha</USERNAME><DATETIME>(07/20/06 10:22:34 pm)</DATETIME><BODY>what are u gonna do all wekeend?</BODY><COMMENT></COMMENT></POST>
<POST><USERNAME>nahtasha</USERNAME><DATETIME>(07/20/06 10:22:51 pm)</DATETIME><BODY>i can heat up frozen food stuff like pizzas and stuff plus she leaves me cash for stuff</BODY><COMMENT></COMMENT></POST>
<POST><USERNAME>nahtasha</USERNAME><DATETIME>(07/20/06 10:23:19 pm)</DATETIME><BODY>i though u meant cook like the cooking shows where they do crazy stuff i can reheat or heat up anything</BODY><COMMENT></COMMENT></POST>
<POST><USERNAME>holdyoucloser2003</USERNAME><DATETIME>(07/20/06 10:23:56 pm)</DATETIME><BODY>well not necessarily the crazy stuff...but just cook</BODY><COMMENT></COMMENT></POST>
<POST><USERNAME>nahtasha</USERNAME><DATETIME>(07/20/06 10:24:14 pm)</DATETIME><BODY>oh gotcha</BODY><COMMENT></COMMENT></POST>
<POST><USERNAME>nahtasha</USERNAME><DATETIME>(07/20/06 10:24:24 pm)</DATETIME><BODY>if its simple i can</BODY><COMMENT></COMMENT></POST>
<POST><USERNAME>holdyoucloser2003</USERNAME><DATETIME>(07/20/06 10:24:43 pm)</DATETIME><BODY>really its a matter of following directions</BODY><COMMENT></COMMENT></POST>
<POST><USERNAME>nahtasha</USERNAME><DATETIME>(07/20/06 10:25:03 pm)</DATETIME><BODY>i can do that pretty good</BODY><COMMENT></COMMENT></POST>
<POST><USERNAME>holdyoucloser2003</USERNAME><DATETIME>(07/20/06 10:25:06 pm)</DATETIME><BODY>and if you screw it up....then order out :))</BODY><COMMENT></COMMENT></POST>
<POST><USERNAME>nahtasha</USERNAME><DATETIME>(07/20/06 10:26:33 pm)</DATETIME><BODY>lol id rather just do that</BODY><COMMENT></COMMENT></POST>
<POST><USERNAME>holdyoucloser2003</USERNAME><DATETIME>(07/20/06 10:26:47 pm)</DATETIME><BODY>i can relate...its much easier at times</BODY><COMMENT></COMMENT></POST>
<POST><USERNAME>holdyoucloser2003</USERNAME><DATETIME>(07/20/06 10:28:01 pm)</DATETIME><BODY>im curious to know what you are thinking</BODY><COMMENT></COMMENT></POST>
<POST><USERNAME>nahtasha</USERNAME><DATETIME>(07/20/06 10:28:20 pm)</DATETIME><BODY>im thinkin your cool</BODY><COMMENT></COMMENT></POST>
<POST><USERNAME>holdyoucloser2003</USERNAME><DATETIME>(07/20/06 10:28:30 pm)</DATETIME><BODY>:</BODY><COMMENT></COMMENT></POST>
<POST><USERNAME>holdyoucloser2003</USERNAME><DATETIME>(07/20/06 10:28:33 pm)</DATETIME><BODY>thank you</BODY><COMMENT></COMMENT></POST>
<POST><USERNAME>holdyoucloser2003</USERNAME><DATETIME>(07/20/06 10:28:41 pm)</DATETIME><BODY>you know what i could use right now?</BODY><COMMENT></COMMENT></POST>
<POST><USERNAME>nahtasha</USERNAME><DATETIME>(07/20/06 10:28:55 pm)</DATETIME><BODY>lol what?</BODY><COMMENT></COMMENT></POST>
<POST><USERNAME>holdyoucloser2003</USERNAME><DATETIME>(07/20/06 10:28:57 pm)</DATETIME><BODY>a massage...especially my shoulders and neck</BODY><COMMENT></COMMENT></POST>
<POST><USERNAME>nahtasha</USERNAME><DATETIME>(07/20/06 10:29:04 pm)</DATETIME><BODY>thats cool i havent don ethat</BODY><COMMENT></COMMENT></POST>
<POST><USERNAME>holdyoucloser2003</USERNAME><DATETIME>(07/20/06 10:29:37 pm)</DATETIME><BODY>well id let ya practice then :-p</BODY><COMMENT></COMMENT></POST>
<POST><USERNAME>nahtasha</USERNAME><DATETIME>(07/20/06 10:29:45 pm)</DATETIME><BODY>lol i bet u would</BODY><COMMENT></COMMENT></POST>
<POST><USERNAME>holdyoucloser2003</USERNAME><DATETIME>(07/20/06 10:29:57 pm)</DATETIME><BODY>but i would give you one as well</BODY><COMMENT></COMMENT></POST>
<POST><USERNAME>holdyoucloser2003</USERNAME><DATETIME>(07/20/06 10:30:04 pm)</DATETIME><BODY>im fair about that</BODY><COMMENT></COMMENT></POST>
<POST><USERNAME>holdyoucloser2003</USERNAME><DATETIME>(07/20/06 10:30:07 pm)</DATETIME><BODY>lol</BODY><COMMENT></COMMENT></POST>
<POST><USERNAME>nahtasha</USERNAME><DATETIME>(07/20/06 10:30:14 pm)</DATETIME><BODY>lol thats good i dont like stuff when its not fair</BODY><COMMENT></COMMENT></POST>
<POST><USERNAME>holdyoucloser2003</USERNAME><DATETIME>(07/20/06 10:30:51 pm)</DATETIME><BODY>give me an example</BODY><COMMENT></COMMENT></POST>
<POST><USERNAME>nahtasha</USERNAME><DATETIME>(07/20/06 10:31:06 pm)</DATETIME><BODY>oh my ex wasnt very fair</BODY><COMMENT></COMMENT></POST>
<POST><USERNAME>nahtasha</USERNAME><DATETIME>(07/20/06 10:31:10 pm)</DATETIME><BODY>he was a lazy guy</BODY><COMMENT></COMMENT></POST>
<POST><USERNAME>holdyoucloser2003</USERNAME><DATETIME>(07/20/06 10:31:22 pm)</DATETIME><BODY>tell me how he was not fair</BODY><COMMENT></COMMENT></POST>
<POST><USERNAME>nahtasha</USERNAME><DATETIME>(07/20/06 10:31:55 pm)</DATETIME><BODY>oh he just wanted everything done to him u kno? guys are like that</BODY><COMMENT></COMMENT></POST>
<POST><USERNAME>nahtasha</USERNAME><DATETIME>(07/20/06 10:32:03 pm)</DATETIME><BODY>like he didnt want to do back</BODY><COMMENT></COMMENT></POST>
<POST><USERNAME>holdyoucloser2003</USERNAME><DATETIME>(07/20/06 10:32:18 pm)</DATETIME><BODY>like?</BODY><COMMENT></COMMENT></POST>
<POST><USERNAME>nahtasha</USERNAME><DATETIME>(07/20/06 10:32:27 pm)</DATETIME><BODY>oh sex stuff</BODY><COMMENT></COMMENT></POST>
<POST><USERNAME>holdyoucloser2003</USERNAME><DATETIME>(07/20/06 10:32:53 pm)</DATETIME><BODY>so he wasnt in to pleasuring you......he just wanted you to pleasure him</BODY><COMMENT></COMMENT></POST>
<POST><USERNAME>nahtasha</USERNAME><DATETIME>(07/20/06 10:33:04 pm)</DATETIME><BODY>yeah iw ouldnto tho unless he did me so we just did reg</BODY><COMMENT></COMMENT></POST>
<POST><USERNAME>holdyoucloser2003</USERNAME><DATETIME>(07/20/06 10:33:57 pm)</DATETIME><BODY>so you wouldnt go down on him unless he went down on you.....and then you two just ended up doing regular</BODY><COMMENT></COMMENT></POST>
<POST><USERNAME>nahtasha</USERNAME><DATETIME>(07/20/06 10:34:02 pm)</DATETIME><BODY>yah</BODY><COMMENT></COMMENT></POST>
<POST><USERNAME>holdyoucloser2003</USERNAME><DATETIME>(07/20/06 10:34:40 pm)</DATETIME><BODY>but you would have liked it if he took the lead and went down on you</BODY><COMMENT></COMMENT></POST>
<POST><USERNAME>nahtasha</USERNAME><DATETIME>(07/20/06 10:34:59 pm)</DATETIME><BODY>yah like i shouldnt have to say do this do that or this or that the guy is suposed to be the guy</BODY><COMMENT></COMMENT></POST>
<POST><USERNAME>holdyoucloser2003</USERNAME><DATETIME>(07/20/06 10:36:02 pm)</DATETIME><BODY>i hear ya</BODY><COMMENT></COMMENT></POST>
<POST><USERNAME>holdyoucloser2003</USERNAME><DATETIME>(07/20/06 10:36:34 pm)</DATETIME><BODY>see...i wouldnt want you to go down on me because you thought i would like it....i would want you to go down on me because you enjoyed it</BODY><COMMENT></COMMENT></POST>
<POST><USERNAME>nahtasha</USERNAME><DATETIME>(07/20/06 10:36:45 pm)</DATETIME><BODY>i dunno if i enjoy it i aint done it yet</BODY><COMMENT></COMMENT></POST>
<POST><USERNAME>holdyoucloser2003</USERNAME><DATETIME>(07/20/06 10:37:10 pm)</DATETIME><BODY>so he never went down on you?</BODY><COMMENT></COMMENT></POST>
<POST><USERNAME>nahtasha</USERNAME><DATETIME>(07/20/06 10:37:15 pm)</DATETIME><BODY>nope we just did reg</BODY><COMMENT></COMMENT></POST>
<POST><USERNAME>holdyoucloser2003</USERNAME><DATETIME>(07/20/06 10:37:31 pm)</DATETIME><BODY>have you thought about it?</BODY><COMMENT></COMMENT></POST>
<POST><USERNAME>nahtasha</USERNAME><DATETIME>(07/20/06 10:37:44 pm)</DATETIME><BODY>yah of course</BODY><COMMENT></COMMENT></POST>
<POST><USERNAME>holdyoucloser2003</USERNAME><DATETIME>(07/20/06 10:38:16 pm)</DATETIME><BODY>i can tell you one thing</BODY><COMMENT></COMMENT></POST>
<POST><USERNAME>holdyoucloser2003</USERNAME><DATETIME>(07/20/06 10:38:46 pm)</DATETIME><BODY>my tongue would be all over you.....your mouth, your nipples....down between your legs too</BODY><COMMENT>(and there he throws his caution to the wind)</COMMENT></POST>
<POST><USERNAME>nahtasha</USERNAME><DATETIME>(07/20/06 10:39:08 pm)</DATETIME><BODY>lol ooohhhhh wow</BODY><COMMENT></COMMENT></POST>
<POST><USERNAME>holdyoucloser2003</USERNAME><DATETIME>(07/20/06 10:39:35 pm)</DATETIME><BODY>and you would be pulling my head back up saying....ok baby ok baby...thats enough now</BODY><COMMENT></COMMENT></POST>
<POST><USERNAME>nahtasha</USERNAME><DATETIME>(07/20/06 10:39:41 pm)</DATETIME><BODY>lol i doubt id do that!</BODY><COMMENT>(who says were deceitful, i straight up told him that it would not be like that!)</COMMENT></POST>
<POST><USERNAME>holdyoucloser2003</USERNAME><DATETIME>(07/20/06 10:40:04 pm)</DATETIME><BODY>then i would turn over and you could ride my face for a while</BODY><COMMENT></COMMENT></POST>
<POST><USERNAME>nahtasha</USERNAME><DATETIME>(07/20/06 10:40:19 pm)</DATETIME><BODY>lol u wouldnt let me do that now u playin</BODY><COMMENT></COMMENT></POST>
<POST><USERNAME>holdyoucloser2003</USERNAME><DATETIME>(07/20/06 10:40:32 pm)</DATETIME><BODY>no...i would</BODY><COMMENT></COMMENT></POST>
<POST><USERNAME>nahtasha</USERNAME><DATETIME>(07/20/06 10:40:43 pm)</DATETIME><BODY>lol i dont beleve that</BODY><COMMENT></COMMENT></POST>
<POST><USERNAME>holdyoucloser2003</USERNAME><DATETIME>(07/20/06 10:40:59 pm)</DATETIME><BODY>and i would play with your nipples while you rode my face</BODY><COMMENT></COMMENT></POST>
<POST><USERNAME>nahtasha</USERNAME><DATETIME>(07/20/06 10:41:05 pm)</DATETIME><BODY>wow that sounds cool</BODY><COMMENT></COMMENT></POST>
<POST><USERNAME>holdyoucloser2003</USERNAME><DATETIME>(07/20/06 10:41:24 pm)</DATETIME><BODY>its all about your pleasure</BODY><COMMENT></COMMENT></POST>
<POST><USERNAME>nahtasha</USERNAME><DATETIME>(07/20/06 10:42:10 pm)</DATETIME><BODY>thats cool to say but i bet u wouldnt really do that lol</BODY><COMMENT></COMMENT></POST>
<POST><USERNAME>holdyoucloser2003</USERNAME><DATETIME>(07/20/06 10:42:23 pm)</DATETIME><BODY>i bet you are wrong</BODY><COMMENT></COMMENT></POST>
<POST><USERNAME>holdyoucloser2003</USERNAME><DATETIME>(07/20/06 10:42:25 pm)</DATETIME><BODY>lol</BODY><COMMENT></COMMENT></POST>
<POST><USERNAME>nahtasha</USERNAME><DATETIME>(07/20/06 10:42:28 pm)</DATETIME><BODY>lol i bet im not</BODY><COMMENT></COMMENT></POST>
<POST><USERNAME>holdyoucloser2003</USERNAME><DATETIME>(07/20/06 10:42:47 pm)</DATETIME><BODY>i know you are wrong</BODY><COMMENT></COMMENT></POST>
<POST><USERNAME>nahtasha</USERNAME><DATETIME>(07/20/06 10:42:54 pm)</DATETIME><BODY>lol thats big talk</BODY><COMMENT></COMMENT></POST>
<POST><USERNAME>holdyoucloser2003</USERNAME><DATETIME>(07/20/06 10:43:36 pm)</DATETIME><BODY>i know where you are coming from......but i mean what i say</BODY><COMMENT></COMMENT></POST>
<POST><USERNAME>nahtasha</USERNAME><DATETIME>(07/20/06 10:43:42 pm)</DATETIME><BODY>thats cool i hope u do</BODY><COMMENT></COMMENT></POST>
<POST><USERNAME>holdyoucloser2003</USERNAME><DATETIME>(07/20/06 10:44:06 pm)</DATETIME><BODY>why is that?</BODY><COMMENT></COMMENT></POST>
<POST><USERNAME>nahtasha</USERNAME><DATETIME>(07/20/06 10:44:11 pm)</DATETIME><BODY>because it sounds cool</BODY><COMMENT></COMMENT></POST>
<POST><USERNAME>nahtasha</USERNAME><DATETIME>(07/20/06 10:44:17 pm)</DATETIME><BODY>lol not cool hot :p</BODY><COMMENT></COMMENT></POST>
<POST><USERNAME>holdyoucloser2003</USERNAME><DATETIME>(07/20/06 10:44:21 pm)</DATETIME><BODY>lol</BODY><COMMENT></COMMENT></POST>
<POST><USERNAME>holdyoucloser2003</USERNAME><DATETIME>(07/20/06 10:44:40 pm)</DATETIME><BODY>well im hard just thinking about going down on you and you riding my face</BODY><COMMENT></COMMENT></POST>
<POST><USERNAME>nahtasha</USERNAME><DATETIME>(07/20/06 10:45:01 pm)</DATETIME><BODY>thats cool im glad u like me tat way makes me feel good</BODY><COMMENT></COMMENT></POST>
<POST><USERNAME>holdyoucloser2003</USERNAME><DATETIME>(07/20/06 10:45:55 pm)</DATETIME><BODY>and when i make you feel good....you want to make me feel good</BODY><COMMENT></COMMENT></POST>
<POST><USERNAME>nahtasha</USERNAME><DATETIME>(07/20/06 10:47:17 pm)</DATETIME><BODY>lol u keep sayin when and yeah if u did that id be down for w/e</BODY><COMMENT></COMMENT></POST>
<POST><USERNAME>holdyoucloser2003</USERNAME><DATETIME>(07/20/06 10:48:01 pm)</DATETIME><BODY>should i be saying if....or when?</BODY><COMMENT></COMMENT></POST>
<POST><USERNAME>nahtasha</USERNAME><DATETIME>(07/20/06 10:48:28 pm)</DATETIME><BODY>depends on if or when for u really im down for w/e</BODY><COMMENT></COMMENT></POST>
<POST><USERNAME>holdyoucloser2003</USERNAME><DATETIME>(07/20/06 10:49:04 pm)</DATETIME><BODY>brb</BODY><COMMENT></COMMENT></POST>
<POST><USERNAME>nahtasha</USERNAME><DATETIME>(07/20/06 10:49:30 pm)</DATETIME><BODY>okay</BODY><COMMENT></COMMENT></POST>
<POST><USERNAME>holdyoucloser2003</USERNAME><DATETIME>(07/20/06 10:52:14 pm)</DATETIME><BODY>back</BODY><COMMENT></COMMENT></POST>
<POST><USERNAME>nahtasha</USERNAME><DATETIME>(07/20/06 10:52:46 pm)</DATETIME><BODY>welcome back</BODY><COMMENT></COMMENT></POST>
<POST><USERNAME>holdyoucloser2003</USERNAME><DATETIME>(07/20/06 10:52:57 pm)</DATETIME><BODY>thank you</BODY><COMMENT></COMMENT></POST>
<POST><USERNAME>holdyoucloser2003</USERNAME><DATETIME>(07/20/06 10:53:32 pm)</DATETIME><BODY>when would you be interested in me coming down there?</BODY><COMMENT></COMMENT></POST>
<POST><USERNAME>nahtasha</USERNAME><DATETIME>(07/20/06 10:53:47 pm)</DATETIME><BODY>i dont know my mom is gone till mon so the weekend would be cool</BODY><COMMENT></COMMENT></POST>
<POST><USERNAME>holdyoucloser2003</USERNAME><DATETIME>(07/20/06 10:54:05 pm)</DATETIME><BODY>the whole weekend?</BODY><COMMENT></COMMENT></POST>
<POST><USERNAME>nahtasha</USERNAME><DATETIME>(07/20/06 10:54:33 pm)</DATETIME><BODY>huh i dunno but anytime the weekend is good</BODY><COMMENT></COMMENT></POST>
<POST><USERNAME>holdyoucloser2003</USERNAME><DATETIME>(07/20/06 10:55:22 pm)</DATETIME><BODY>if i came down tomorrow after work where would i stay?</BODY><COMMENT></COMMENT></POST>
<POST><USERNAME>nahtasha</USERNAME><DATETIME>(07/20/06 10:55:31 pm)</DATETIME><BODY>huh?</BODY><COMMENT></COMMENT></POST>
<POST><USERNAME>holdyoucloser2003</USERNAME><DATETIME>(07/20/06 10:56:22 pm)</DATETIME><BODY>if i came down tomorrow after work and stayed til saturday evening....where would i stay?</BODY><COMMENT></COMMENT></POST>
<POST><USERNAME>nahtasha</USERNAME><DATETIME>(07/20/06 10:56:34 pm)</DATETIME><BODY>why wouldnt u stay here?</BODY><COMMENT></COMMENT></POST>
<POST><USERNAME>holdyoucloser2003</USERNAME><DATETIME>(07/20/06 10:56:54 pm)</DATETIME><BODY>im just asking.....what about neighbors? what would they say?</BODY><COMMENT></COMMENT></POST>
<POST><USERNAME>nahtasha</USERNAME><DATETIME>(07/20/06 10:57:27 pm)</DATETIME><BODY>lol u dont know my town theres like nobody here</BODY><COMMENT></COMMENT></POST>
<POST><USERNAME>nahtasha</USERNAME><DATETIME>(07/20/06 10:57:33 pm)</DATETIME><BODY>its a stupid small town</BODY><COMMENT></COMMENT></POST>
<POST><USERNAME>holdyoucloser2003</USERNAME><DATETIME>(07/20/06 10:57:52 pm)</DATETIME><BODY>so nobody lives near you?</BODY><COMMENT></COMMENT></POST>
<POST><USERNAME>nahtasha</USERNAME><DATETIME>(07/20/06 10:58:19 pm)</DATETIME><BODY>yeah i mean its a big place im at and were not even friends with peple in town so its not a big deal</BODY><COMMENT></COMMENT></POST>
<POST><USERNAME>holdyoucloser2003</USERNAME><DATETIME>(07/20/06 10:59:04 pm)</DATETIME><BODY>i owuldnt want to get you in to trouble with your mom because someone said something</BODY><COMMENT></COMMENT></POST>
<POST><USERNAME>nahtasha</USERNAME><DATETIME>(07/20/06 10:59:36 pm)</DATETIME><BODY>nah that wouldnt happen i wouldnt even think about it if it was poss</BODY><COMMENT></COMMENT></POST>
<POST><USERNAME>holdyoucloser2003</USERNAME><DATETIME>(07/20/06 11:00:08 pm)</DATETIME><BODY>so you want me to come down?</BODY><COMMENT></COMMENT></POST>
<POST><USERNAME>nahtasha</USERNAME><DATETIME>(07/20/06 11:00:27 pm)</DATETIME><BODY>if u wanna i mean im bored all weekend otherwise and u kinda got me all goin a bit lol</BODY><COMMENT></COMMENT></POST>
<POST><USERNAME>holdyoucloser2003</USERNAME><DATETIME>(07/20/06 11:01:34 pm)</DATETIME><BODY>sorry :</BODY><COMMENT></COMMENT></POST>
<POST><USERNAME>nahtasha</USERNAME><DATETIME>(07/20/06 11:01:51 pm)</DATETIME><BODY>lol dont say sorry :p</BODY><COMMENT></COMMENT></POST>
<POST><USERNAME>holdyoucloser2003</USERNAME><DATETIME>(07/20/06 11:02:41 pm)</DATETIME><BODY>if you say so :-p</BODY><COMMENT></COMMENT></POST>
<POST><USERNAME>holdyoucloser2003</USERNAME><DATETIME>(07/20/06 11:02:50 pm)</DATETIME><BODY>ok...another question..........</BODY><COMMENT></COMMENT></POST>
<POST><USERNAME>holdyoucloser2003</USERNAME><DATETIME>(07/20/06 11:03:27 pm)</DATETIME><BODY>how do i know this isnt some kind of sting operation?.....ive heard a lot about those kinds of things on the news</BODY><COMMENT>(like... dateline nbc? reaaaalllyyyyyyy... ill have to watch this show sometime.)</COMMENT></POST>
<POST><USERNAME>nahtasha</USERNAME><DATETIME>(07/20/06 11:03:54 pm)</DATETIME><BODY>like the cops and stuff?</BODY><COMMENT></COMMENT></POST>
<POST><USERNAME>holdyoucloser2003</USERNAME><DATETIME>(07/20/06 11:04:19 pm)</DATETIME><BODY>yeah....man shows up....and then he is escorted out to the back seat of the car...in cuffs</BODY><COMMENT></COMMENT></POST>
<POST><USERNAME>holdyoucloser2003</USERNAME><DATETIME>(07/20/06 11:04:21 pm)</DATETIME><BODY>lol</BODY><COMMENT></COMMENT></POST>
<POST><USERNAME>nahtasha</USERNAME><DATETIME>(07/20/06 11:04:31 pm)</DATETIME><BODY>lol i havent seen that is it like on cops the show?</BODY><COMMENT></COMMENT></POST>
<POST><USERNAME>holdyoucloser2003</USERNAME><DATETIME>(07/20/06 11:04:59 pm)</DATETIME><BODY>no...but i have heard stories in the newa</BODY><COMMENT></COMMENT></POST>
<POST><USERNAME>holdyoucloser2003</USERNAME><DATETIME>(07/20/06 11:05:03 pm)</DATETIME><BODY>news*</BODY><COMMENT></COMMENT></POST>
<POST><USERNAME>nahtasha</USERNAME><DATETIME>(07/20/06 11:05:30 pm)</DATETIME><BODY>oh weird i havent seen those</BODY><COMMENT></COMMENT></POST>
<POST><USERNAME>holdyoucloser2003</USERNAME><DATETIME>(07/20/06 11:05:57 pm)</DATETIME><BODY>ive heard stories like that on the radio</BODY><COMMENT></COMMENT></POST>
<POST><USERNAME>nahtasha</USERNAME><DATETIME>(07/20/06 11:06:05 pm)</DATETIME><BODY>thats weird so they do that in ga?</BODY><COMMENT></COMMENT></POST>
<POST><USERNAME>holdyoucloser2003</USERNAME><DATETIME>(07/20/06 11:06:14 pm)</DATETIME><BODY>do what?</BODY><COMMENT></COMMENT></POST>
<POST><USERNAME>nahtasha</USERNAME><DATETIME>(07/20/06 11:06:51 pm)</DATETIME><BODY>like the tv stuff u saw?</BODY><COMMENT></COMMENT></POST>
<POST><USERNAME>holdyoucloser2003</USERNAME><DATETIME>(07/20/06 11:07:26 pm)</DATETIME><BODY>no no...didnt see anything....heard it on the news on the radio</BODY><COMMENT></COMMENT></POST>
<POST><USERNAME>nahtasha</USERNAME><DATETIME>(07/20/06 11:07:30 pm)</DATETIME><BODY>oh okay</BODY><COMMENT></COMMENT></POST>
<POST><USERNAME>nahtasha</USERNAME><DATETIME>(07/20/06 11:07:38 pm)</DATETIME><BODY>well im not a cop or w/e</BODY><COMMENT></COMMENT></POST>
<POST><USERNAME>holdyoucloser2003</USERNAME><DATETIME>(07/20/06 11:07:59 pm)</DATETIME><BODY>and you are not working with them</BODY><COMMENT></COMMENT></POST>
<POST><USERNAME>holdyoucloser2003</USERNAME><DATETIME>(07/20/06 11:08:01 pm)</DATETIME><BODY>lol</BODY><COMMENT></COMMENT></POST>
<POST><USERNAME>nahtasha</USERNAME><DATETIME>(07/20/06 11:08:20 pm)</DATETIME><BODY>lol no im just bored im not a cop</BODY><COMMENT></COMMENT></POST>
<POST><USERNAME>holdyoucloser2003</USERNAME><DATETIME>(07/20/06 11:09:24 pm)</DATETIME><BODY>so....what do we do now? how do we set this up for me to come see you?</BODY><COMMENT></COMMENT></POST>
<POST><USERNAME>nahtasha</USERNAME><DATETIME>(07/20/06 11:10:41 pm)</DATETIME><BODY>i dunno thats a good question</BODY><COMMENT></COMMENT></POST>
<POST><USERNAME>holdyoucloser2003</USERNAME><DATETIME>(07/20/06 11:11:23 pm)</DATETIME><BODY>im known for asking good questions from time to time....lol</BODY><COMMENT></COMMENT></POST>
<POST><USERNAME>nahtasha</USERNAME><DATETIME>(07/20/06 11:11:37 pm)</DATETIME><BODY>lol lemme go to the bathroom and think about that ill brb u gonna be here?</BODY><COMMENT></COMMENT></POST>
<POST><USERNAME>holdyoucloser2003</USERNAME><DATETIME>(07/20/06 11:11:53 pm)</DATETIME><BODY>ok</BODY><COMMENT></COMMENT></POST>
<POST><USERNAME>nahtasha</USERNAME><DATETIME>(07/20/06 11:26:01 pm)</DATETIME><BODY>heya sorry mom wanted to gab at me about where the cash is and stuff before she left</BODY><COMMENT></COMMENT></POST>
<POST><USERNAME>nahtasha</USERNAME><DATETIME>(07/20/06 11:26:06 pm)</DATETIME><BODY>u still there?</BODY><COMMENT></COMMENT></POST>
<POST><USERNAME>holdyoucloser2003</USERNAME><DATETIME>(07/20/06 11:26:11 pm)</DATETIME><BODY>yep yep</BODY><COMMENT></COMMENT></POST>
<POST><USERNAME>nahtasha</USERNAME><DATETIME>(07/20/06 11:26:15 pm)</DATETIME><BODY>cool :)</BODY><COMMENT></COMMENT></POST>
<POST><USERNAME>nahtasha</USERNAME><DATETIME>(07/20/06 11:26:51 pm)</DATETIME><BODY>well what time do u get off work?</BODY><COMMENT></COMMENT></POST>
<POST><USERNAME>holdyoucloser2003</USERNAME><DATETIME>(07/20/06 11:26:52 pm)</DATETIME><BODY>so what are you thinking? tell me your thoughts</BODY><COMMENT></COMMENT></POST>
<POST><USERNAME>nahtasha</USERNAME><DATETIME>(07/20/06 11:27:02 pm)</DATETIME><BODY>oh just thinkin about u coming :)</BODY><COMMENT></COMMENT></POST>
<POST><USERNAME>holdyoucloser2003</USERNAME><DATETIME>(07/20/06 11:27:24 pm)</DATETIME><BODY>so you want me to come down tomorrow after work?</BODY><COMMENT></COMMENT></POST>
<POST><USERNAME>nahtasha</USERNAME><DATETIME>(07/20/06 11:27:41 pm)</DATETIME><BODY>if thats what you wanna do i dont wanna be stood up</BODY><COMMENT></COMMENT></POST>
<POST><USERNAME>nahtasha</USERNAME><DATETIME>(07/20/06 11:27:55 pm)</DATETIME><BODY>depends what time u get off tho and stuff</BODY><COMMENT></COMMENT></POST>
<POST><USERNAME>holdyoucloser2003</USERNAME><DATETIME>(07/20/06 11:28:14 pm)</DATETIME><BODY>i get off about 5 pm......</BODY><COMMENT></COMMENT></POST>
<POST><USERNAME>holdyoucloser2003</USERNAME><DATETIME>(07/20/06 11:28:30 pm)</DATETIME><BODY>when is mom leaving?</BODY><COMMENT></COMMENT></POST>
<POST><USERNAME>nahtasha</USERNAME><DATETIME>(07/20/06 11:28:47 pm)</DATETIME><BODY>like 1 pm</BODY><COMMENT></COMMENT></POST>
<POST><USERNAME>holdyoucloser2003</USERNAME><DATETIME>(07/20/06 11:29:08 pm)</DATETIME><BODY>so that shouldnt be a problem then</BODY><COMMENT></COMMENT></POST>
<POST><USERNAME>nahtasha</USERNAME><DATETIME>(07/20/06 11:29:18 pm)</DATETIME><BODY>yah should be all good :)</BODY><COMMENT></COMMENT></POST>
<POST><USERNAME>holdyoucloser2003</USERNAME><DATETIME>(07/20/06 11:30:01 pm)</DATETIME><BODY>i should be able to be there about 7pm or so</BODY><COMMENT></COMMENT></POST>
<POST><USERNAME>nahtasha</USERNAME><DATETIME>(07/20/06 11:30:23 pm)</DATETIME><BODY>7 works for me what kinda car u drive?</BODY><COMMENT></COMMENT></POST>
<POST><USERNAME>holdyoucloser2003</USERNAME><DATETIME>(07/20/06 11:30:34 pm)</DATETIME><BODY>white explorer</BODY><COMMENT></COMMENT></POST>
<POST><USERNAME>nahtasha</USERNAME><DATETIME>(07/20/06 11:30:46 pm)</DATETIME><BODY>cool</BODY><COMMENT></COMMENT></POST>
<POST><USERNAME>holdyoucloser2003</USERNAME><DATETIME>(07/20/06 11:30:46 pm)</DATETIME><BODY>why?</BODY><COMMENT></COMMENT></POST>
<POST><USERNAME>nahtasha</USERNAME><DATETIME>(07/20/06 11:30:57 pm)</DATETIME><BODY>just wanna know what to look for :) im excited</BODY><COMMENT></COMMENT></POST>
<POST><USERNAME>holdyoucloser2003</USERNAME><DATETIME>(07/20/06 11:31:22 pm)</DATETIME><BODY>so what is this small town i will be coming to?</BODY><COMMENT></COMMENT></POST>
<POST><USERNAME>nahtasha</USERNAME><DATETIME>(07/20/06 11:31:43 pm)</DATETIME><BODY>ill give ya my addy and u can map it</BODY><COMMENT></COMMENT></POST>
<POST><USERNAME>holdyoucloser2003</USERNAME><DATETIME>(07/20/06 11:31:49 pm)</DATETIME><BODY>ok</BODY><COMMENT></COMMENT></POST>
<POST><USERNAME>nahtasha</USERNAME><DATETIME>(07/20/06 11:32:03 pm)</DATETIME><BODY>*addy removed*</BODY><COMMENT></COMMENT></POST>
<POST><USERNAME>nahtasha</USERNAME><DATETIME>(07/20/06 11:34:23 pm)</DATETIME><BODY>u map it?</BODY><COMMENT></COMMENT></POST>
<POST><USERNAME>holdyoucloser2003</USERNAME><DATETIME>(07/20/06 11:34:34 pm)</DATETIME><BODY>yes....i see it</BODY><COMMENT></COMMENT></POST>
<POST><USERNAME>nahtasha</USERNAME><DATETIME>(07/20/06 11:34:50 pm)</DATETIME><BODY>cool u got a good idea how to get there? its pretty small lol</BODY><COMMENT></COMMENT></POST>
<POST><USERNAME>holdyoucloser2003</USERNAME><DATETIME>(07/20/06 11:34:51 pm)</DATETIME><BODY>youre just north of columbus</BODY><COMMENT></COMMENT></POST>
<POST><USERNAME>nahtasha</USERNAME><DATETIME>(07/20/06 11:34:56 pm)</DATETIME><BODY>yep by columbus</BODY><COMMENT></COMMENT></POST>
<POST><USERNAME>holdyoucloser2003</USERNAME><DATETIME>(07/20/06 11:35:14 pm)</DATETIME><BODY>yeah it looks like it is out in the middle of nowhere</BODY><COMMENT></COMMENT></POST>
<POST><USERNAME>nahtasha</USERNAME><DATETIME>(07/20/06 11:35:21 pm)</DATETIME><BODY>lol yah told u this town is borin</BODY><COMMENT></COMMENT></POST>
<POST><USERNAME>holdyoucloser2003</USERNAME><DATETIME>(07/20/06 11:35:35 pm)</DATETIME><BODY>how close is your closest neighbor?</BODY><COMMENT></COMMENT></POST>
<POST><USERNAME>nahtasha</USERNAME><DATETIME>(07/20/06 11:36:03 pm)</DATETIME><BODY>pretty far</BODY><COMMENT></COMMENT></POST>
<POST><USERNAME>nahtasha</USERNAME><DATETIME>(07/20/06 11:36:30 pm)</DATETIME><BODY>its a big house we live in its cool</BODY><COMMENT></COMMENT></POST>
<POST><USERNAME>holdyoucloser2003</USERNAME><DATETIME>(07/20/06 11:36:31 pm)</DATETIME><BODY>how is it that you ended up out in the middle of nowhere?</BODY><COMMENT></COMMENT></POST>
<POST><USERNAME>nahtasha</USERNAME><DATETIME>(07/20/06 11:36:55 pm)</DATETIME><BODY>my dad went to jail like when i was 2 and my dads dad my granddad set us up in the house and my mom and he pay for it</BODY><COMMENT></COMMENT></POST>
<POST><USERNAME>nahtasha</USERNAME><DATETIME>(07/20/06 11:37:05 pm)</DATETIME><BODY>that way were taken care of</BODY><COMMENT></COMMENT></POST>
<POST><USERNAME>holdyoucloser2003</USERNAME><DATETIME>(07/20/06 11:37:14 pm)</DATETIME><BODY>cool</BODY><COMMENT></COMMENT></POST>
<POST><USERNAME>nahtasha</USERNAME><DATETIME>(07/20/06 11:37:35 pm)</DATETIME><BODY>so yeah its a cool house town kinda sucks but the house is nice youll like it</BODY><COMMENT></COMMENT></POST>
<POST><USERNAME>holdyoucloser2003</USERNAME><DATETIME>(07/20/06 11:38:26 pm)</DATETIME><BODY>what about us talking on the phone before i come there?</BODY><COMMENT></COMMENT></POST>
<POST><USERNAME>nahtasha</USERNAME><DATETIME>(07/20/06 11:38:44 pm)</DATETIME><BODY>u want me to call u while you drivin?</BODY><COMMENT></COMMENT></POST>
<POST><USERNAME>holdyoucloser2003</USERNAME><DATETIME>(07/20/06 11:39:10 pm)</DATETIME><BODY>call me after your mom leaves....how about that?</BODY><COMMENT></COMMENT></POST>
<POST><USERNAME>nahtasha</USERNAME><DATETIME>(07/20/06 11:39:17 pm)</DATETIME><BODY>at your work?</BODY><COMMENT></COMMENT></POST>
<POST><USERNAME>holdyoucloser2003</USERNAME><DATETIME>(07/20/06 11:39:32 pm)</DATETIME><BODY>i cna give you my cell number</BODY><COMMENT></COMMENT></POST>
<POST><USERNAME>nahtasha</USERNAME><DATETIME>(07/20/06 11:39:39 pm)</DATETIME><BODY>cool go ahead ill call</BODY><COMMENT></COMMENT></POST>
<POST><USERNAME>holdyoucloser2003</USERNAME><DATETIME>(07/20/06 11:39:49 pm)</DATETIME><BODY>678-274-2395</BODY><COMMENT></COMMENT></POST>
<POST><USERNAME>holdyoucloser2003</USERNAME><DATETIME>(07/20/06 11:39:59 pm)</DATETIME><BODY>by the way....my name is jim</BODY><COMMENT></COMMENT></POST>
<POST><USERNAME>nahtasha</USERNAME><DATETIME>(07/20/06 11:40:06 pm)</DATETIME><BODY>i know that silly your email said so</BODY><COMMENT></COMMENT></POST>
<POST><USERNAME>holdyoucloser2003</USERNAME><DATETIME>(07/20/06 11:40:09 pm)</DATETIME><BODY>lol</BODY><COMMENT></COMMENT></POST>
<POST><USERNAME>nahtasha</USERNAME><DATETIME>(07/20/06 11:40:51 pm)</DATETIME><BODY>ill def call</BODY><COMMENT></COMMENT></POST>
<POST><USERNAME>holdyoucloser2003</USERNAME><DATETIME>(07/20/06 11:41:01 pm)</DATETIME><BODY>cool</BODY><COMMENT></COMMENT></POST>
<POST><USERNAME>holdyoucloser2003</USERNAME><DATETIME>(07/20/06 11:41:16 pm)</DATETIME><BODY>so i should hear from you by what time you think?</BODY><COMMENT></COMMENT></POST>
<POST><USERNAME>nahtasha</USERNAME><DATETIME>(07/20/06 11:41:27 pm)</DATETIME><BODY>prob after 1 cause thats when she leaves</BODY><COMMENT></COMMENT></POST>
<POST><USERNAME>nahtasha</USERNAME><DATETIME>(07/20/06 11:41:32 pm)</DATETIME><BODY>def by 2</BODY><COMMENT></COMMENT></POST>
<POST><USERNAME>holdyoucloser2003</USERNAME><DATETIME>(07/20/06 11:42:04 pm)</DATETIME><BODY>and if i dont hear from you by what time that would mean that it is off and that i should not come</BODY><COMMENT></COMMENT></POST>
<POST><USERNAME>nahtasha</USERNAME><DATETIME>(07/20/06 11:42:21 pm)</DATETIME><BODY>ill call either way so dont worry bout that</BODY><COMMENT></COMMENT></POST>
<POST><USERNAME>nahtasha</USERNAME><DATETIME>(07/20/06 11:42:31 pm)</DATETIME><BODY>just take the map so u can find it</BODY><COMMENT></COMMENT></POST>
<POST><USERNAME>holdyoucloser2003</USERNAME><DATETIME>(07/20/06 11:42:48 pm)</DATETIME><BODY>no problem there....im printing it out right now</BODY><COMMENT></COMMENT></POST>
<POST><USERNAME>nahtasha</USERNAME><DATETIME>(07/20/06 11:42:54 pm)</DATETIME><BODY>cool</BODY><COMMENT></COMMENT></POST>
<POST><USERNAME>holdyoucloser2003</USERNAME><DATETIME>(07/20/06 11:43:41 pm)</DATETIME><BODY>so now tell me....what are you thinking about?</BODY><COMMENT></COMMENT></POST>
<POST><USERNAME>nahtasha</USERNAME><DATETIME>(07/20/06 11:44:01 pm)</DATETIME><BODY>im thinkin about how cool itll be when your here and were having fun :p</BODY><COMMENT></COMMENT></POST>
<POST><USERNAME>holdyoucloser2003</USERNAME><DATETIME>(07/20/06 11:45:44 pm)</DATETIME><BODY>cool</BODY><COMMENT></COMMENT></POST>
<POST><USERNAME>nahtasha</USERNAME><DATETIME>(07/20/06 11:45:56 pm)</DATETIME><BODY>what are u thinkin about?</BODY><COMMENT></COMMENT></POST>
<POST><USERNAME>holdyoucloser2003</USERNAME><DATETIME>(07/20/06 11:46:21 pm)</DATETIME><BODY>same.....and driving up and giving you a big hug</BODY><COMMENT></COMMENT></POST>
<POST><USERNAME>nahtasha</USERNAME><DATETIME>(07/20/06 11:46:28 pm)</DATETIME><BODY>nice aww you so sweet</BODY><COMMENT></COMMENT></POST>
<POST><USERNAME>holdyoucloser2003</USERNAME><DATETIME>(07/20/06 11:46:37 pm)</DATETIME><BODY>:</BODY><COMMENT></COMMENT></POST>
<POST><USERNAME>holdyoucloser2003</USERNAME><DATETIME>(07/20/06 11:46:57 pm)</DATETIME><BODY>ok....well im gong to head off to bed now</BODY><COMMENT></COMMENT></POST>
<POST><USERNAME>nahtasha</USERNAME><DATETIME>(07/20/06 11:47:05 pm)</DATETIME><BODY>okay have a nice sleep i hope u think of me :p</BODY><COMMENT></COMMENT></POST>
<POST><USERNAME>holdyoucloser2003</USERNAME><DATETIME>(07/20/06 11:47:39 pm)</DATETIME><BODY>if i am thinking of you i wont be able to go to sleep...:-p</BODY><COMMENT></COMMENT></POST>
<POST><USERNAME>nahtasha</USERNAME><DATETIME>(07/20/06 11:47:49 pm)</DATETIME><BODY>lol thats true okay u get a good rest then :)</BODY><COMMENT></COMMENT></POST>
<POST><USERNAME>holdyoucloser2003</USERNAME><DATETIME>(07/20/06 11:48:21 pm)</DATETIME><BODY>and you may leave me an offline or email and ill check it in the morning before i go to the office</BODY><COMMENT></COMMENT></POST>
<POST><USERNAME>nahtasha</USERNAME><DATETIME>(07/20/06 11:48:40 pm)</DATETIME><BODY>cool i might i might not it depends if i can get on the puter before she leaves she might wanna hang for a bit with me before she go</BODY><COMMENT></COMMENT></POST>
<POST><USERNAME>nahtasha</USERNAME><DATETIME>(07/20/06 11:48:51 pm)</DATETIME><BODY>also depends on when i wake lol</BODY><COMMENT></COMMENT></POST>
<POST><USERNAME>holdyoucloser2003</USERNAME><DATETIME>(07/20/06 11:49:35 pm)</DATETIME><BODY>lol....ok....well send an email since i wont get an offline im at the office....holdyoucloser2003@yahoo.com......sweet and pleasant dreams to you....will look for your call</BODY><COMMENT></COMMENT></POST>
<POST><USERNAME>nahtasha</USERNAME><DATETIME>(07/20/06 11:49:51 pm)</DATETIME><BODY>cool ill def call</BODY><COMMENT></COMMENT></POST>
<POST><USERNAME>nahtasha</USERNAME><DATETIME>(07/20/06 11:49:58 pm)</DATETIME><BODY>talk to u tomorrow and see u too :)</BODY><COMMENT></COMMENT></POST>
<POST><USERNAME>holdyoucloser2003</USERNAME><DATETIME>(07/20/06 11:49:59 pm)</DATETIME><BODY>:d:-*</BODY><COMMENT></COMMENT></POST>
<POST><USERNAME>nahtasha</USERNAME><DATETIME>(07/20/06 11:50:13 pm)</DATETIME><BODY>;;)</BODY><COMMENT></COMMENT></POST>
<POST><USERNAME></USERNAME><DATETIME></DATETIME><BODY></BODY><COMMENT></COMMENT></POST>
</data>