<data>
<POST><USERNAME></USERNAME><DATETIME></DATETIME><BODY>09/28/04</BODY><COMMENT></COMMENT></POST>
<POST><USERNAME>icepirate53</USERNAME><DATETIME>(8:36:58 pm)</DATETIME><BODY>hi</BODY><COMMENT></COMMENT></POST>
<POST><USERNAME>icepirate53</USERNAME><DATETIME>(8:37:01 pm)</DATETIME><BODY>u busy?</BODY><COMMENT></COMMENT></POST>
<POST><USERNAME>hum_cali_girl</USERNAME><DATETIME>(8:37:04 pm)</DATETIME><BODY>no</BODY><COMMENT></COMMENT></POST>
<POST><USERNAME>icepirate53</USERNAME><DATETIME>(8:37:10 pm)</DATETIME><BODY>u in fortuna</BODY><COMMENT></COMMENT></POST>
<POST><USERNAME>hum_cali_girl</USERNAME><DATETIME>(8:37:18 pm)</DATETIME><BODY>no eureka</BODY><COMMENT></COMMENT></POST>
<POST><USERNAME>icepirate53</USERNAME><DATETIME>(8:37:21 pm)</DATETIME><BODY>how old</BODY><COMMENT></COMMENT></POST>
<POST><USERNAME>hum_cali_girl</USERNAME><DATETIME>(8:37:24 pm)</DATETIME><BODY>13 u</BODY><COMMENT></COMMENT></POST>
<POST><USERNAME>icepirate53</USERNAME><DATETIME>(8:37:29 pm)</DATETIME><BODY>too young</BODY><COMMENT>(yes.)</COMMENT></POST>
<POST><USERNAME>icepirate53</USERNAME><DATETIME>(8:37:32 pm)</DATETIME><BODY>damn</BODY><COMMENT></COMMENT></POST>
<POST><USERNAME>hum_cali_girl</USERNAME><DATETIME>(8:37:35 pm)</DATETIME><BODY>lol wut</BODY><COMMENT></COMMENT></POST>
<POST><USERNAME>icepirate53</USERNAME><DATETIME>(8:37:47 pm)</DATETIME><BODY>what you looking for?</BODY><COMMENT></COMMENT></POST>
<POST><USERNAME>hum_cali_girl</USERNAME><DATETIME>(8:38:00 pm)</DATETIME><BODY>lol i dunno</BODY><COMMENT></COMMENT></POST>
<POST><USERNAME>hum_cali_girl</USERNAME><DATETIME>(8:38:01 pm)</DATETIME><BODY>asl</BODY><COMMENT></COMMENT></POST>
<POST><USERNAME>icepirate53</USERNAME><DATETIME>(8:38:08 pm)</DATETIME><BODY>too old for you</BODY><COMMENT>(yes.)</COMMENT></POST>
<POST><USERNAME>icepirate53</USERNAME><DATETIME>(8:38:09 pm)</DATETIME><BODY>lol</BODY><COMMENT></COMMENT></POST>
<POST><USERNAME>hum_cali_girl</USERNAME><DATETIME>(8:38:12 pm)</DATETIME><BODY>lol</BODY><COMMENT></COMMENT></POST>
<POST><USERNAME>icepirate53</USERNAME><DATETIME>(8:38:16 pm)</DATETIME><BODY>u virgin</BODY><COMMENT>(and, here we go.)</COMMENT></POST>
<POST><USERNAME>hum_cali_girl</USERNAME><DATETIME>(8:38:22 pm)</DATETIME><BODY>may be</BODY><COMMENT></COMMENT></POST>
<POST><USERNAME>icepirate53</USERNAME><DATETIME>(8:38:25 pm)</DATETIME><BODY>lol</BODY><COMMENT></COMMENT></POST>
<POST><USERNAME>icepirate53</USERNAME><DATETIME>(8:38:27 pm)</DATETIME><BODY>you are</BODY><COMMENT></COMMENT></POST>
<POST><USERNAME>icepirate53</USERNAME><DATETIME>(8:38:29 pm)</DATETIME><BODY>lol</BODY><COMMENT></COMMENT></POST>
<POST><USERNAME>hum_cali_girl</USERNAME><DATETIME>(8:38:31 pm)</DATETIME><BODY>may be</BODY><COMMENT></COMMENT></POST>
<POST><USERNAME>icepirate53</USERNAME><DATETIME>(8:38:44 pm)</DATETIME><BODY>u lookin to get it off ya</BODY><COMMENT>(what an odd turn of phrase.)</COMMENT></POST>
<POST><USERNAME>hum_cali_girl</USERNAME><DATETIME>(8:38:53 pm)</DATETIME><BODY>may be</BODY><COMMENT></COMMENT></POST>
<POST><USERNAME>icepirate53</USERNAME><DATETIME>(8:39:01 pm)</DATETIME><BODY>let</BODY><COMMENT></COMMENT></POST>
<POST><USERNAME>icepirate53</USERNAME><DATETIME>(8:39:09 pm)</DATETIME><BODY>lets do it</BODY><COMMENT></COMMENT></POST>
<POST><USERNAME>hum_cali_girl</USERNAME><DATETIME>(8:39:15 pm)</DATETIME><BODY>lol asl</BODY><COMMENT></COMMENT></POST>
<POST><USERNAME>icepirate53</USERNAME><DATETIME>(8:39:25 pm)</DATETIME><BODY>u got cam or more pics</BODY><COMMENT></COMMENT></POST>
<POST><USERNAME>hum_cali_girl</USERNAME><DATETIME>(8:39:32 pm)</DATETIME><BODY>nah</BODY><COMMENT></COMMENT></POST>
<POST><USERNAME>icepirate53</USERNAME><DATETIME>(8:39:38 pm)</DATETIME><BODY>oh well</BODY><COMMENT>(yup, move along, nothing to see here.)</COMMENT></POST>
<POST><USERNAME>icepirate53</USERNAME><DATETIME>(8:39:39 pm)</DATETIME><BODY>cya</BODY><COMMENT>(buh-bye)</COMMENT></POST>
<POST><USERNAME>hum_cali_girl</USERNAME><DATETIME>(8:39:52 pm)</DATETIME><BODY>wutever by than</BODY><COMMENT></COMMENT></POST>
<POST><USERNAME>icepirate53</USERNAME><DATETIME>(8:39:58 pm)</DATETIME><BODY>bye cute</BODY><COMMENT></COMMENT></POST>
<POST><USERNAME>icepirate53</USERNAME><DATETIME>(8:40:01 pm)</DATETIME><BODY>too bad</BODY><COMMENT>(youre still talking.)</COMMENT></POST>
<POST><USERNAME>hum_cali_girl</USERNAME><DATETIME>(8:40:12 pm)</DATETIME><BODY>u dont even gotta pic neway</BODY><COMMENT></COMMENT></POST>
<POST><USERNAME>icepirate53</USERNAME><DATETIME>(8:40:15 pm)</DATETIME><BODY>i would fuck you if you wanted it</BODY><COMMENT>(where did that come from???)</COMMENT></POST>
<POST><USERNAME>hum_cali_girl</USERNAME><DATETIME>(8:40:25 pm)</DATETIME><BODY>omg lol</BODY><COMMENT></COMMENT></POST>
<POST><USERNAME>icepirate53</USERNAME><DATETIME>(8:40:31 pm)</DATETIME><BODY>u want it dont you</BODY><COMMENT>(wow, the only explanation i can come up with is that hes so horny hes incapable of coherent thought, hes just ping ponging around.)</COMMENT></POST>
<POST><USERNAME>hum_cali_girl</USERNAME><DATETIME>(8:40:35 pm)</DATETIME><BODY>may be</BODY><COMMENT></COMMENT></POST>
<POST><USERNAME>icepirate53</USERNAME><DATETIME>(8:40:41 pm)</DATETIME><BODY>do u or not</BODY><COMMENT>(impatient, thats what he is, in addition to horny and dangerous.)</COMMENT></POST>
<POST><USERNAME>hum_cali_girl</USERNAME><DATETIME>(8:40:47 pm)</DATETIME><BODY>depndz</BODY><COMMENT></COMMENT></POST>
<POST><USERNAME>icepirate53</USERNAME><DATETIME>(8:40:49 pm)</DATETIME><BODY>on</BODY><COMMENT></COMMENT></POST>
<POST><USERNAME>hum_cali_girl</USERNAME><DATETIME>(8:40:56 pm)</DATETIME><BODY>if yur kewt</BODY><COMMENT></COMMENT></POST>
<POST><USERNAME>icepirate53</USERNAME><DATETIME>(8:41:00 pm)</DATETIME><BODY>i am</BODY><COMMENT></COMMENT></POST>
<POST><USERNAME>icepirate53</USERNAME><DATETIME>(8:41:15 pm)</DATETIME><BODY>if u dont want it ok</BODY><COMMENT>(i dont.)</COMMENT></POST>
<POST><USERNAME>icepirate53</USERNAME><DATETIME>(8:41:17 pm)</DATETIME><BODY>no prob</BODY><COMMENT></COMMENT></POST>
<POST><USERNAME>hum_cali_girl</USERNAME><DATETIME>(8:41:28 pm)</DATETIME><BODY>r u like super old</BODY><COMMENT></COMMENT></POST>
<POST><USERNAME>icepirate53</USERNAME><DATETIME>(8:41:35 pm)</DATETIME><BODY>old enough</BODY><COMMENT>(to know better? yes, you are.)</COMMENT></POST>
<POST><USERNAME>icepirate53</USERNAME><DATETIME>(8:41:41 pm)</DATETIME><BODY>i could teach you lots</BODY><COMMENT>(ugh. how creepy is that? oh, and wait, it gets worse.)</COMMENT></POST>
<POST><USERNAME>hum_cali_girl</USERNAME><DATETIME>(8:41:41 pm)</DATETIME><BODY>like 60 or sumthing</BODY><COMMENT></COMMENT></POST>
<POST><USERNAME>icepirate53</USERNAME><DATETIME>(8:41:44 pm)</DATETIME><BODY>no</BODY><COMMENT></COMMENT></POST>
<POST><USERNAME>icepirate53</USERNAME><DATETIME>(8:41:46 pm)</DATETIME><BODY>no tthat old</BODY><COMMENT></COMMENT></POST>
<POST><USERNAME>hum_cali_girl</USERNAME><DATETIME>(8:41:50 pm)</DATETIME><BODY>welllllllllllllllllll</BODY><COMMENT></COMMENT></POST>
<POST><USERNAME>hum_cali_girl</USERNAME><DATETIME>(8:41:52 pm)</DATETIME><BODY>how olddddddddddddddddd</BODY><COMMENT></COMMENT></POST>
<POST><USERNAME>icepirate53</USERNAME><DATETIME>(8:41:59 pm)</DATETIME><BODY>50x</BODY><COMMENT></COMMENT></POST>
<POST><USERNAME>icepirate53</USERNAME><DATETIME>(8:42:03 pm)</DATETIME><BODY>u want it</BODY><COMMENT></COMMENT></POST>
<POST><USERNAME>icepirate53</USERNAME><DATETIME>(8:42:06 pm)</DATETIME><BODY>?</BODY><COMMENT></COMMENT></POST>
<POST><USERNAME>hum_cali_girl</USERNAME><DATETIME>(8:42:14 pm)</DATETIME><BODY>wut u want me 2 do</BODY><COMMENT></COMMENT></POST>
<POST><USERNAME>icepirate53</USERNAME><DATETIME>(8:42:14 pm)</DATETIME><BODY>i would teach you</BODY><COMMENT>(again with the teach)</COMMENT></POST>
<POST><USERNAME>icepirate53</USERNAME><DATETIME>(8:42:21 pm)</DATETIME><BODY>if you want</BODY><COMMENT>(how, chivalrous?)</COMMENT></POST>
<POST><USERNAME>hum_cali_girl</USERNAME><DATETIME>(8:42:29 pm)</DATETIME><BODY>u live n eureka</BODY><COMMENT>(gauging how far hed need to drive....)</COMMENT></POST>
<POST><USERNAME>icepirate53</USERNAME><DATETIME>(8:42:34 pm)</DATETIME><BODY>yes</BODY><COMMENT></COMMENT></POST>
<POST><USERNAME>icepirate53</USERNAME><DATETIME>(8:42:35 pm)</DATETIME><BODY>u?</BODY><COMMENT></COMMENT></POST>
<POST><USERNAME>hum_cali_girl</USERNAME><DATETIME>(8:42:39 pm)</DATETIME><BODY>ya</BODY><COMMENT></COMMENT></POST>
<POST><USERNAME>icepirate53</USERNAME><DATETIME>(8:42:49 pm)</DATETIME><BODY>parents home/</BODY><COMMENT>(risk assessment)</COMMENT></POST>
<POST><USERNAME>hum_cali_girl</USERNAME><DATETIME>(8:42:53 pm)</DATETIME><BODY>nah</BODY><COMMENT></COMMENT></POST>
<POST><USERNAME>icepirate53</USERNAME><DATETIME>(8:43:02 pm)</DATETIME><BODY>want to meet/</BODY><COMMENT>(at this point in the chat, i was on the telephone with a police officer, that was itching to meet him for me.......keep reading...)</COMMENT></POST>
<POST><USERNAME>hum_cali_girl</USERNAME><DATETIME>(8:43:12 pm)</DATETIME><BODY>lol</BODY><COMMENT></COMMENT></POST>
<POST><USERNAME>hum_cali_girl</USERNAME><DATETIME>(8:43:19 pm)</DATETIME><BODY>id hafta call u 1st</BODY><COMMENT></COMMENT></POST>
<POST><USERNAME>hum_cali_girl</USERNAME><DATETIME>(8:43:24 pm)</DATETIME><BODY>c if yur kewel</BODY><COMMENT></COMMENT></POST>
<POST><USERNAME>icepirate53</USERNAME><DATETIME>(8:43:26 pm)</DATETIME><BODY>i am a generous man</BODY><COMMENT></COMMENT></POST>
<POST><USERNAME>icepirate53</USERNAME><DATETIME>(8:43:34 pm)</DATETIME><BODY>make it worth your while</BODY><COMMENT>(oh. uh. wow. okay, child prostitution. okay. well, theres a twist. just one of many.)</COMMENT></POST>
<POST><USERNAME>hum_cali_girl</USERNAME><DATETIME>(8:43:38 pm)</DATETIME><BODY>like pay me</BODY><COMMENT>(are you serious?)</COMMENT></POST>
<POST><USERNAME>icepirate53</USERNAME><DATETIME>(8:43:48 pm)</DATETIME><BODY>is tha what you want?</BODY><COMMENT>(what id like is for you to drive to the nearest police dept, in this case, fortuna pd, and turn yourself in. i dont always get what i want though, and in this case, im fine with the alternative.)</COMMENT></POST>
<POST><USERNAME>hum_cali_girl</USERNAME><DATETIME>(8:43:53 pm)</DATETIME><BODY>lol i dunno</BODY><COMMENT></COMMENT></POST>
<POST><USERNAME>hum_cali_girl</USERNAME><DATETIME>(8:43:55 pm)</DATETIME><BODY>u sed it</BODY><COMMENT></COMMENT></POST>
<POST><USERNAME>icepirate53</USERNAME><DATETIME>(8:44:00 pm)</DATETIME><BODY>tell me?</BODY><COMMENT></COMMENT></POST>
<POST><USERNAME>hum_cali_girl</USERNAME><DATETIME>(8:44:09 pm)</DATETIME><BODY>wut u want 2 do 2 me</BODY><COMMENT></COMMENT></POST>
<POST><USERNAME>icepirate53</USERNAME><DATETIME>(8:44:20 pm)</DATETIME><BODY>what do you want to learn?</BODY><COMMENT></COMMENT></POST>
<POST><USERNAME>hum_cali_girl</USERNAME><DATETIME>(8:44:27 pm)</DATETIME><BODY>i dunnooooooooooooooo</BODY><COMMENT></COMMENT></POST>
<POST><USERNAME>icepirate53</USERNAME><DATETIME>(8:44:32 pm)</DATETIME><BODY>brb</BODY><COMMENT></COMMENT></POST>
<POST><USERNAME>icepirate53</USERNAME><DATETIME>(8:44:37 pm)</DATETIME><BODY>then you can tell me ok?</BODY><COMMENT></COMMENT></POST>
<POST><USERNAME>hum_cali_girl</USERNAME><DATETIME>(8:45:29 pm)</DATETIME><BODY>okkkkkkkkkkkkkkk</BODY><COMMENT></COMMENT></POST>
<POST><USERNAME>icepirate53</USERNAME><DATETIME>(8:46:08 pm)</DATETIME><BODY>back</BODY><COMMENT></COMMENT></POST>
<POST><USERNAME>hum_cali_girl</USERNAME><DATETIME>(8:46:11 pm)</DATETIME><BODY>k</BODY><COMMENT></COMMENT></POST>
<POST><USERNAME>icepirate53</USERNAME><DATETIME>(8:46:24 pm)</DATETIME><BODY>when where?</BODY><COMMENT>(impatient, much?)</COMMENT></POST>
<POST><USERNAME>icepirate53</USERNAME><DATETIME>(8:46:32 pm)</DATETIME><BODY>parents home/</BODY><COMMENT>(yeah, you asked me that already, whats up? you talking to so many kids at once you lost track of which questions youd asked? you predatory schmuck.)</COMMENT></POST>
<POST><USERNAME>icepirate53</USERNAME><DATETIME>(8:46:39 pm)</DATETIME><BODY>i could meet you</BODY><COMMENT>(not on your life. ever. nope. aint gonna happen.)</COMMENT></POST>
<POST><USERNAME>hum_cali_girl</USERNAME><DATETIME>(8:46:52 pm)</DATETIME><BODY>like wut u wanna do tho</BODY><COMMENT></COMMENT></POST>
<POST><USERNAME>hum_cali_girl</USERNAME><DATETIME>(8:47:00 pm)</DATETIME><BODY>yur not gonna hurt me r u</BODY><COMMENT></COMMENT></POST>
<POST><USERNAME>icepirate53</USERNAME><DATETIME>(8:47:03 pm)</DATETIME><BODY>just meet and talk</BODY><COMMENT></COMMENT></POST>
<POST><USERNAME>icepirate53</USERNAME><DATETIME>(8:47:07 pm)</DATETIME><BODY>i am very nice honest</BODY><COMMENT>(yeah, uh, cuz nice honest 50x men generally try to have sex with 13 year olds???)</COMMENT></POST>
<POST><USERNAME>hum_cali_girl</USERNAME><DATETIME>(8:47:25 pm)</DATETIME><BODY>lol ok</BODY><COMMENT></COMMENT></POST>
<POST><USERNAME>icepirate53</USERNAME><DATETIME>(8:47:32 pm)</DATETIME><BODY>where are you?</BODY><COMMENT>(again, he cant remember where i am, leading me to believe that hes carrying on numerous conversations.)</COMMENT></POST>
<POST><USERNAME>hum_cali_girl</USERNAME><DATETIME>(8:47:36 pm)</DATETIME><BODY>n eureka</BODY><COMMENT></COMMENT></POST>
<POST><USERNAME>icepirate53</USERNAME><DATETIME>(8:47:44 pm)</DATETIME><BODY>where in eureka/</BODY><COMMENT></COMMENT></POST>
<POST><USERNAME>hum_cali_girl</USERNAME><DATETIME>(8:47:48 pm)</DATETIME><BODY>off myrtle</BODY><COMMENT></COMMENT></POST>
<POST><USERNAME>icepirate53</USERNAME><DATETIME>(8:47:56 pm)</DATETIME><BODY>ok</BODY><COMMENT></COMMENT></POST>
<POST><USERNAME>hum_cali_girl</USERNAME><DATETIME>(8:47:57 pm)</DATETIME><BODY>wutz yyur name</BODY><COMMENT></COMMENT></POST>
<POST><USERNAME>icepirate53</USERNAME><DATETIME>(8:48:05 pm)</DATETIME><BODY>ron</BODY><COMMENT></COMMENT></POST>
<POST><USERNAME>icepirate53</USERNAME><DATETIME>(8:48:07 pm)</DATETIME><BODY>urs?</BODY><COMMENT></COMMENT></POST>
<POST><USERNAME>hum_cali_girl</USERNAME><DATETIME>(8:48:12 pm)</DATETIME><BODY>allie</BODY><COMMENT></COMMENT></POST>
<POST><USERNAME>icepirate53</USERNAME><DATETIME>(8:48:16 pm)</DATETIME><BODY>hi allie</BODY><COMMENT></COMMENT></POST>
<POST><USERNAME>hum_cali_girl</USERNAME><DATETIME>(8:48:20 pm)</DATETIME><BODY>hi ron lol</BODY><COMMENT></COMMENT></POST>
<POST><USERNAME>icepirate53</USERNAME><DATETIME>(8:48:22 pm)</DATETIME><BODY>where are parents?</BODY><COMMENT>(hes chatting with other children, by now im convinced of it, and i want him to leave them alone. i need him to focus on me, and leave. them. alone.)</COMMENT></POST>
<POST><USERNAME>hum_cali_girl</USERNAME><DATETIME>(8:48:46 pm)</DATETIME><BODY>momz workz at seaview</BODY><COMMENT></COMMENT></POST>
<POST><USERNAME>icepirate53</USERNAME><DATETIME>(8:48:53 pm)</DATETIME><BODY>ok</BODY><COMMENT></COMMENT></POST>
<POST><USERNAME>icepirate53</USERNAME><DATETIME>(8:48:55 pm)</DATETIME><BODY>dad?</BODY><COMMENT></COMMENT></POST>
<POST><USERNAME>hum_cali_girl</USERNAME><DATETIME>(8:49:00 pm)</DATETIME><BODY>i dunno</BODY><COMMENT></COMMENT></POST>
<POST><USERNAME>icepirate53</USERNAME><DATETIME>(8:49:07 pm)</DATETIME><BODY>is seaview a resthome?</BODY><COMMENT></COMMENT></POST>
<POST><USERNAME>hum_cali_girl</USERNAME><DATETIME>(8:49:10 pm)</DATETIME><BODY>probly n jail</BODY><COMMENT></COMMENT></POST>
<POST><USERNAME>hum_cali_girl</USERNAME><DATETIME>(8:49:11 pm)</DATETIME><BODY>ya</BODY><COMMENT></COMMENT></POST>
<POST><USERNAME>icepirate53</USERNAME><DATETIME>(8:49:13 pm)</DATETIME><BODY>lol</BODY><COMMENT></COMMENT></POST>
<POST><USERNAME>hum_cali_girl</USERNAME><DATETIME>(8:49:16 pm)</DATETIME><BODY>on hum hill</BODY><COMMENT></COMMENT></POST>
<POST><USERNAME>icepirate53</USERNAME><DATETIME>(8:49:31 pm)</DATETIME><BODY>do u drive?</BODY><COMMENT>(do i drive? um, hello, pay attention ron, im the 13 year old youre chatting with. focus ron. focus.)</COMMENT></POST>
<POST><USERNAME>hum_cali_girl</USERNAME><DATETIME>(8:49:36 pm)</DATETIME><BODY>lol um noooooooooooooooo</BODY><COMMENT></COMMENT></POST>
<POST><USERNAME>hum_cali_girl</USERNAME><DATETIME>(8:49:42 pm)</DATETIME><BODY>im 13 rember</BODY><COMMENT></COMMENT></POST>
<POST><USERNAME>icepirate53</USERNAME><DATETIME>(8:49:59 pm)</DATETIME><BODY>this is scary</BODY><COMMENT>(it should be. in fact, you should stop!)</COMMENT></POST>
<POST><USERNAME>hum_cali_girl</USERNAME><DATETIME>(8:50:05 pm)</DATETIME><BODY>huh</BODY><COMMENT></COMMENT></POST>
<POST><USERNAME>icepirate53</USERNAME><DATETIME>(8:50:12 pm)</DATETIME><BODY>i dont want to get arrested</BODY><COMMENT>(i dont want to pay taxes. guess were both sol, eh?)</COMMENT></POST>
<POST><USERNAME>icepirate53</USERNAME><DATETIME>(8:50:13 pm)</DATETIME><BODY>lol</BODY><COMMENT></COMMENT></POST>
<POST><USERNAME>hum_cali_girl</USERNAME><DATETIME>(8:50:21 pm)</DATETIME><BODY>omg y wuld u</BODY><COMMENT></COMMENT></POST>
<POST><USERNAME>icepirate53</USERNAME><DATETIME>(8:51:12 pm)</DATETIME><BODY>what school do you go to?</BODY><COMMENT></COMMENT></POST>
<POST><USERNAME>hum_cali_girl</USERNAME><DATETIME>(8:51:17 pm)</DATETIME><BODY>winship</BODY><COMMENT></COMMENT></POST>
<POST><USERNAME>icepirate53</USERNAME><DATETIME>(8:51:31 pm)</DATETIME><BODY>what is your moms name/</BODY><COMMENT>(wow, thorough, aintcha?)</COMMENT></POST>
<POST><USERNAME>hum_cali_girl</USERNAME><DATETIME>(8:51:37 pm)</DATETIME><BODY>y u wanna no that</BODY><COMMENT></COMMENT></POST>
<POST><USERNAME>icepirate53</USERNAME><DATETIME>(8:52:00 pm)</DATETIME><BODY>when does mom get home?</BODY><COMMENT>(again, this is called risk assessment.)</COMMENT></POST>
<POST><USERNAME>hum_cali_girl</USERNAME><DATETIME>(8:52:06 pm)</DATETIME><BODY>in tha mornin</BODY><COMMENT></COMMENT></POST>
<POST><USERNAME>icepirate53</USERNAME><DATETIME>(8:52:12 pm)</DATETIME><BODY>dad not home?</BODY><COMMENT>(sigh. again, weve covered this ron. pay attention.)</COMMENT></POST>
<POST><USERNAME>hum_cali_girl</USERNAME><DATETIME>(8:52:26 pm)</DATETIME><BODY>he doesnt live here</BODY><COMMENT></COMMENT></POST>
<POST><USERNAME>icepirate53</USERNAME><DATETIME>(8:52:28 pm)</DATETIME><BODY>bothers or sisters?</BODY><COMMENT>(no ron, im the perfect victim, focus on me, stop chatting with real children. focus.)</COMMENT></POST>
<POST><USERNAME>hum_cali_girl</USERNAME><DATETIME>(8:52:33 pm)</DATETIME><BODY>noperz</BODY><COMMENT></COMMENT></POST>
<POST><USERNAME>icepirate53</USERNAME><DATETIME>(8:52:40 pm)</DATETIME><BODY>want to call me?</BODY><COMMENT>(me? nah. tell ya what, ill get one of my underage sounding female verifiers to do it though. in fact, ill use my personal favorite, sweet. why is she my favorite? read on, youll see. sweet rocked this verification. sweet deserves much praise. )</COMMENT></POST>
<POST><USERNAME>hum_cali_girl</USERNAME><DATETIME>(8:52:49 pm)</DATETIME><BODY>yur confusin me</BODY><COMMENT></COMMENT></POST>
<POST><USERNAME>icepirate53</USERNAME><DATETIME>(8:53:11 pm)</DATETIME><BODY>i am afraid that u might be a cop</BODY><COMMENT>(nope. im not a cop. but i do have some on speed dial.)</COMMENT></POST>
<POST><USERNAME>hum_cali_girl</USERNAME><DATETIME>(8:53:18 pm)</DATETIME><BODY>wwwwwwwwwuuuuuuuuuuuuutttttttttttttttt</BODY><COMMENT></COMMENT></POST>
<POST><USERNAME>icepirate53</USERNAME><DATETIME>(8:53:31 pm)</DATETIME><BODY>i dont want to get in trouble</BODY><COMMENT></COMMENT></POST>
<POST><USERNAME>icepirate53</USERNAME><DATETIME>(8:53:36 pm)</DATETIME><BODY>i am a nice man</BODY><COMMENT>(no, ron, you are not a nice man. you are a vile and disgusting piece of predatory scum. you should do us all a favor and move to a deserted island, and live off of grubs and rotting things.)</COMMENT></POST>
<POST><USERNAME>hum_cali_girl</USERNAME><DATETIME>(8:53:44 pm)</DATETIME><BODY>lol okkkkkkkkkk</BODY><COMMENT></COMMENT></POST>
<POST><USERNAME>hum_cali_girl</USERNAME><DATETIME>(8:53:48 pm)</DATETIME><BODY>ummmmmmm</BODY><COMMENT></COMMENT></POST>
<POST><USERNAME>icepirate53</USERNAME><DATETIME>(8:54:02 pm)</DATETIME><BODY>what do u want to do</BODY><COMMENT>(typical, put it off on the child. )</COMMENT></POST>
<POST><USERNAME>hum_cali_girl</USERNAME><DATETIME>(8:54:12 pm)</DATETIME><BODY>it depndz on wut u want i gues</BODY><COMMENT></COMMENT></POST>
<POST><USERNAME>hum_cali_girl</USERNAME><DATETIME>(8:54:20 pm)</DATETIME><BODY>like yur not gonna hurt me rite</BODY><COMMENT></COMMENT></POST>
<POST><USERNAME>icepirate53</USERNAME><DATETIME>(8:54:28 pm)</DATETIME><BODY>i wouldnt do that</BODY><COMMENT></COMMENT></POST>
<POST><USERNAME>icepirate53</USERNAME><DATETIME>(8:54:32 pm)</DATETIME><BODY>i am nice honest</BODY><COMMENT>(oh, for christs sake, stfu already about that!!! you are not a nice honest man. you are a deluded fool. you are a dangerous, slimey, .......ugh!)</COMMENT></POST>
<POST><USERNAME>hum_cali_girl</USERNAME><DATETIME>(8:54:36 pm)</DATETIME><BODY>u hafta promise</BODY><COMMENT></COMMENT></POST>
<POST><USERNAME>icepirate53</USERNAME><DATETIME>(8:54:42 pm)</DATETIME><BODY>i promise</BODY><COMMENT></COMMENT></POST>
<POST><USERNAME>hum_cali_girl</USERNAME><DATETIME>(8:55:00 pm)</DATETIME><BODY>corss yur heart</BODY><COMMENT></COMMENT></POST>
<POST><USERNAME>icepirate53</USERNAME><DATETIME>(8:55:04 pm)</DATETIME><BODY>lol</BODY><COMMENT></COMMENT></POST>
<POST><USERNAME>icepirate53</USERNAME><DATETIME>(8:55:05 pm)</DATETIME><BODY>yes</BODY><COMMENT></COMMENT></POST>
<POST><USERNAME>hum_cali_girl</USERNAME><DATETIME>(8:55:13 pm)</DATETIME><BODY>okkkkkkkk</BODY><COMMENT></COMMENT></POST>
<POST><USERNAME>hum_cali_girl</USERNAME><DATETIME>(8:55:23 pm)</DATETIME><BODY>i guessssssssssssssss i belive u</BODY><COMMENT></COMMENT></POST>
<POST><USERNAME>icepirate53</USERNAME><DATETIME>(8:55:26 pm)</DATETIME><BODY>do you promise that you are not a cop?</BODY><COMMENT>(yup. cross my heart, hope to die, stick a needle in my eye. im. not. a. cop.)</COMMENT></POST>
<POST><USERNAME>hum_cali_girl</USERNAME><DATETIME>(8:55:31 pm)</DATETIME><BODY>i promiessssssssssssssssssss</BODY><COMMENT></COMMENT></POST>
<POST><USERNAME>icepirate53</USERNAME><DATETIME>(8:55:38 pm)</DATETIME><BODY>u want to call me?</BODY><COMMENT>(um, gimme a sec here, gotta line up my verifier, bring her up to speed, etc.)</COMMENT></POST>
<POST><USERNAME>hum_cali_girl</USERNAME><DATETIME>(8:55:50 pm)</DATETIME><BODY>ya if u want me 2</BODY><COMMENT></COMMENT></POST>
<POST><USERNAME>icepirate53</USERNAME><DATETIME>(8:55:54 pm)</DATETIME><BODY>lol</BODY><COMMENT></COMMENT></POST>
<POST><USERNAME>icepirate53</USERNAME><DATETIME>(8:56:02 pm)</DATETIME><BODY>bye</BODY><COMMENT>(woah! slow your roll here, it aint like that, we do this on my time, not yours, bucko.)</COMMENT></POST>
<POST><USERNAME>hum_cali_girl</USERNAME><DATETIME>(8:56:09 pm)</DATETIME><BODY>u kinda scared me tho</BODY><COMMENT></COMMENT></POST>
<POST><USERNAME>hum_cali_girl</USERNAME><DATETIME>(8:56:15 pm)</DATETIME><BODY>askin who my momz wuz</BODY><COMMENT></COMMENT></POST>
<POST><USERNAME>icepirate53</USERNAME><DATETIME>(8:56:18 pm)</DATETIME><BODY>i am scared too</BODY><COMMENT></COMMENT></POST>
<POST><USERNAME>icepirate53</USERNAME><DATETIME>(8:56:28 pm)</DATETIME><BODY>u seem nice</BODY><COMMENT>(why, thank you. im very nice. i treat my fellow man with respect. unless, of course, you happen to be a child predator, then im a vicious fucking snake in the grass. welcome to tyrone.)</COMMENT></POST>
<POST><USERNAME>hum_cali_girl</USERNAME><DATETIME>(8:56:28 pm)</DATETIME><BODY>well like r u gonna tell her</BODY><COMMENT></COMMENT></POST>
<POST><USERNAME>icepirate53</USERNAME><DATETIME>(8:56:33 pm)</DATETIME><BODY>no</BODY><COMMENT></COMMENT></POST>
<POST><USERNAME>hum_cali_girl</USERNAME><DATETIME>(8:56:43 pm)</DATETIME><BODY>i wuld get in bigggggggggggg time truble</BODY><COMMENT></COMMENT></POST>
<POST><USERNAME>icepirate53</USERNAME><DATETIME>(8:56:49 pm)</DATETIME><BODY>so would i</BODY><COMMENT></COMMENT></POST>
<POST><USERNAME>icepirate53</USERNAME><DATETIME>(8:56:50 pm)</DATETIME><BODY>lol</BODY><COMMENT></COMMENT></POST>
<POST><USERNAME>hum_cali_girl</USERNAME><DATETIME>(8:56:57 pm)</DATETIME><BODY>d00d id b so grounded</BODY><COMMENT></COMMENT></POST>
<POST><USERNAME>hum_cali_girl</USERNAME><DATETIME>(8:59:26 pm)</DATETIME><BODY>um hullllllllllllllllllllllllllllllo</BODY><COMMENT></COMMENT></POST>
<POST><USERNAME>icepirate53</USERNAME><DATETIME>(8:59:40 pm)</DATETIME><BODY>hi</BODY><COMMENT></COMMENT></POST>
<POST><USERNAME>hum_cali_girl</USERNAME><DATETIME>(8:59:49 pm)</DATETIME><BODY>whred u go</BODY><COMMENT></COMMENT></POST>
<POST><USERNAME>icepirate53</USERNAME><DATETIME>(8:59:57 pm)</DATETIME><BODY>what to call me?</BODY><COMMENT>(impatience is really annoying.)</COMMENT></POST>
<POST><USERNAME>hum_cali_girl</USERNAME><DATETIME>(9:00:02 pm)</DATETIME><BODY>ya</BODY><COMMENT></COMMENT></POST>
<POST><USERNAME>icepirate53</USERNAME><DATETIME>(9:00:12 pm)</DATETIME><BODY>tell me the truth?</BODY><COMMENT>(okay, the truth is, im not allie, im tyrone, i am a contributor for perverted-justice.com, and youre about to become intimately familiar with what all that entails.)</COMMENT></POST>
<POST><USERNAME>hum_cali_girl</USERNAME><DATETIME>(9:00:19 pm)</DATETIME><BODY>my momz iz gonna call on her brake in a min than i culd call u</BODY><COMMENT>(stall tactic)</COMMENT></POST>
<POST><USERNAME>hum_cali_girl</USERNAME><DATETIME>(9:00:23 pm)</DATETIME><BODY>bout wut</BODY><COMMENT></COMMENT></POST>
<POST><USERNAME>icepirate53</USERNAME><DATETIME>(9:00:37 pm)</DATETIME><BODY>what do u want?</BODY><COMMENT></COMMENT></POST>
<POST><USERNAME>hum_cali_girl</USERNAME><DATETIME>(9:00:43 pm)</DATETIME><BODY>a bf</BODY><COMMENT></COMMENT></POST>
<POST><USERNAME>hum_cali_girl</USERNAME><DATETIME>(9:00:51 pm)</DATETIME><BODY>jes sum1 tht likez me</BODY><COMMENT></COMMENT></POST>
<POST><USERNAME>icepirate53</USERNAME><DATETIME>(9:00:59 pm)</DATETIME><BODY>i like u</BODY><COMMENT>(aww, after all of 1/2 an hour, the 50+ year old likes the 13 year old! it must be for her mind....)</COMMENT></POST>
<POST><USERNAME>hum_cali_girl</USERNAME><DATETIME>(9:01:02 pm)</DATETIME><BODY>awwwww</BODY><COMMENT></COMMENT></POST>
<POST><USERNAME>icepirate53</USERNAME><DATETIME>(9:01:14 pm)</DATETIME><BODY>but i am not wanting to get you or me in trouble</BODY><COMMENT>(yeah, because clearly, if this was a real 13 year old, she would be at fault for your troubles? um, no. you brought this all on yourself.)</COMMENT></POST>
<POST><USERNAME>icepirate53</USERNAME><DATETIME>(9:01:17 pm)</DATETIME><BODY>ok?</BODY><COMMENT></COMMENT></POST>
<POST><USERNAME>hum_cali_girl</USERNAME><DATETIME>(9:01:20 pm)</DATETIME><BODY>ya</BODY><COMMENT></COMMENT></POST>
<POST><USERNAME>icepirate53</USERNAME><DATETIME>(9:01:30 pm)</DATETIME><BODY>when is she going to call?</BODY><COMMENT>(just, chill.)</COMMENT></POST>
<POST><USERNAME>hum_cali_girl</USERNAME><DATETIME>(9:01:31 pm)</DATETIME><BODY>i wont tell iffen u dont k</BODY><COMMENT></COMMENT></POST>
<POST><USERNAME>hum_cali_girl</USERNAME><DATETIME>(9:01:42 pm)</DATETIME><BODY>she callz 2 tell me goodnite</BODY><COMMENT></COMMENT></POST>
<POST><USERNAME>hum_cali_girl</USERNAME><DATETIME>(9:01:50 pm)</DATETIME><BODY>sposta b at 9</BODY><COMMENT></COMMENT></POST>
<POST><USERNAME>hum_cali_girl</USERNAME><DATETIME>(9:02:04 pm)</DATETIME><BODY>shez late sumtimez tho cuz her boss iz a bitch</BODY><COMMENT></COMMENT></POST>
<POST><USERNAME>icepirate53</USERNAME><DATETIME>(9:02:09 pm)</DATETIME><BODY>ok</BODY><COMMENT></COMMENT></POST>
<POST><USERNAME>icepirate53</USERNAME><DATETIME>(9:02:18 pm)</DATETIME><BODY>message me after she calls ok?</BODY><COMMENT>(whys that? you chatting up other kids still? you too impatient to wait for me to line up my verifier?)</COMMENT></POST>
<POST><USERNAME>hum_cali_girl</USERNAME><DATETIME>(9:02:28 pm)</DATETIME><BODY>u dont wanna talk 2 me</BODY><COMMENT></COMMENT></POST>
<POST><USERNAME>icepirate53</USERNAME><DATETIME>(9:02:39 pm)</DATETIME><BODY>i will talk to you</BODY><COMMENT>(yes, you will. focus.)</COMMENT></POST>
<POST><USERNAME>hum_cali_girl</USERNAME><DATETIME>(9:02:48 pm)</DATETIME><BODY>ok</BODY><COMMENT></COMMENT></POST>
<POST><USERNAME>hum_cali_girl</USERNAME><DATETIME>(9:02:55 pm)</DATETIME><BODY>um wut do u look like</BODY><COMMENT></COMMENT></POST>
<POST><USERNAME>icepirate53</USERNAME><DATETIME>(9:03:08 pm)</DATETIME><BODY>i am a handsome man</BODY><COMMENT>(no. youre not. youre vile. absofuckinglutely vile.)</COMMENT></POST>
<POST><USERNAME>hum_cali_girl</USERNAME><DATETIME>(9:03:12 pm)</DATETIME><BODY>kewelllllllllll</BODY><COMMENT></COMMENT></POST>
<POST><USERNAME>hum_cali_girl</USERNAME><DATETIME>(9:03:16 pm)</DATETIME><BODY>r u rich</BODY><COMMENT></COMMENT></POST>
<POST><USERNAME>icepirate53</USERNAME><DATETIME>(9:03:24 pm)</DATETIME><BODY>kind of</BODY><COMMENT>(have an attorney on retainer?)</COMMENT></POST>
<POST><USERNAME>hum_cali_girl</USERNAME><DATETIME>(9:03:30 pm)</DATETIME><BODY>u gotta car</BODY><COMMENT></COMMENT></POST>
<POST><USERNAME>icepirate53</USERNAME><DATETIME>(9:03:31 pm)</DATETIME><BODY>why/</BODY><COMMENT></COMMENT></POST>
<POST><USERNAME>icepirate53</USERNAME><DATETIME>(9:03:33 pm)</DATETIME><BODY>yes</BODY><COMMENT></COMMENT></POST>
<POST><USERNAME>hum_cali_girl</USERNAME><DATETIME>(9:03:38 pm)</DATETIME><BODY>thtz kewel</BODY><COMMENT></COMMENT></POST>
<POST><USERNAME>hum_cali_girl</USERNAME><DATETIME>(9:03:47 pm)</DATETIME><BODY>r u married</BODY><COMMENT></COMMENT></POST>
<POST><USERNAME>icepirate53</USERNAME><DATETIME>(9:03:57 pm)</DATETIME><BODY>yes</BODY><COMMENT>(this, while expected, broke my heart. that poor, poor woman.)</COMMENT></POST>
<POST><USERNAME>icepirate53</USERNAME><DATETIME>(9:03:59 pm)</DATETIME><BODY>u?</BODY><COMMENT></COMMENT></POST>
<POST><USERNAME>icepirate53</USERNAME><DATETIME>(9:04:01 pm)</DATETIME><BODY>lol</BODY><COMMENT></COMMENT></POST>
<POST><USERNAME>hum_cali_girl</USERNAME><DATETIME>(9:04:04 pm)</DATETIME><BODY>lol noperz</BODY><COMMENT></COMMENT></POST>
<POST><USERNAME>icepirate53</USERNAME><DATETIME>(9:04:10 pm)</DATETIME><BODY>i hope not</BODY><COMMENT></COMMENT></POST>
<POST><USERNAME>hum_cali_girl</USERNAME><DATETIME>(9:04:11 pm)</DATETIME><BODY>am i prettyer then her</BODY><COMMENT></COMMENT></POST>
<POST><USERNAME>icepirate53</USERNAME><DATETIME>(9:04:11 pm)</DATETIME><BODY>lol</BODY><COMMENT></COMMENT></POST>
<POST><USERNAME>icepirate53</USERNAME><DATETIME>(9:04:20 pm)</DATETIME><BODY>i am sure you are</BODY><COMMENT>(see, hes now forgotten that he found me by viewing my pic, and has already complimented my looks. he talking to other kids. hes pissing me off.)</COMMENT></POST>
<POST><USERNAME>hum_cali_girl</USERNAME><DATETIME>(9:04:32 pm)</DATETIME><BODY>u dint c my pic on my prof??????????/</BODY><COMMENT>(f.o.c.u.s!)</COMMENT></POST>
<POST><USERNAME>icepirate53</USERNAME><DATETIME>(9:04:43 pm)</DATETIME><BODY>no</BODY><COMMENT>(you dumb ass mutha fucker.)</COMMENT></POST>
<POST><USERNAME>hum_cali_girl</USERNAME><DATETIME>(9:04:47 pm)</DATETIME><BODY>sillllllly</BODY><COMMENT></COMMENT></POST>
<POST><USERNAME>icepirate53</USERNAME><DATETIME>(9:05:09 pm)</DATETIME><BODY>wow</BODY><COMMENT>(wow? ~blinks~ senile fuck.)</COMMENT></POST>
<POST><USERNAME>icepirate53</USERNAME><DATETIME>(9:05:11 pm)</DATETIME><BODY>u r cute</BODY><COMMENT>(yeah, you said that, dont believe me? scroll up.)</COMMENT></POST>
<POST><USERNAME>hum_cali_girl</USERNAME><DATETIME>(9:05:15 pm)</DATETIME><BODY>awwwwwww relly</BODY><COMMENT></COMMENT></POST>
<POST><USERNAME>icepirate53</USERNAME><DATETIME>(9:05:19 pm)</DATETIME><BODY>yes</BODY><COMMENT></COMMENT></POST>
<POST><USERNAME>hum_cali_girl</USERNAME><DATETIME>(9:05:23 pm)</DATETIME><BODY>tyvm</BODY><COMMENT></COMMENT></POST>
<POST><USERNAME>hum_cali_girl</USERNAME><DATETIME>(9:05:58 pm)</DATETIME><BODY>u still wanna meet me</BODY><COMMENT></COMMENT></POST>
<POST><USERNAME>icepirate53</USERNAME><DATETIME>(9:06:01 pm)</DATETIME><BODY>yes</BODY><COMMENT></COMMENT></POST>
<POST><USERNAME>hum_cali_girl</USERNAME><DATETIME>(9:06:04 pm)</DATETIME><BODY>ok</BODY><COMMENT></COMMENT></POST>
<POST><USERNAME>icepirate53</USERNAME><DATETIME>(9:06:05 pm)</DATETIME><BODY>if you want me to</BODY><COMMENT></COMMENT></POST>
<POST><USERNAME>hum_cali_girl</USERNAME><DATETIME>(9:06:14 pm)</DATETIME><BODY>u wanna kiss n stuff</BODY><COMMENT></COMMENT></POST>
<POST><USERNAME>icepirate53</USERNAME><DATETIME>(9:06:26 pm)</DATETIME><BODY>u scare me</BODY><COMMENT>(that almost makes us even, as you disgust me, and repulse, and sicken...okay, so maybe were not even.)</COMMENT></POST>
<POST><USERNAME>hum_cali_girl</USERNAME><DATETIME>(9:06:29 pm)</DATETIME><BODY>lol</BODY><COMMENT></COMMENT></POST>
<POST><USERNAME>hum_cali_girl</USERNAME><DATETIME>(9:06:41 pm)</DATETIME><BODY>want me 2 go :(</BODY><COMMENT></COMMENT></POST>
<POST><USERNAME>icepirate53</USERNAME><DATETIME>(9:06:49 pm)</DATETIME><BODY>if u want to</BODY><COMMENT></COMMENT></POST>
<POST><USERNAME>icepirate53</USERNAME><DATETIME>(9:06:58 pm)</DATETIME><BODY>but if you are real i want to talk</BODY><COMMENT>(oh, im real.)</COMMENT></POST>
<POST><USERNAME>hum_cali_girl</USERNAME><DATETIME>(9:07:08 pm)</DATETIME><BODY>um how wuldnt i b real</BODY><COMMENT></COMMENT></POST>
<POST><USERNAME>hum_cali_girl</USERNAME><DATETIME>(9:07:15 pm)</DATETIME><BODY>wanna pinch me</BODY><COMMENT></COMMENT></POST>
<POST><USERNAME>icepirate53</USERNAME><DATETIME>(9:07:24 pm)</DATETIME><BODY>what classes do you have</BODY><COMMENT>(big. red. flag.)</COMMENT></POST>
<POST><USERNAME>hum_cali_girl</USERNAME><DATETIME>(9:07:50 pm)</DATETIME><BODY>math english keybording pe spanish social studies</BODY><COMMENT></COMMENT></POST>
<POST><USERNAME>icepirate53</USERNAME><DATETIME>(9:08:01 pm)</DATETIME><BODY>do you want to call me?</BODY><COMMENT>(id like to toy with you first. id like to give my verifier a chance to catch her breath, as she was out for the evening, and needs to settle in.)</COMMENT></POST>
<POST><USERNAME>hum_cali_girl</USERNAME><DATETIME>(9:08:16 pm)</DATETIME><BODY>ya but i cant b on tha phone if she calz so we gotta wate</BODY><COMMENT>(so, you wait.)</COMMENT></POST>
<POST><USERNAME>icepirate53</USERNAME><DATETIME>(9:08:24 pm)</DATETIME><BODY>ok</BODY><COMMENT></COMMENT></POST>
<POST><USERNAME>icepirate53</USERNAME><DATETIME>(9:08:30 pm)</DATETIME><BODY>how much longer</BODY><COMMENT>(stfu and wait.)</COMMENT></POST>
<POST><USERNAME>hum_cali_girl</USERNAME><DATETIME>(9:08:33 pm)</DATETIME><BODY>shed freeeeeeeeek</BODY><COMMENT></COMMENT></POST>
<POST><USERNAME>icepirate53</USERNAME><DATETIME>(9:08:49 pm)</DATETIME><BODY>do u have dsl?</BODY><COMMENT>(inquisitive.)</COMMENT></POST>
<POST><USERNAME>hum_cali_girl</USERNAME><DATETIME>(9:08:56 pm)</DATETIME><BODY>i dunno she callz round 9 but sumtimes itz laterz</BODY><COMMENT></COMMENT></POST>
<POST><USERNAME>hum_cali_girl</USERNAME><DATETIME>(9:09:07 pm)</DATETIME><BODY>dsl</BODY><COMMENT></COMMENT></POST>
<POST><USERNAME>hum_cali_girl</USERNAME><DATETIME>(9:09:11 pm)</DATETIME><BODY>wutz that</BODY><COMMENT></COMMENT></POST>
<POST><USERNAME>icepirate53</USERNAME><DATETIME>(9:09:24 pm)</DATETIME><BODY>are you on dial up?</BODY><COMMENT>(inquisitive.)</COMMENT></POST>
<POST><USERNAME>hum_cali_girl</USERNAME><DATETIME>(9:09:31 pm)</DATETIME><BODY>itz like tha tv thingy</BODY><COMMENT></COMMENT></POST>
<POST><USERNAME>icepirate53</USERNAME><DATETIME>(9:09:52 pm)</DATETIME><BODY>ok message me after she calls ok?</BODY><COMMENT>(no, you will focus on me, you will not chat with the other children. leave the kids alone, focus on tyrone. come on ron.)</COMMENT></POST>
<POST><USERNAME>hum_cali_girl</USERNAME><DATETIME>(9:09:54 pm)</DATETIME><BODY>cox or wutever</BODY><COMMENT></COMMENT></POST>
<POST><USERNAME>icepirate53</USERNAME><DATETIME>(9:10:02 pm)</DATETIME><BODY>i am going to have some dinner</BODY><COMMENT>(wow, did your wife cook you a delicious meal? did you sit down with her, at your dining room table? did you discuss your day, your children....your plans to meet and rape a 13 year old?)</COMMENT></POST>
<POST><USERNAME>hum_cali_girl</USERNAME><DATETIME>(9:10:05 pm)</DATETIME><BODY>ok</BODY><COMMENT></COMMENT></POST>
<POST><USERNAME>icepirate53</USERNAME><DATETIME>(9:10:21 pm)</DATETIME><BODY>talk to you later ok?</BODY><COMMENT></COMMENT></POST>
<POST><USERNAME>hum_cali_girl</USERNAME><DATETIME>(9:10:27 pm)</DATETIME><BODY>i gues</BODY><COMMENT>(grr.)</COMMENT></POST>
<POST><USERNAME>icepirate53</USERNAME><DATETIME>(9:10:38 pm)</DATETIME><BODY>bye for now</BODY><COMMENT></COMMENT></POST>
<POST><USERNAME>hum_cali_girl</USERNAME><DATETIME>(9:10:42 pm)</DATETIME><BODY>by</BODY><COMMENT></COMMENT></POST>
<POST><USERNAME>icepirate53</USERNAME><DATETIME>(9:14:56 pm)</DATETIME><BODY>hi</BODY><COMMENT>(wow, speed eater? liar? both? impatient? certainly.)</COMMENT></POST>
<POST><USERNAME>icepirate53</USERNAME><DATETIME>(9:14:59 pm)</DATETIME><BODY>she call yet?</BODY><COMMENT></COMMENT></POST>
<POST><USERNAME>hum_cali_girl</USERNAME><DATETIME>(9:19:30 pm)</DATETIME><BODY>no</BODY><COMMENT></COMMENT></POST>
<POST><USERNAME>icepirate53</USERNAME><DATETIME>(9:19:38 pm)</DATETIME><BODY>hi</BODY><COMMENT></COMMENT></POST>
<POST><USERNAME>hum_cali_girl</USERNAME><DATETIME>(9:19:43 pm)</DATETIME><BODY>hi</BODY><COMMENT></COMMENT></POST>
<POST><USERNAME>icepirate53</USERNAME><DATETIME>(9:19:52 pm)</DATETIME><BODY>mom call yet?</BODY><COMMENT></COMMENT></POST>
<POST><USERNAME>hum_cali_girl</USERNAME><DATETIME>(9:19:57 pm)</DATETIME><BODY>not yet</BODY><COMMENT></COMMENT></POST>
<POST><USERNAME>icepirate53</USERNAME><DATETIME>(9:20:09 pm)</DATETIME><BODY>i want to meet you</BODY><COMMENT>(see, he had a chance to walk away. to have a late dinner with his wife. to clear his head. to make the right choice, and he. came. back.)</COMMENT></POST>
<POST><USERNAME>hum_cali_girl</USERNAME><DATETIME>(9:20:11 pm)</DATETIME><BODY>imma call her at 930</BODY><COMMENT></COMMENT></POST>
<POST><USERNAME>icepirate53</USERNAME><DATETIME>(9:20:13 pm)</DATETIME><BODY>you are very nice</BODY><COMMENT>(creepy son of a bitch.)</COMMENT></POST>
<POST><USERNAME>icepirate53</USERNAME><DATETIME>(9:20:20 pm)</DATETIME><BODY>want to call her now?</BODY><COMMENT>(impatient son of a bitch.)</COMMENT></POST>
<POST><USERNAME>hum_cali_girl</USERNAME><DATETIME>(9:20:33 pm)</DATETIME><BODY>nah ill wate or ill git n truble</BODY><COMMENT></COMMENT></POST>
<POST><USERNAME>hum_cali_girl</USERNAME><DATETIME>(9:20:41 pm)</DATETIME><BODY>but ill tell her im tired n goin 2 bed</BODY><COMMENT></COMMENT></POST>
<POST><USERNAME>icepirate53</USERNAME><DATETIME>(9:20:41 pm)</DATETIME><BODY>ok</BODY><COMMENT></COMMENT></POST>
<POST><USERNAME>icepirate53</USERNAME><DATETIME>(9:20:47 pm)</DATETIME><BODY>sounds good</BODY><COMMENT></COMMENT></POST>
<POST><USERNAME>icepirate53</USERNAME><DATETIME>(9:20:53 pm)</DATETIME><BODY>then get back to me ok/</BODY><COMMENT></COMMENT></POST>
<POST><USERNAME>hum_cali_girl</USERNAME><DATETIME>(9:20:56 pm)</DATETIME><BODY>k</BODY><COMMENT></COMMENT></POST>
<POST><USERNAME>hum_cali_girl</USERNAME><DATETIME>(9:24:49 pm)</DATETIME><BODY>she jes called ill tell u wen i hang up k</BODY><COMMENT></COMMENT></POST>
<POST><USERNAME>icepirate53</USERNAME><DATETIME>(9:24:57 pm)</DATETIME><BODY>k</BODY><COMMENT></COMMENT></POST>
<POST><USERNAME>hum_cali_girl</USERNAME><DATETIME>(9:29:58 pm)</DATETIME><BODY>k</BODY><COMMENT></COMMENT></POST>
<POST><USERNAME>hum_cali_girl</USERNAME><DATETIME>(9:30:10 pm)</DATETIME><BODY>u still wanna talk 2 me</BODY><COMMENT></COMMENT></POST>
<POST><USERNAME>icepirate53</USERNAME><DATETIME>(9:30:13 pm)</DATETIME><BODY>yes</BODY><COMMENT></COMMENT></POST>
<POST><USERNAME>icepirate53</USERNAME><DATETIME>(9:30:20 pm)</DATETIME><BODY>u up for it/</BODY><COMMENT></COMMENT></POST>
<POST><USERNAME>hum_cali_girl</USERNAME><DATETIME>(9:30:25 pm)</DATETIME><BODY>lol ya</BODY><COMMENT></COMMENT></POST>
<POST><USERNAME>icepirate53</USERNAME><DATETIME>(9:30:30 pm)</DATETIME><BODY>ok</BODY><COMMENT></COMMENT></POST>
<POST><USERNAME>icepirate53</USERNAME><DATETIME>(9:30:39 pm)</DATETIME><BODY>u wanna call</BODY><COMMENT></COMMENT></POST>
<POST><USERNAME>icepirate53</USERNAME><DATETIME>(9:30:42 pm)</DATETIME><BODY>or me call u?</BODY><COMMENT></COMMENT></POST>
<POST><USERNAME>hum_cali_girl</USERNAME><DATETIME>(9:30:42 pm)</DATETIME><BODY>ya</BODY><COMMENT></COMMENT></POST>
<POST><USERNAME>hum_cali_girl</USERNAME><DATETIME>(9:30:53 pm)</DATETIME><BODY>wutz yur #</BODY><COMMENT></COMMENT></POST>
<POST><USERNAME>icepirate53</USERNAME><DATETIME>(9:31:00 pm)</DATETIME><BODY>damn</BODY><COMMENT></COMMENT></POST>
<POST><USERNAME>icepirate53</USERNAME><DATETIME>(9:31:06 pm)</DATETIME><BODY>i am afraid to give it</BODY><COMMENT></COMMENT></POST>
<POST><USERNAME>icepirate53</USERNAME><DATETIME>(9:31:20 pm)</DATETIME><BODY>tell me u wont get me in trouble</BODY><COMMENT>(okay, i wont get you in trouble. there, feel better? oh, but, um, ron? you got yourself into trouble. sorry old chap.)</COMMENT></POST>
<POST><USERNAME>icepirate53</USERNAME><DATETIME>(9:31:22 pm)</DATETIME><BODY>ok?</BODY><COMMENT></COMMENT></POST>
<POST><USERNAME>hum_cali_girl</USERNAME><DATETIME>(9:31:29 pm)</DATETIME><BODY>i sed i promised</BODY><COMMENT></COMMENT></POST>
<POST><USERNAME>icepirate53</USERNAME><DATETIME>(9:31:37 pm)</DATETIME><BODY>i want to</BODY><COMMENT></COMMENT></POST>
<POST><USERNAME>icepirate53</USERNAME><DATETIME>(9:31:59 pm)</DATETIME><BODY>tell me your favorite music</BODY><COMMENT>(hes trying to trip me up, just like with the classes question. he, who is 54, thinks hes going to trip me up. ha. nice try. this is what i do.)</COMMENT></POST>
<POST><USERNAME>hum_cali_girl</USERNAME><DATETIME>(9:32:07 pm)</DATETIME><BODY>rap</BODY><COMMENT>(well, it is.)</COMMENT></POST>
<POST><USERNAME>icepirate53</USERNAME><DATETIME>(9:32:12 pm)</DATETIME><BODY>group?</BODY><COMMENT>(see, trying to trip me up.)</COMMENT></POST>
<POST><USERNAME>hum_cali_girl</USERNAME><DATETIME>(9:32:20 pm)</DATETIME><BODY>lol</BODY><COMMENT></COMMENT></POST>
<POST><USERNAME>hum_cali_girl</USERNAME><DATETIME>(9:32:24 pm)</DATETIME><BODY>will smith</BODY><COMMENT>(parents just dont understand, a timeless classic.)</COMMENT></POST>
<POST><USERNAME>hum_cali_girl</USERNAME><DATETIME>(9:32:29 pm)</DATETIME><BODY>hez ssssssssssoooooooo kewt</BODY><COMMENT></COMMENT></POST>
<POST><USERNAME>hum_cali_girl</USERNAME><DATETIME>(9:32:46 pm)</DATETIME><BODY>wellllllllll bow wow iz 2</BODY><COMMENT></COMMENT></POST>
<POST><USERNAME>icepirate53</USERNAME><DATETIME>(9:32:53 pm)</DATETIME><BODY>i will only talk g rated ok?</BODY><COMMENT>(~blink~ wow, way to change the subject. um. okay.)</COMMENT></POST>
<POST><USERNAME>hum_cali_girl</USERNAME><DATETIME>(9:33:02 pm)</DATETIME><BODY>wutz that meen</BODY><COMMENT></COMMENT></POST>
<POST><USERNAME>icepirate53</USERNAME><DATETIME>(9:33:13 pm)</DATETIME><BODY>i wont talk sex with you ok/</BODY><COMMENT>(well, thats a relief. i hate subjecting my verifiers to that crap. too bad hes a liar.)</COMMENT></POST>
<POST><USERNAME>hum_cali_girl</USERNAME><DATETIME>(9:33:21 pm)</DATETIME><BODY>um ya</BODY><COMMENT></COMMENT></POST>
<POST><USERNAME>hum_cali_girl</USERNAME><DATETIME>(9:33:30 pm)</DATETIME><BODY>thatz kinda wierd 2 say</BODY><COMMENT>(thats kinda really weird to say.)</COMMENT></POST>
<POST><USERNAME>icepirate53</USERNAME><DATETIME>(9:33:37 pm)</DATETIME><BODY>i know</BODY><COMMENT></COMMENT></POST>
<POST><USERNAME>icepirate53</USERNAME><DATETIME>(9:33:51 pm)</DATETIME><BODY>what do you want?</BODY><COMMENT>(you. fpd. take your hard drive. go, now.)</COMMENT></POST>
<POST><USERNAME>hum_cali_girl</USERNAME><DATETIME>(9:34:18 pm)</DATETIME><BODY>i tole u allredy</BODY><COMMENT></COMMENT></POST>
<POST><USERNAME>hum_cali_girl</USERNAME><DATETIME>(9:34:29 pm)</DATETIME><BODY>i wanna bf that treetz me nice</BODY><COMMENT></COMMENT></POST>
<POST><USERNAME>icepirate53</USERNAME><DATETIME>(9:34:36 pm)</DATETIME><BODY>what else?</BODY><COMMENT></COMMENT></POST>
<POST><USERNAME>hum_cali_girl</USERNAME><DATETIME>(9:34:44 pm)</DATETIME><BODY>i dunno</BODY><COMMENT></COMMENT></POST>
<POST><USERNAME>hum_cali_girl</USERNAME><DATETIME>(9:34:47 pm)</DATETIME><BODY>wut do u want</BODY><COMMENT></COMMENT></POST>
<POST><USERNAME>icepirate53</USERNAME><DATETIME>(9:34:54 pm)</DATETIME><BODY>tell me</BODY><COMMENT></COMMENT></POST>
<POST><USERNAME>icepirate53</USERNAME><DATETIME>(9:34:57 pm)</DATETIME><BODY>i am open</BODY><COMMENT></COMMENT></POST>
<POST><USERNAME>hum_cali_girl</USERNAME><DATETIME>(9:35:28 pm)</DATETIME><BODY>i dunno i thot tha guy did that stuff</BODY><COMMENT></COMMENT></POST>
<POST><USERNAME>icepirate53</USERNAME><DATETIME>(9:36:09 pm)</DATETIME><BODY>u want to call for information about school?</BODY><COMMENT>(red flags, sirens, flashing lights, heart in my throat, stomach in my boots....)</COMMENT></POST>
<POST><USERNAME>icepirate53</USERNAME><DATETIME>(9:36:15 pm)</DATETIME><BODY>lol</BODY><COMMENT></COMMENT></POST>
<POST><USERNAME>hum_cali_girl</USERNAME><DATETIME>(9:36:20 pm)</DATETIME><BODY>huh</BODY><COMMENT></COMMENT></POST>
<POST><USERNAME>hum_cali_girl</USERNAME><DATETIME>(9:36:27 pm)</DATETIME><BODY>r u a teacher</BODY><COMMENT>(please, god......no.)</COMMENT></POST>
<POST><USERNAME>icepirate53</USERNAME><DATETIME>(9:36:30 pm)</DATETIME><BODY>no</BODY><COMMENT>(liar!)</COMMENT></POST>
<POST><USERNAME>icepirate53</USERNAME><DATETIME>(9:36:34 pm)</DATETIME><BODY>lol</BODY><COMMENT>(this is the least funny its ever been for me.)</COMMENT></POST>
<POST><USERNAME>icepirate53</USERNAME><DATETIME>(9:36:38 pm)</DATETIME><BODY>help me here</BODY><COMMENT>(me, help you? you want a 13 year old girl to help you justify rape and molestation of a child???)</COMMENT></POST>
<POST><USERNAME>icepirate53</USERNAME><DATETIME>(9:36:40 pm)</DATETIME><BODY>lol</BODY><COMMENT></COMMENT></POST>
<POST><USERNAME>hum_cali_girl</USERNAME><DATETIME>(9:36:43 pm)</DATETIME><BODY>um how</BODY><COMMENT></COMMENT></POST>
<POST><USERNAME>icepirate53</USERNAME><DATETIME>(9:36:49 pm)</DATETIME><BODY>brb</BODY><COMMENT></COMMENT></POST>
<POST><USERNAME>hum_cali_girl</USERNAME><DATETIME>(9:37:00 pm)</DATETIME><BODY>wutever imma go 2 bed than by</BODY><COMMENT>(he was putting me on hold to try and meet up with other actual kids, i was convinced of it by this point.)</COMMENT></POST>
<POST><USERNAME>icepirate53</USERNAME><DATETIME>(9:38:14 pm)</DATETIME><BODY>when?</BODY><COMMENT></COMMENT></POST>
<POST><USERNAME>hum_cali_girl</USERNAME><DATETIME>(9:38:23 pm)</DATETIME><BODY>yur beeing weird</BODY><COMMENT></COMMENT></POST>
<POST><USERNAME>hum_cali_girl</USERNAME><DATETIME>(9:38:34 pm)</DATETIME><BODY>u all wanted me 2 call n now u dont</BODY><COMMENT></COMMENT></POST>
<POST><USERNAME>icepirate53</USERNAME><DATETIME>(9:38:35 pm)</DATETIME><BODY>can i call you in about 20 min</BODY><COMMENT>(no.)</COMMENT></POST>
<POST><USERNAME>icepirate53</USERNAME><DATETIME>(9:38:43 pm)</DATETIME><BODY>what is your number?</BODY><COMMENT>(1-800-ineedapublicdefender)</COMMENT></POST>
<POST><USERNAME>hum_cali_girl</USERNAME><DATETIME>(9:38:54 pm)</DATETIME><BODY>my momz wuld c it on tha caller id</BODY><COMMENT></COMMENT></POST>
<POST><USERNAME>hum_cali_girl</USERNAME><DATETIME>(9:38:59 pm)</DATETIME><BODY>nevermind</BODY><COMMENT></COMMENT></POST>
<POST><USERNAME>hum_cali_girl</USERNAME><DATETIME>(9:39:01 pm)</DATETIME><BODY>by</BODY><COMMENT></COMMENT></POST>
<POST><USERNAME>icepirate53</USERNAME><DATETIME>(9:39:07 pm)</DATETIME><BODY>u can call me then</BODY><COMMENT></COMMENT></POST>
<POST><USERNAME>icepirate53</USERNAME><DATETIME>(9:39:14 pm)</DATETIME><BODY>i will get back to you ok?</BODY><COMMENT>(remember all his previous impatience for the phone number? and hes putting me off now?)</COMMENT></POST>
<POST><USERNAME>icepirate53</USERNAME><DATETIME>(9:39:24 pm)</DATETIME><BODY>i just dont want us to get in trouble</BODY><COMMENT>(yup, that would be why.)</COMMENT></POST>
<POST><USERNAME>icepirate53</USERNAME><DATETIME>(9:39:26 pm)</DATETIME><BODY>ok/</BODY><COMMENT></COMMENT></POST>
<POST><USERNAME>hum_cali_girl</USERNAME><DATETIME>(9:39:32 pm)</DATETIME><BODY>like how long i gott a go 2 bed</BODY><COMMENT></COMMENT></POST>
<POST><USERNAME>icepirate53</USERNAME><DATETIME>(9:39:41 pm)</DATETIME><BODY>20min</BODY><COMMENT>(im curious now, did he need the 20 minutes to talk to another child? or was his wife pressuring him to finally come to the table and eat the meal shed prepared him?)</COMMENT></POST>
<POST><USERNAME>icepirate53</USERNAME><DATETIME>(9:39:42 pm)</DATETIME><BODY>ok/</BODY><COMMENT></COMMENT></POST>
<POST><USERNAME>hum_cali_girl</USERNAME><DATETIME>(9:39:49 pm)</DATETIME><BODY>i gues</BODY><COMMENT></COMMENT></POST>
<POST><USERNAME>icepirate53</USERNAME><DATETIME>(9:40:01 pm)</DATETIME><BODY>be back in 20</BODY><COMMENT></COMMENT></POST>
<POST><USERNAME>icepirate53</USERNAME><DATETIME>(9:40:02 pm)</DATETIME><BODY>bye</BODY><COMMENT></COMMENT></POST>
<POST><USERNAME>icepirate53</USERNAME><DATETIME>(9:46:15 pm)</DATETIME><BODY>u there?</BODY><COMMENT>(um, thats not 20 minutes. thats just over 6 minutes....curious.)</COMMENT></POST>
<POST><USERNAME>hum_cali_girl</USERNAME><DATETIME>(9:46:22 pm)</DATETIME><BODY>ya</BODY><COMMENT></COMMENT></POST>
<POST><USERNAME>icepirate53</USERNAME><DATETIME>(9:46:27 pm)</DATETIME><BODY>want to call</BODY><COMMENT>(sure, what the hell.)</COMMENT></POST>
<POST><USERNAME>hum_cali_girl</USERNAME><DATETIME>(9:46:30 pm)</DATETIME><BODY>ya</BODY><COMMENT></COMMENT></POST>
<POST><USERNAME>icepirate53</USERNAME><DATETIME>(9:46:40 pm)</DATETIME><BODY>7255091</BODY><COMMENT>(area code 707)</COMMENT></POST>
<POST><USERNAME>icepirate53</USERNAME><DATETIME>(9:46:43 pm)</DATETIME><BODY>ok</BODY><COMMENT></COMMENT></POST>
<POST><USERNAME>hum_cali_girl</USERNAME><DATETIME>(9:46:51 pm)</DATETIME><BODY>ok</BODY><COMMENT></COMMENT></POST>
<POST><USERNAME>icepirate53</USERNAME><DATETIME>(9:46:54 pm)</DATETIME><BODY>i have to get offline are you calling/</BODY><COMMENT></COMMENT></POST>
<POST><USERNAME>hum_cali_girl</USERNAME><DATETIME>(9:46:55 pm)</DATETIME><BODY>rite now</BODY><COMMENT></COMMENT></POST>
<POST><USERNAME>hum_cali_girl</USERNAME><DATETIME>(9:47:01 pm)</DATETIME><BODY>ya in 2 min k</BODY><COMMENT></COMMENT></POST>
<POST><USERNAME>icepirate53</USERNAME><DATETIME>(9:47:04 pm)</DATETIME><BODY>k</BODY><COMMENT></COMMENT></POST>
<POST><USERNAME>icepirate53</USERNAME><DATETIME>(9:47:07 pm)</DATETIME><BODY>bye</BODY><COMMENT></COMMENT></POST>
<POST><USERNAME></USERNAME><DATETIME></DATETIME><BODY></BODY><COMMENT></COMMENT></POST>
</data>