<data>
<POST><USERNAME>rachel_west90</USERNAME><DATETIME>(10:35:40 pm)</DATETIME><BODY>hi</BODY><COMMENT></COMMENT></POST>
<POST><USERNAME>manofdarkneedsl951</USERNAME><DATETIME>(10:35:48 pm)</DATETIME><BODY>hi</BODY><COMMENT></COMMENT></POST>
<POST><USERNAME>rachel_west90</USERNAME><DATETIME>(10:36:09 pm)</DATETIME><BODY>where do u live?</BODY><COMMENT></COMMENT></POST>
<POST><USERNAME>manofdarkneedsl951</USERNAME><DATETIME>(10:36:23 pm)</DATETIME><BODY>ohio</BODY><COMMENT></COMMENT></POST>
<POST><USERNAME>rachel_west90</USERNAME><DATETIME>(10:36:27 pm)</DATETIME><BODY>kewl</BODY><COMMENT></COMMENT></POST>
<POST><USERNAME>rachel_west90</USERNAME><DATETIME>(10:36:29 pm)</DATETIME><BODY>where?</BODY><COMMENT></COMMENT></POST>
<POST><USERNAME>manofdarkneedsl951</USERNAME><DATETIME>(10:36:30 pm)</DATETIME><BODY>you?</BODY><COMMENT></COMMENT></POST>
<POST><USERNAME>rachel_west90</USERNAME><DATETIME>(10:36:39 pm)</DATETIME><BODY>im 13 is that ok?</BODY><COMMENT></COMMENT></POST>
<POST><USERNAME>manofdarkneedsl951</USERNAME><DATETIME>(10:36:43 pm)</DATETIME><BODY>yes</BODY><COMMENT></COMMENT></POST>
<POST><USERNAME>manofdarkneedsl951</USERNAME><DATETIME>(10:36:56 pm)</DATETIME><BODY>you like to see men jack off?</BODY><COMMENT></COMMENT></POST>
<POST><USERNAME>rachel_west90</USERNAME><DATETIME>(10:37:12 pm)</DATETIME><BODY>really?</BODY><COMMENT></COMMENT></POST>
<POST><USERNAME>manofdarkneedsl951</USERNAME><DATETIME>(10:37:15 pm)</DATETIME><BODY>yes</BODY><COMMENT></COMMENT></POST>
<POST><USERNAME>manofdarkneedsl951</USERNAME><DATETIME>(10:37:23 pm)</DATETIME><BODY>what do you look like?</BODY><COMMENT></COMMENT></POST>
<POST><USERNAME>rachel_west90</USERNAME><DATETIME>(10:38:00 pm)</DATETIME><BODY>im 5 ft 85 lbs, brown hair</BODY><COMMENT></COMMENT></POST>
<POST><USERNAME>manofdarkneedsl951</USERNAME><DATETIME>(10:38:06 pm)</DATETIME><BODY>nice</BODY><COMMENT></COMMENT></POST>
<POST><USERNAME>manofdarkneedsl951</USERNAME><DATETIME>(10:38:13 pm)</DATETIME><BODY>you masterbate</BODY><COMMENT></COMMENT></POST>
<POST><USERNAME>rachel_west90</USERNAME><DATETIME>(10:38:21 pm)</DATETIME><BODY>yea</BODY><COMMENT></COMMENT></POST>
<POST><USERNAME>rachel_west90</USERNAME><DATETIME>(10:38:30 pm)</DATETIME><BODY>where in ohio so u live?</BODY><COMMENT></COMMENT></POST>
<POST><USERNAME>manofdarkneedsl951</USERNAME><DATETIME>(10:38:43 pm)</DATETIME><BODY>southern</BODY><COMMENT></COMMENT></POST>
<POST><USERNAME>manofdarkneedsl951</USERNAME><DATETIME>(10:38:53 pm)</DATETIME><BODY>you have pics?</BODY><COMMENT></COMMENT></POST>
<POST><USERNAME>rachel_west90</USERNAME><DATETIME>(10:38:58 pm)</DATETIME><BODY>i have 2</BODY><COMMENT></COMMENT></POST>
<POST><USERNAME>manofdarkneedsl951</USERNAME><DATETIME>(10:39:25 pm)</DATETIME><BODY>send?</BODY><COMMENT></COMMENT></POST>
<POST><USERNAME>rachel_west90</USERNAME><DATETIME>(10:39:33 pm)</DATETIME><BODY>ok</BODY><COMMENT></COMMENT></POST>
<POST><USERNAME>rachel_west90</USERNAME><DATETIME>(10:39:39 pm)</DATETIME><BODY>why do u like younger gurls?</BODY><COMMENT></COMMENT></POST>
<POST><USERNAME>manofdarkneedsl951</USERNAME><DATETIME>(10:39:44 pm)</DATETIME><BODY>yes</BODY><COMMENT></COMMENT></POST>
<POST><USERNAME>manofdarkneedsl951</USERNAME><DATETIME>(10:39:57 pm)</DATETIME><BODY>will you send?</BODY><COMMENT></COMMENT></POST>
<POST><USERNAME>rachel_west90</USERNAME><DATETIME>(10:40:06 pm)</DATETIME><BODY>ok</BODY><COMMENT></COMMENT></POST>
<POST><USERNAME>rachel_west90</USERNAME><DATETIME>(10:40:23 pm)</DATETIME><BODY>can you turn on a light</BODY><COMMENT></COMMENT></POST>
<POST><USERNAME>rachel_west90</USERNAME><DATETIME>(10:40:33 pm)</DATETIME><BODY>i can hardly see</BODY><COMMENT></COMMENT></POST>
<POST><USERNAME>rachel_west90</USERNAME><DATETIME>(10:40:54 pm)</DATETIME><BODY>wow</BODY><COMMENT></COMMENT></POST>
<POST><USERNAME>rachel_west90</USERNAME><DATETIME>(10:41:57 pm)</DATETIME><BODY>do u know where east liverpool is?</BODY><COMMENT></COMMENT></POST>
<POST><USERNAME>manofdarkneedsl951</USERNAME><DATETIME>(10:42:09 pm)</DATETIME><BODY>yes</BODY><COMMENT></COMMENT></POST>
<POST><USERNAME>manofdarkneedsl951</USERNAME><DATETIME>(10:42:23 pm)</DATETIME><BODY>i would you</BODY><COMMENT></COMMENT></POST>
<POST><USERNAME>rachel_west90</USERNAME><DATETIME>(10:42:41 pm)</DATETIME><BODY>i would u?</BODY><COMMENT></COMMENT></POST>
<POST><USERNAME>manofdarkneedsl951</USERNAME><DATETIME>(10:42:54 pm)</DATETIME><BODY>wrong box</BODY><COMMENT></COMMENT></POST>
<POST><USERNAME>rachel_west90</USERNAME><DATETIME>(10:43:12 pm)</DATETIME><BODY>i live in east liverpool</BODY><COMMENT></COMMENT></POST>
<POST><USERNAME>manofdarkneedsl951</USERNAME><DATETIME>(10:43:22 pm)</DATETIME><BODY>ohio?</BODY><COMMENT></COMMENT></POST>
<POST><USERNAME>rachel_west90</USERNAME><DATETIME>(10:43:25 pm)</DATETIME><BODY>yea</BODY><COMMENT></COMMENT></POST>
<POST><USERNAME>rachel_west90</USERNAME><DATETIME>(10:43:33 pm)</DATETIME><BODY>right near w va</BODY><COMMENT></COMMENT></POST>
<POST><USERNAME>manofdarkneedsl951</USERNAME><DATETIME>(10:44:12 pm)</DATETIME><BODY>you want to meet an older man?</BODY><COMMENT></COMMENT></POST>
<POST><USERNAME>rachel_west90</USERNAME><DATETIME>(10:44:28 pm)</DATETIME><BODY>maybe</BODY><COMMENT></COMMENT></POST>
<POST><USERNAME>manofdarkneedsl951</USERNAME><DATETIME>(10:44:45 pm)</DATETIME><BODY>send pics.ok?</BODY><COMMENT></COMMENT></POST>
<POST><USERNAME>rachel_west90</USERNAME><DATETIME>(10:45:07 pm)</DATETIME><BODY>ok</BODY><COMMENT></COMMENT></POST>
<POST><USERNAME>rachel_west90</USERNAME><DATETIME>(10:45:31 pm)</DATETIME><BODY>heres one</BODY><COMMENT></COMMENT></POST>
<POST><USERNAME>manofdarkneedsl951</USERNAME><DATETIME>(10:45:40 pm)</DATETIME><BODY>ok</BODY><COMMENT></COMMENT></POST>
<POST><USERNAME>manofdarkneedsl951</USERNAME><DATETIME>(10:46:50 pm)</DATETIME><BODY>where?</BODY><COMMENT></COMMENT></POST>
<POST><USERNAME>manofdarkneedsl951</USERNAME><DATETIME>(10:48:05 pm)</DATETIME><BODY>you leave?</BODY><COMMENT></COMMENT></POST>
<POST><USERNAME>rachel_west90</USERNAME><DATETIME>(10:48:09 pm)</DATETIME><BODY>im back</BODY><COMMENT></COMMENT></POST>
<POST><USERNAME>manofdarkneedsl951</USERNAME><DATETIME>(10:48:26 pm)</DATETIME><BODY>send</BODY><COMMENT></COMMENT></POST>
<POST><USERNAME>rachel_west90</USERNAME><DATETIME>(10:48:32 pm)</DATETIME><BODY>i did</BODY><COMMENT></COMMENT></POST>
<POST><USERNAME>rachel_west90</USERNAME><DATETIME>(10:48:36 pm)</DATETIME><BODY>ill do it again</BODY><COMMENT></COMMENT></POST>
<POST><USERNAME>manofdarkneedsl951</USERNAME><DATETIME>(10:48:47 pm)</DATETIME><BODY>please</BODY><COMMENT></COMMENT></POST>
<POST><USERNAME>manofdarkneedsl951</USERNAME><DATETIME>(10:50:42 pm)</DATETIME><BODY>it didnt down load</BODY><COMMENT></COMMENT></POST>
<POST><USERNAME>rachel_west90</USERNAME><DATETIME>(10:51:00 pm)</DATETIME><BODY>whats your e mail</BODY><COMMENT></COMMENT></POST>
<POST><USERNAME>manofdarkneedsl951</USERNAME><DATETIME>(10:51:16 pm)</DATETIME><BODY>robnaq@yahoo.com</BODY><COMMENT></COMMENT></POST>
<POST><USERNAME>rachel_west90</USERNAME><DATETIME>(10:51:26 pm)</DATETIME><BODY>ok hold on ill e mail it</BODY><COMMENT></COMMENT></POST>
<POST><USERNAME>manofdarkneedsl951</USERNAME><DATETIME>(10:51:34 pm)</DATETIME><BODY>mail both</BODY><COMMENT></COMMENT></POST>
<POST><USERNAME>rachel_west90</USERNAME><DATETIME>(10:53:21 pm)</DATETIME><BODY>sent</BODY><COMMENT></COMMENT></POST>
<POST><USERNAME>rachel_west90</USERNAME><DATETIME>(10:53:46 pm)</DATETIME><BODY>do u like people from the south?</BODY><COMMENT></COMMENT></POST>
<POST><USERNAME>manofdarkneedsl951</USERNAME><DATETIME>(10:53:54 pm)</DATETIME><BODY>yes</BODY><COMMENT></COMMENT></POST>
<POST><USERNAME>manofdarkneedsl951</USERNAME><DATETIME>(10:54:02 pm)</DATETIME><BODY>which are you?</BODY><COMMENT></COMMENT></POST>
<POST><USERNAME>rachel_west90</USERNAME><DATETIME>(10:54:16 pm)</DATETIME><BODY>im on the right. i used to live in texas</BODY><COMMENT></COMMENT></POST>
<POST><USERNAME>manofdarkneedsl951</USERNAME><DATETIME>(10:54:38 pm)</DATETIME><BODY>i like</BODY><COMMENT></COMMENT></POST>
<POST><USERNAME>rachel_west90</USERNAME><DATETIME>(10:54:51 pm)</DATETIME><BODY>ty</BODY><COMMENT></COMMENT></POST>
<POST><USERNAME>manofdarkneedsl951</USERNAME><DATETIME>(10:55:05 pm)</DATETIME><BODY>are you a virgin?</BODY><COMMENT></COMMENT></POST>
<POST><USERNAME>rachel_west90</USERNAME><DATETIME>(10:55:07 pm)</DATETIME><BODY>yea</BODY><COMMENT></COMMENT></POST>
<POST><USERNAME>manofdarkneedsl951</USERNAME><DATETIME>(10:55:26 pm)</DATETIME><BODY>you want to change that?</BODY><COMMENT></COMMENT></POST>
<POST><USERNAME>rachel_west90</USERNAME><DATETIME>(10:55:37 pm)</DATETIME><BODY>maybe</BODY><COMMENT></COMMENT></POST>
<POST><USERNAME>rachel_west90</USERNAME><DATETIME>(10:55:53 pm)</DATETIME><BODY>will u be gentls?</BODY><COMMENT></COMMENT></POST>
<POST><USERNAME>manofdarkneedsl951</USERNAME><DATETIME>(10:55:58 pm)</DATETIME><BODY>have you done anything sexually?</BODY><COMMENT></COMMENT></POST>
<POST><USERNAME>manofdarkneedsl951</USERNAME><DATETIME>(10:56:01 pm)</DATETIME><BODY>yes</BODY><COMMENT></COMMENT></POST>
<POST><USERNAME>rachel_west90</USERNAME><DATETIME>(10:56:02 pm)</DATETIME><BODY>just kissed</BODY><COMMENT></COMMENT></POST>
<POST><USERNAME>rachel_west90</USERNAME><DATETIME>(10:56:07 pm)</DATETIME><BODY>sorry</BODY><COMMENT></COMMENT></POST>
<POST><USERNAME>manofdarkneedsl951</USERNAME><DATETIME>(10:56:13 pm)</DATETIME><BODY>is ok</BODY><COMMENT></COMMENT></POST>
<POST><USERNAME>rachel_west90</USERNAME><DATETIME>(10:56:23 pm)</DATETIME><BODY>whats your name?</BODY><COMMENT></COMMENT></POST>
<POST><USERNAME>manofdarkneedsl951</USERNAME><DATETIME>(10:56:27 pm)</DATETIME><BODY>rob</BODY><COMMENT></COMMENT></POST>
<POST><USERNAME>rachel_west90</USERNAME><DATETIME>(10:56:33 pm)</DATETIME><BODY>im rachel</BODY><COMMENT></COMMENT></POST>
<POST><USERNAME>manofdarkneedsl951</USERNAME><DATETIME>(10:56:41 pm)</DATETIME><BODY>hi rach</BODY><COMMENT></COMMENT></POST>
<POST><USERNAME>manofdarkneedsl951</USERNAME><DATETIME>(10:56:48 pm)</DATETIME><BODY>you close to cumming</BODY><COMMENT></COMMENT></POST>
<POST><USERNAME>rachel_west90</USERNAME><DATETIME>(10:57:05 pm)</DATETIME><BODY>no, ive just been watching u</BODY><COMMENT></COMMENT></POST>
<POST><USERNAME>rachel_west90</USERNAME><DATETIME>(10:57:08 pm)</DATETIME><BODY>are u?</BODY><COMMENT></COMMENT></POST>
<POST><USERNAME>manofdarkneedsl951</USERNAME><DATETIME>(10:57:22 pm)</DATETIME><BODY>i can wait for you</BODY><COMMENT></COMMENT></POST>
<POST><USERNAME>manofdarkneedsl951</USERNAME><DATETIME>(10:57:49 pm)</DATETIME><BODY>you have any pubic hair?</BODY><COMMENT></COMMENT></POST>
<POST><USERNAME>rachel_west90</USERNAME><DATETIME>(10:57:50 pm)</DATETIME><BODY>wanna talk on the phone for a min?</BODY><COMMENT></COMMENT></POST>
<POST><USERNAME>rachel_west90</USERNAME><DATETIME>(10:57:55 pm)</DATETIME><BODY>just a little</BODY><COMMENT></COMMENT></POST>
<POST><USERNAME>manofdarkneedsl951</USERNAME><DATETIME>(10:58:04 pm)</DATETIME><BODY>number?</BODY><COMMENT></COMMENT></POST>
<POST><USERNAME>rachel_west90</USERNAME><DATETIME>(10:58:21 pm)</DATETIME><BODY>id have to call u. my mom has caller id</BODY><COMMENT></COMMENT></POST>
<POST><USERNAME>manofdarkneedsl951</USERNAME><DATETIME>(10:58:48 pm)</DATETIME><BODY>513-378-6608</BODY><COMMENT></COMMENT></POST>
<POST><USERNAME>rachel_west90</USERNAME><DATETIME>(10:59:08 pm)</DATETIME><BODY>kewl</BODY><COMMENT></COMMENT></POST>
<POST><USERNAME>manofdarkneedsl951</USERNAME><DATETIME>(10:59:08 pm)</DATETIME><BODY>brb</BODY><COMMENT></COMMENT></POST>
<POST><USERNAME>manofdarkneedsl951</USERNAME><DATETIME>(10:59:42 pm)</DATETIME><BODY>calling?</BODY><COMMENT></COMMENT></POST>
<POST><USERNAME>rachel_west90</USERNAME><DATETIME>(10:59:52 pm)</DATETIME><BODY>just a min</BODY><COMMENT></COMMENT></POST>
<POST><USERNAME>rachel_west90</USERNAME><DATETIME>(11:00:18 pm)</DATETIME><BODY>i havet go off line to call</BODY><COMMENT></COMMENT></POST>
<POST><USERNAME>manofdarkneedsl951</USERNAME><DATETIME>(11:00:43 pm)</DATETIME><BODY>ok</BODY><COMMENT></COMMENT></POST>
<POST><USERNAME>rachel_west90</USERNAME><DATETIME>(11:01:08 pm)</DATETIME><BODY>im gonna sigh=n off now to call</BODY><COMMENT></COMMENT></POST>
<POST><USERNAME>manofdarkneedsl951</USERNAME><DATETIME>(11:01:17 pm)</DATETIME><BODY>k</BODY><COMMENT></COMMENT></POST>
<POST><USERNAME></USERNAME><DATETIME></DATETIME><BODY>(on 11/14/04, i contacted this subject, and we spoke further. during this conversation the subject masturbated and ejaculated on cam for the fictitious child. the subject refused to show his face, but his photo was visible in the yahoo chat window. the following is a log of the chat.)</BODY><COMMENT></COMMENT></POST>
<POST><USERNAME></USERNAME><DATETIME></DATETIME><BODY>webcam gallery image added.</BODY><COMMENT></COMMENT></POST>
<POST><USERNAME></USERNAME><DATETIME></DATETIME><BODY>==================================</BODY><COMMENT></COMMENT></POST>
<POST><USERNAME></USERNAME><DATETIME></DATETIME><BODY>Local name: rachel_west90</BODY><COMMENT></COMMENT></POST>
<POST><USERNAME></USERNAME><DATETIME></DATETIME><BODY>Remote name: manofdarkneedsl951</BODY><COMMENT></COMMENT></POST>
<POST><USERNAME></USERNAME><DATETIME></DATETIME><BODY>Date: 11/14/2004</BODY><COMMENT></COMMENT></POST>
<POST><USERNAME></USERNAME><DATETIME></DATETIME><BODY>==================================</BODY><COMMENT></COMMENT></POST>
<POST><USERNAME>rachel_west90</USERNAME><DATETIME>(10:12:19 pm)</DATETIME><BODY>hi</BODY><COMMENT></COMMENT></POST>
<POST><USERNAME>rachel_west90</USERNAME><DATETIME>(10:13:06 pm)</DATETIME><BODY>how come you left so fast?</BODY><COMMENT></COMMENT></POST>
<POST><USERNAME>manofdarkneedsl951</USERNAME><DATETIME>(10:13:27 pm)</DATETIME><BODY>i thought maybe you were a cop</BODY><COMMENT>(perhaps he should have followed his instincts)</COMMENT></POST>
<POST><USERNAME>rachel_west90</USERNAME><DATETIME>(10:13:45 pm)</DATETIME><BODY>why would you think that?</BODY><COMMENT></COMMENT></POST>
<POST><USERNAME>manofdarkneedsl951</USERNAME><DATETIME>(10:13:54 pm)</DATETIME><BODY>sorry</BODY><COMMENT></COMMENT></POST>
<POST><USERNAME>manofdarkneedsl951</USERNAME><DATETIME>(10:14:04 pm)</DATETIME><BODY>you want to see me cum?</BODY><COMMENT></COMMENT></POST>
<POST><USERNAME>rachel_west90</USERNAME><DATETIME>(10:14:28 pm)</DATETIME><BODY>do u still think im a cop?</BODY><COMMENT></COMMENT></POST>
<POST><USERNAME>manofdarkneedsl951</USERNAME><DATETIME>(10:14:37 pm)</DATETIME><BODY>no</BODY><COMMENT></COMMENT></POST>
<POST><USERNAME>rachel_west90</USERNAME><DATETIME>(10:14:43 pm)</DATETIME><BODY>why not?</BODY><COMMENT></COMMENT></POST>
<POST><USERNAME>manofdarkneedsl951</USERNAME><DATETIME>(10:14:50 pm)</DATETIME><BODY>not sure</BODY><COMMENT></COMMENT></POST>
<POST><USERNAME>manofdarkneedsl951</USERNAME><DATETIME>(10:14:55 pm)</DATETIME><BODY>are you?</BODY><COMMENT></COMMENT></POST>
<POST><USERNAME>rachel_west90</USERNAME><DATETIME>(10:15:05 pm)</DATETIME><BODY>are you in jail?</BODY><COMMENT></COMMENT></POST>
<POST><USERNAME>rachel_west90</USERNAME><DATETIME>(10:15:21 pm)</DATETIME><BODY>if i was the police wouldnt u be in jail?</BODY><COMMENT></COMMENT></POST>
<POST><USERNAME>manofdarkneedsl951</USERNAME><DATETIME>(10:15:30 pm)</DATETIME><BODY>yes</BODY><COMMENT></COMMENT></POST>
<POST><USERNAME>rachel_west90</USERNAME><DATETIME>(10:15:34 pm)</DATETIME><BODY>well then</BODY><COMMENT></COMMENT></POST>
<POST><USERNAME>rachel_west90</USERNAME><DATETIME>(10:15:42 pm)</DATETIME><BODY>no im not the police</BODY><COMMENT></COMMENT></POST>
<POST><USERNAME>manofdarkneedsl951</USERNAME><DATETIME>(10:15:47 pm)</DATETIME><BODY>are you nude?</BODY><COMMENT></COMMENT></POST>
<POST><USERNAME>rachel_west90</USERNAME><DATETIME>(10:15:50 pm)</DATETIME><BODY>no</BODY><COMMENT></COMMENT></POST>
<POST><USERNAME>rachel_west90</USERNAME><DATETIME>(10:15:55 pm)</DATETIME><BODY>its cold</BODY><COMMENT></COMMENT></POST>
<POST><USERNAME>rachel_west90</USERNAME><DATETIME>(10:16:11 pm)</DATETIME><BODY>can i ask you something?</BODY><COMMENT></COMMENT></POST>
<POST><USERNAME>manofdarkneedsl951</USERNAME><DATETIME>(10:16:19 pm)</DATETIME><BODY>sure?</BODY><COMMENT></COMMENT></POST>
<POST><USERNAME>rachel_west90</USERNAME><DATETIME>(10:16:26 pm)</DATETIME><BODY>how old are u?</BODY><COMMENT></COMMENT></POST>
<POST><USERNAME>manofdarkneedsl951</USERNAME><DATETIME>(10:16:37 pm)</DATETIME><BODY>53</BODY><COMMENT></COMMENT></POST>
<POST><USERNAME>rachel_west90</USERNAME><DATETIME>(10:16:43 pm)</DATETIME><BODY>are you married?</BODY><COMMENT></COMMENT></POST>
<POST><USERNAME>manofdarkneedsl951</USERNAME><DATETIME>(10:16:49 pm)</DATETIME><BODY>no</BODY><COMMENT></COMMENT></POST>
<POST><USERNAME>rachel_west90</USERNAME><DATETIME>(10:17:10 pm)</DATETIME><BODY>how come u like younger gurls?</BODY><COMMENT></COMMENT></POST>
<POST><USERNAME>rachel_west90</USERNAME><DATETIME>(10:17:28 pm)</DATETIME><BODY>i thought guys liked ladies with big boobs and stuff</BODY><COMMENT></COMMENT></POST>
<POST><USERNAME>manofdarkneedsl951</USERNAME><DATETIME>(10:17:48 pm)</DATETIME><BODY>why do you like older?</BODY><COMMENT></COMMENT></POST>
<POST><USERNAME>rachel_west90</USERNAME><DATETIME>(10:17:56 pm)</DATETIME><BODY>cause guys my age are geeks</BODY><COMMENT></COMMENT></POST>
<POST><USERNAME>rachel_west90</USERNAME><DATETIME>(10:18:26 pm)</DATETIME><BODY>why do u like younger gurls</BODY><COMMENT></COMMENT></POST>
<POST><USERNAME>manofdarkneedsl951</USERNAME><DATETIME>(10:18:38 pm)</DATETIME><BODY>nice and tight</BODY><COMMENT></COMMENT></POST>
<POST><USERNAME>rachel_west90</USERNAME><DATETIME>(10:18:59 pm)</DATETIME><BODY>whats the youngest gurl u have been with?</BODY><COMMENT></COMMENT></POST>
<POST><USERNAME>manofdarkneedsl951</USERNAME><DATETIME>(10:19:08 pm)</DATETIME><BODY>14</BODY><COMMENT></COMMENT></POST>
<POST><USERNAME>manofdarkneedsl951</USERNAME><DATETIME>(10:19:12 pm)</DATETIME><BODY>long agao</BODY><COMMENT></COMMENT></POST>
<POST><USERNAME>rachel_west90</USERNAME><DATETIME>(10:19:16 pm)</DATETIME><BODY>how old were u?</BODY><COMMENT></COMMENT></POST>
<POST><USERNAME>manofdarkneedsl951</USERNAME><DATETIME>(10:19:31 pm)</DATETIME><BODY>join me</BODY><COMMENT></COMMENT></POST>
<POST><USERNAME>manofdarkneedsl951</USERNAME><DATETIME>(10:19:38 pm)</DATETIME><BODY>enough talk</BODY><COMMENT></COMMENT></POST>
<POST><USERNAME>manofdarkneedsl951</USERNAME><DATETIME>(10:20:17 pm)</DATETIME><BODY>nude?</BODY><COMMENT></COMMENT></POST>
<POST><USERNAME>manofdarkneedsl951</USERNAME><DATETIME>(10:20:43 pm)</DATETIME><BODY>no?</BODY><COMMENT></COMMENT></POST>
<POST><USERNAME>rachel_west90</USERNAME><DATETIME>(10:20:46 pm)</DATETIME><BODY>yea</BODY><COMMENT></COMMENT></POST>
<POST><USERNAME>manofdarkneedsl951</USERNAME><DATETIME>(10:21:39 pm)</DATETIME><BODY>want to suck me?</BODY><COMMENT></COMMENT></POST>
<POST><USERNAME>rachel_west90</USERNAME><DATETIME>(10:22:04 pm)</DATETIME><BODY>i never done that</BODY><COMMENT></COMMENT></POST>
<POST><USERNAME>manofdarkneedsl951</USERNAME><DATETIME>(10:22:16 pm)</DATETIME><BODY>want to?</BODY><COMMENT></COMMENT></POST>
<POST><USERNAME>rachel_west90</USERNAME><DATETIME>(10:22:23 pm)</DATETIME><BODY>yea</BODY><COMMENT></COMMENT></POST>
<POST><USERNAME>manofdarkneedsl951</USERNAME><DATETIME>(10:22:39 pm)</DATETIME><BODY>have you seen a man cum?</BODY><COMMENT></COMMENT></POST>
<POST><USERNAME>rachel_west90</USERNAME><DATETIME>(10:22:44 pm)</DATETIME><BODY>if u want me to</BODY><COMMENT></COMMENT></POST>
<POST><USERNAME>rachel_west90</USERNAME><DATETIME>(10:22:49 pm)</DATETIME><BODY>not for reals</BODY><COMMENT></COMMENT></POST>
<POST><USERNAME>manofdarkneedsl951</USERNAME><DATETIME>(10:23:13 pm)</DATETIME><BODY>i want to fuck you to</BODY><COMMENT></COMMENT></POST>
<POST><USERNAME>rachel_west90</USERNAME><DATETIME>(10:23:31 pm)</DATETIME><BODY>will u come out here to where i am?</BODY><COMMENT></COMMENT></POST>
<POST><USERNAME>manofdarkneedsl951</USERNAME><DATETIME>(10:23:36 pm)</DATETIME><BODY>maybe</BODY><COMMENT></COMMENT></POST>
<POST><USERNAME>rachel_west90</USERNAME><DATETIME>(10:23:54 pm)</DATETIME><BODY>whats wrong with your camera</BODY><COMMENT></COMMENT></POST>
<POST><USERNAME>manofdarkneedsl951</USERNAME><DATETIME>(10:23:59 pm)</DATETIME><BODY>will you do all if i do</BODY><COMMENT></COMMENT></POST>
<POST><USERNAME>rachel_west90</USERNAME><DATETIME>(10:24:20 pm)</DATETIME><BODY>will u use a condom?</BODY><COMMENT></COMMENT></POST>
<POST><USERNAME>rachel_west90</USERNAME><DATETIME>(10:24:25 pm)</DATETIME><BODY>i dont want no baby</BODY><COMMENT></COMMENT></POST>
<POST><USERNAME>manofdarkneedsl951</USERNAME><DATETIME>(10:24:29 pm)</DATETIME><BODY>yes</BODY><COMMENT></COMMENT></POST>
<POST><USERNAME>manofdarkneedsl951</USERNAME><DATETIME>(10:26:04 pm)</DATETIME><BODY>i came</BODY><COMMENT></COMMENT></POST>
<POST><USERNAME>rachel_west90</USERNAME><DATETIME>(10:26:20 pm)</DATETIME><BODY>wow</BODY><COMMENT></COMMENT></POST>
<POST><USERNAME>rachel_west90</USERNAME><DATETIME>(10:26:29 pm)</DATETIME><BODY>i didnt see</BODY><COMMENT></COMMENT></POST>
<POST><USERNAME>rachel_west90</USERNAME><DATETIME>(10:26:36 pm)</DATETIME><BODY>your camera is messed up</BODY><COMMENT></COMMENT></POST>
<POST><USERNAME>manofdarkneedsl951</USERNAME><DATETIME>(10:26:37 pm)</DATETIME><BODY>was frozen</BODY><COMMENT></COMMENT></POST>
<POST><USERNAME>manofdarkneedsl951</USERNAME><DATETIME>(10:26:44 pm)</DATETIME><BODY>yep</BODY><COMMENT></COMMENT></POST>
<POST><USERNAME>rachel_west90</USERNAME><DATETIME>(10:26:54 pm)</DATETIME><BODY>let me see your face</BODY><COMMENT>(i think hes finally realizing whats going on here)</COMMENT></POST>
<POST><USERNAME>manofdarkneedsl951</USERNAME><DATETIME>(10:27:10 pm)</DATETIME><BODY>nope</BODY><COMMENT></COMMENT></POST>
<POST><USERNAME>rachel_west90</USERNAME><DATETIME>(10:27:28 pm)</DATETIME><BODY>why not, its right here in your chat window</BODY><COMMENT></COMMENT></POST>
<POST><USERNAME>rachel_west90</USERNAME><DATETIME>(10:27:34 pm)</DATETIME><BODY>silly</BODY><COMMENT></COMMENT></POST>
<POST><USERNAME>manofdarkneedsl951</USERNAME><DATETIME>(10:27:47 pm)</DATETIME><BODY>maybe</BODY><COMMENT></COMMENT></POST>
<POST><USERNAME>manofdarkneedsl951</USERNAME><DATETIME>(10:27:51 pm)</DATETIME><BODY>maybe not</BODY><COMMENT></COMMENT></POST>
<POST><USERNAME>rachel_west90</USERNAME><DATETIME>(10:28:06 pm)</DATETIME><BODY>and your profile</BODY><COMMENT></COMMENT></POST>
<POST><USERNAME>manofdarkneedsl951</USERNAME><DATETIME>(10:28:18 pm)</DATETIME><BODY>nope</BODY><COMMENT></COMMENT></POST>
<POST><USERNAME>rachel_west90</USERNAME><DATETIME>(10:28:31 pm)</DATETIME><BODY>why not?</BODY><COMMENT></COMMENT></POST>
<POST><USERNAME>rachel_west90</USERNAME><DATETIME>(10:29:40 pm)</DATETIME><BODY>u there?</BODY><COMMENT></COMMENT></POST>
<POST><USERNAME></USERNAME><DATETIME></DATETIME><BODY></BODY><COMMENT></COMMENT></POST>
</data>