<data>
<POST><USERNAME>needinit1983</USERNAME><DATETIME>10/07/06 12:42:46 PM</DATETIME><BODY>hi would you like to chat?</BODY><COMMENT></COMMENT></POST>
<POST><USERNAME>xjonalynx</USERNAME><DATETIME>10/07/06 12:43:38 PM</DATETIME><BODY>hi to u too</BODY><COMMENT></COMMENT></POST>
<POST><USERNAME>xjonalynx</USERNAME><DATETIME>10/07/06 12:43:38 PM</DATETIME><BODY>asl</BODY><COMMENT></COMMENT></POST>
<POST><USERNAME>needinit1983</USERNAME><DATETIME>10/07/06 12:43:46 PM</DATETIME><BODY>23/m/louisville</BODY><COMMENT></COMMENT></POST>
<POST><USERNAME>needinit1983</USERNAME><DATETIME>10/07/06 12:43:48 PM</DATETIME><BODY>you</BODY><COMMENT></COMMENT></POST>
<POST><USERNAME>xjonalynx</USERNAME><DATETIME>10/07/06 12:44:17 PM</DATETIME><BODY>13/f/like right next door</BODY><COMMENT></COMMENT></POST>
<POST><USERNAME>xjonalynx</USERNAME><DATETIME>10/07/06 12:44:17 PM</DATETIME><BODY>lol</BODY><COMMENT></COMMENT></POST>
<POST><USERNAME>needinit1983</USERNAME><DATETIME>10/07/06 12:44:23 PM</DATETIME><BODY>cool</BODY><COMMENT></COMMENT></POST>
<POST><USERNAME>xjonalynx</USERNAME><DATETIME>10/07/06 12:44:27 PM</DATETIME><BODY>do u have a pic?</BODY><COMMENT></COMMENT></POST>
<POST><USERNAME>needinit1983</USERNAME><DATETIME>10/07/06 12:44:34 PM</DATETIME><BODY>yeah do you?</BODY><COMMENT></COMMENT></POST>
<POST><USERNAME>xjonalynx</USERNAME><DATETIME>10/07/06 12:44:42 PM</DATETIME><BODY>yeah</BODY><COMMENT></COMMENT></POST>
<POST><USERNAME>needinit1983</USERNAME><DATETIME>10/07/06 12:44:54 PM</DATETIME><BODY>me and my niece</BODY><COMMENT></COMMENT></POST>
<POST><USERNAME>needinit1983</USERNAME><DATETIME>10/07/06 12:44:58 PM</DATETIME><BODY>can i see one of you?</BODY><COMMENT></COMMENT></POST>
<POST><USERNAME>xjonalynx</USERNAME><DATETIME>10/07/06 12:45:12 PM</DATETIME><BODY>sure</BODY><COMMENT></COMMENT></POST>
<POST><USERNAME>xjonalynx</USERNAME><DATETIME>10/07/06 12:45:15 PM</DATETIME><BODY>is that ur baby?</BODY><COMMENT></COMMENT></POST>
<POST><USERNAME>needinit1983</USERNAME><DATETIME>10/07/06 12:45:20 PM</DATETIME><BODY>nope</BODY><COMMENT></COMMENT></POST>
<POST><USERNAME>needinit1983</USERNAME><DATETIME>10/07/06 12:45:46 PM</DATETIME><BODY>you have any besides that? or a cam?</BODY><COMMENT></COMMENT></POST>
<POST><USERNAME>xjonalynx</USERNAME><DATETIME>10/07/06 12:45:52 PM</DATETIME><BODY>no cam</BODY><COMMENT></COMMENT></POST>
<POST><USERNAME>xjonalynx</USERNAME><DATETIME>10/07/06 12:45:59 PM</DATETIME><BODY>but a few more</BODY><COMMENT></COMMENT></POST>
<POST><USERNAME>needinit1983</USERNAME><DATETIME>10/07/06 12:46:05 PM</DATETIME><BODY>can i see?</BODY><COMMENT></COMMENT></POST>
<POST><USERNAME>xjonalynx</USERNAME><DATETIME>10/07/06 12:46:36 PM</DATETIME><BODY>do u have more?</BODY><COMMENT></COMMENT></POST>
<POST><USERNAME>xjonalynx</USERNAME><DATETIME>10/07/06 12:46:40 PM</DATETIME><BODY>r u married?</BODY><COMMENT></COMMENT></POST>
<POST><USERNAME>needinit1983</USERNAME><DATETIME>10/07/06 12:46:57 PM</DATETIME><BODY>dont have any of just me, just me and my niece, no i am single</BODY><COMMENT></COMMENT></POST>
<POST><USERNAME>xjonalynx</USERNAME><DATETIME>10/07/06 12:47:05 PM</DATETIME><BODY>im not married either</BODY><COMMENT></COMMENT></POST>
<POST><USERNAME>xjonalynx</USERNAME><DATETIME>10/07/06 12:47:06 PM</DATETIME><BODY>lol</BODY><COMMENT></COMMENT></POST>
<POST><USERNAME>xjonalynx</USERNAME><DATETIME>10/07/06 12:47:08 PM</DATETIME><BODY>ure cute</BODY><COMMENT></COMMENT></POST>
<POST><USERNAME>xjonalynx</USERNAME><DATETIME>10/07/06 12:47:14 PM</DATETIME><BODY>i love love love ur smile</BODY><COMMENT></COMMENT></POST>
<POST><USERNAME>needinit1983</USERNAME><DATETIME>10/07/06 12:47:15 PM</DATETIME><BODY>thanks, so are you</BODY><COMMENT></COMMENT></POST>
<POST><USERNAME>xjonalynx</USERNAME><DATETIME>10/07/06 12:47:17 PM</DATETIME><BODY>tyvm</BODY><COMMENT></COMMENT></POST>
<POST><USERNAME>xjonalynx</USERNAME><DATETIME>10/07/06 12:47:20 PM</DATETIME><BODY>do u really think so?</BODY><COMMENT></COMMENT></POST>
<POST><USERNAME>needinit1983</USERNAME><DATETIME>10/07/06 12:47:25 PM</DATETIME><BODY>yes</BODY><COMMENT></COMMENT></POST>
<POST><USERNAME>xjonalynx</USERNAME><DATETIME>10/07/06 12:47:29 PM</DATETIME><BODY>do u have a gf?</BODY><COMMENT></COMMENT></POST>
<POST><USERNAME>needinit1983</USERNAME><DATETIME>10/07/06 12:47:31 PM</DATETIME><BODY>would like to see more pics</BODY><COMMENT></COMMENT></POST>
<POST><USERNAME>needinit1983</USERNAME><DATETIME>10/07/06 12:47:35 PM</DATETIME><BODY>no i am totally singkle</BODY><COMMENT></COMMENT></POST>
<POST><USERNAME>needinit1983</USERNAME><DATETIME>10/07/06 12:47:37 PM</DATETIME><BODY>single</BODY><COMMENT></COMMENT></POST>
<POST><USERNAME>xjonalynx</USERNAME><DATETIME>10/07/06 12:47:40 PM</DATETIME><BODY>i dont have a gf either</BODY><COMMENT></COMMENT></POST>
<POST><USERNAME>xjonalynx</USERNAME><DATETIME>10/07/06 12:47:40 PM</DATETIME><BODY>lol</BODY><COMMENT></COMMENT></POST>
<POST><USERNAME>needinit1983</USERNAME><DATETIME>10/07/06 12:47:49 PM</DATETIME><BODY>i would hope not</BODY><COMMENT></COMMENT></POST>
<POST><USERNAME>xjonalynx</USERNAME><DATETIME>10/07/06 12:48:05 PM</DATETIME><BODY>yeah,</BODY><COMMENT></COMMENT></POST>
<POST><USERNAME>xjonalynx</USERNAME><DATETIME>10/07/06 12:48:12 PM</DATETIME><BODY>sorta dont like girls like that</BODY><COMMENT></COMMENT></POST>
<POST><USERNAME>needinit1983</USERNAME><DATETIME>10/07/06 12:48:17 PM</DATETIME><BODY>that is good</BODY><COMMENT></COMMENT></POST>
<POST><USERNAME>xjonalynx</USERNAME><DATETIME>10/07/06 12:48:39 PM</DATETIME><BODY>so my name is jonalyn</BODY><COMMENT></COMMENT></POST>
<POST><USERNAME>xjonalynx</USERNAME><DATETIME>10/07/06 12:48:40 PM</DATETIME><BODY>whats urs?</BODY><COMMENT></COMMENT></POST>
<POST><USERNAME>needinit1983</USERNAME><DATETIME>10/07/06 12:48:44 PM</DATETIME><BODY>damon</BODY><COMMENT></COMMENT></POST>
<POST><USERNAME>xjonalynx</USERNAME><DATETIME>10/07/06 12:48:51 PM</DATETIME><BODY>oooh, i like that name</BODY><COMMENT></COMMENT></POST>
<POST><USERNAME>needinit1983</USERNAME><DATETIME>10/07/06 12:48:56 PM</DATETIME><BODY>thank you</BODY><COMMENT></COMMENT></POST>
<POST><USERNAME>xjonalynx</USERNAME><DATETIME>10/07/06 12:48:57 PM</DATETIME><BODY>i guess i shouldnt say its pretty</BODY><COMMENT></COMMENT></POST>
<POST><USERNAME>xjonalynx</USERNAME><DATETIME>10/07/06 12:48:59 PM</DATETIME><BODY>but, well</BODY><COMMENT></COMMENT></POST>
<POST><USERNAME>xjonalynx</USERNAME><DATETIME>10/07/06 12:49:00 PM</DATETIME><BODY>it is</BODY><COMMENT></COMMENT></POST>
<POST><USERNAME>xjonalynx</USERNAME><DATETIME>10/07/06 12:49:01 PM</DATETIME><BODY>lol</BODY><COMMENT></COMMENT></POST>
<POST><USERNAME>needinit1983</USERNAME><DATETIME>10/07/06 12:49:05 PM</DATETIME><BODY>gee thanks lol</BODY><COMMENT></COMMENT></POST>
<POST><USERNAME>needinit1983</USERNAME><DATETIME>10/07/06 12:49:11 PM</DATETIME><BODY>so what are you looknig for on here?</BODY><COMMENT></COMMENT></POST>
<POST><USERNAME>xjonalynx</USERNAME><DATETIME>10/07/06 12:49:34 PM</DATETIME><BODY>i dunno</BODY><COMMENT></COMMENT></POST>
<POST><USERNAME>xjonalynx</USERNAME><DATETIME>10/07/06 12:49:41 PM</DATETIME><BODY>im bored out of my head</BODY><COMMENT></COMMENT></POST>
<POST><USERNAME>xjonalynx</USERNAME><DATETIME>10/07/06 12:49:45 PM</DATETIME><BODY>my mom is gone for the weekend</BODY><COMMENT></COMMENT></POST>
<POST><USERNAME>xjonalynx</USERNAME><DATETIME>10/07/06 12:49:51 PM</DATETIME><BODY>and i thought it would be sooooo cool to have her gone</BODY><COMMENT></COMMENT></POST>
<POST><USERNAME>xjonalynx</USERNAME><DATETIME>10/07/06 12:49:53 PM</DATETIME><BODY>but, eh,</BODY><COMMENT></COMMENT></POST>
<POST><USERNAME>xjonalynx</USERNAME><DATETIME>10/07/06 12:49:55 PM</DATETIME><BODY>im just bored</BODY><COMMENT></COMMENT></POST>
<POST><USERNAME>xjonalynx</USERNAME><DATETIME>10/07/06 12:49:56 PM</DATETIME><BODY>lol</BODY><COMMENT></COMMENT></POST>
<POST><USERNAME>needinit1983</USERNAME><DATETIME>10/07/06 12:50:06 PM</DATETIME><BODY>i hear ya, i need excitement myself</BODY><COMMENT></COMMENT></POST>
<POST><USERNAME>xjonalynx</USERNAME><DATETIME>10/07/06 12:50:20 PM</DATETIME><BODY>yeah</BODY><COMMENT></COMMENT></POST>
<POST><USERNAME>xjonalynx</USERNAME><DATETIME>10/07/06 12:50:21 PM</DATETIME><BODY>me too</BODY><COMMENT></COMMENT></POST>
<POST><USERNAME>xjonalynx</USERNAME><DATETIME>10/07/06 12:50:22 PM</DATETIME><BODY>lol</BODY><COMMENT></COMMENT></POST>
<POST><USERNAME>needinit1983</USERNAME><DATETIME>10/07/06 12:50:26 PM</DATETIME><BODY>you name it</BODY><COMMENT></COMMENT></POST>
<POST><USERNAME>xjonalynx</USERNAME><DATETIME>10/07/06 12:50:32 PM</DATETIME><BODY>whatcha mean?</BODY><COMMENT></COMMENT></POST>
<POST><USERNAME>needinit1983</USERNAME><DATETIME>10/07/06 12:50:41 PM</DATETIME><BODY>whatcha wanna do?</BODY><COMMENT></COMMENT></POST>
<POST><USERNAME>xjonalynx</USERNAME><DATETIME>10/07/06 12:51:04 PM</DATETIME><BODY>i dunno</BODY><COMMENT></COMMENT></POST>
<POST><USERNAME>xjonalynx</USERNAME><DATETIME>10/07/06 12:51:08 PM</DATETIME><BODY>im always up for something fun</BODY><COMMENT></COMMENT></POST>
<POST><USERNAME>needinit1983</USERNAME><DATETIME>10/07/06 12:51:14 PM</DATETIME><BODY>well i am up for anything, you name it</BODY><COMMENT></COMMENT></POST>
<POST><USERNAME>xjonalynx</USERNAME><DATETIME>10/07/06 12:51:40 PM</DATETIME><BODY>well, i dont know anyone here, so</BODY><COMMENT></COMMENT></POST>
<POST><USERNAME>xjonalynx</USERNAME><DATETIME>10/07/06 12:51:52 PM</DATETIME><BODY>cos im new</BODY><COMMENT></COMMENT></POST>
<POST><USERNAME>xjonalynx</USERNAME><DATETIME>10/07/06 12:51:54 PM</DATETIME><BODY>i dont know anything around me</BODY><COMMENT></COMMENT></POST>
<POST><USERNAME>needinit1983</USERNAME><DATETIME>10/07/06 12:51:58 PM</DATETIME><BODY>well what kinda stuff do you like to do?</BODY><COMMENT></COMMENT></POST>
<POST><USERNAME>xjonalynx</USERNAME><DATETIME>10/07/06 12:51:58 PM</DATETIME><BODY>so i dont really know what to do</BODY><COMMENT></COMMENT></POST>
<POST><USERNAME>xjonalynx</USERNAME><DATETIME>10/07/06 12:52:05 PM</DATETIME><BODY>im in to gymnastics</BODY><COMMENT></COMMENT></POST>
<POST><USERNAME>xjonalynx</USERNAME><DATETIME>10/07/06 12:52:09 PM</DATETIME><BODY>but i havent found a gym</BODY><COMMENT></COMMENT></POST>
<POST><USERNAME>needinit1983</USERNAME><DATETIME>10/07/06 12:52:17 PM</DATETIME><BODY>cool</BODY><COMMENT></COMMENT></POST>
<POST><USERNAME>xjonalynx</USERNAME><DATETIME>10/07/06 12:52:35 PM</DATETIME><BODY>so no gym</BODY><COMMENT></COMMENT></POST>
<POST><USERNAME>xjonalynx</USERNAME><DATETIME>10/07/06 12:52:36 PM</DATETIME><BODY>no coach</BODY><COMMENT></COMMENT></POST>
<POST><USERNAME>xjonalynx</USERNAME><DATETIME>10/07/06 12:52:37 PM</DATETIME><BODY>no bf</BODY><COMMENT></COMMENT></POST>
<POST><USERNAME>xjonalynx</USERNAME><DATETIME>10/07/06 12:52:39 PM</DATETIME><BODY>no fun</BODY><COMMENT></COMMENT></POST>
<POST><USERNAME>xjonalynx</USERNAME><DATETIME>10/07/06 12:52:43 PM</DATETIME><BODY>it pretty much sucks to be me</BODY><COMMENT></COMMENT></POST>
<POST><USERNAME>xjonalynx</USERNAME><DATETIME>10/07/06 12:52:44 PM</DATETIME><BODY>lol</BODY><COMMENT></COMMENT></POST>
<POST><USERNAME>needinit1983</USERNAME><DATETIME>10/07/06 12:52:50 PM</DATETIME><BODY>sucks in the bad way lol</BODY><COMMENT></COMMENT></POST>
<POST><USERNAME>xjonalynx</USERNAME><DATETIME>10/07/06 12:53:01 PM</DATETIME><BODY>totally</BODY><COMMENT></COMMENT></POST>
<POST><USERNAME>needinit1983</USERNAME><DATETIME>10/07/06 12:53:07 PM</DATETIME><BODY>not good lol</BODY><COMMENT></COMMENT></POST>
<POST><USERNAME>xjonalynx</USERNAME><DATETIME>10/07/06 12:53:22 PM</DATETIME><BODY>i know</BODY><COMMENT></COMMENT></POST>
<POST><USERNAME>xjonalynx</USERNAME><DATETIME>10/07/06 12:53:27 PM</DATETIME><BODY>so what r u gonna do today?</BODY><COMMENT></COMMENT></POST>
<POST><USERNAME>needinit1983</USERNAME><DATETIME>10/07/06 12:53:46 PM</DATETIME><BODY>not much</BODY><COMMENT></COMMENT></POST>
<POST><USERNAME>xjonalynx</USERNAME><DATETIME>10/07/06 12:53:56 PM</DATETIME><BODY>b</BODY><COMMENT></COMMENT></POST>
<POST><USERNAME>xjonalynx</USERNAME><DATETIME>10/07/06 12:53:57 PM</DATETIME><BODY>i</BODY><COMMENT></COMMENT></POST>
<POST><USERNAME>xjonalynx</USERNAME><DATETIME>10/07/06 12:53:59 PM</DATETIME><BODY>wait</BODY><COMMENT></COMMENT></POST>
<POST><USERNAME>xjonalynx</USERNAME><DATETIME>10/07/06 12:54:02 PM</DATETIME><BODY>trying that again</BODY><COMMENT></COMMENT></POST>
<POST><USERNAME>xjonalynx</USERNAME><DATETIME>10/07/06 12:54:03 PM</DATETIME><BODY>b</BODY><COMMENT></COMMENT></POST>
<POST><USERNAME>xjonalynx</USERNAME><DATETIME>10/07/06 12:54:04 PM</DATETIME><BODY>o</BODY><COMMENT></COMMENT></POST>
<POST><USERNAME>xjonalynx</USERNAME><DATETIME>10/07/06 12:54:04 PM</DATETIME><BODY>r</BODY><COMMENT></COMMENT></POST>
<POST><USERNAME>xjonalynx</USERNAME><DATETIME>10/07/06 12:54:05 PM</DATETIME><BODY>i</BODY><COMMENT></COMMENT></POST>
<POST><USERNAME>xjonalynx</USERNAME><DATETIME>10/07/06 12:54:05 PM</DATETIME><BODY>n</BODY><COMMENT></COMMENT></POST>
<POST><USERNAME>xjonalynx</USERNAME><DATETIME>10/07/06 12:54:06 PM</DATETIME><BODY>g</BODY><COMMENT></COMMENT></POST>
<POST><USERNAME>needinit1983</USERNAME><DATETIME>10/07/06 12:54:08 PM</DATETIME><BODY>true</BODY><COMMENT></COMMENT></POST>
<POST><USERNAME>needinit1983</USERNAME><DATETIME>10/07/06 12:54:14 PM</DATETIME><BODY>well give me something to do</BODY><COMMENT></COMMENT></POST>
<POST><USERNAME>xjonalynx</USERNAME><DATETIME>10/07/06 12:54:23 PM</DATETIME><BODY>hang out with someone</BODY><COMMENT></COMMENT></POST>
<POST><USERNAME>xjonalynx</USERNAME><DATETIME>10/07/06 12:54:27 PM</DATETIME><BODY>ure not new,right?</BODY><COMMENT></COMMENT></POST>
<POST><USERNAME>needinit1983</USERNAME><DATETIME>10/07/06 12:54:30 PM</DATETIME><BODY>right</BODY><COMMENT></COMMENT></POST>
<POST><USERNAME>xjonalynx</USERNAME><DATETIME>10/07/06 12:54:33 PM</DATETIME><BODY>so u probably got someone u can hang out with</BODY><COMMENT></COMMENT></POST>
<POST><USERNAME>needinit1983</USERNAME><DATETIME>10/07/06 12:54:40 PM</DATETIME><BODY>not really</BODY><COMMENT></COMMENT></POST>
<POST><USERNAME>xjonalynx</USERNAME><DATETIME>10/07/06 12:54:40 PM</DATETIME><BODY>ure lucky like that</BODY><COMMENT></COMMENT></POST>
<POST><USERNAME>needinit1983</USERNAME><DATETIME>10/07/06 12:54:48 PM</DATETIME><BODY>i need something exciting to do</BODY><COMMENT></COMMENT></POST>
<POST><USERNAME>needinit1983</USERNAME><DATETIME>10/07/06 12:54:53 PM</DATETIME><BODY>something different</BODY><COMMENT></COMMENT></POST>
<POST><USERNAME>xjonalynx</USERNAME><DATETIME>10/07/06 12:54:56 PM</DATETIME><BODY>what do u think is exciting?</BODY><COMMENT></COMMENT></POST>
<POST><USERNAME>needinit1983</USERNAME><DATETIME>10/07/06 12:55:01 PM</DATETIME><BODY>i dont know</BODY><COMMENT></COMMENT></POST>
<POST><USERNAME>xjonalynx</USERNAME><DATETIME>10/07/06 12:55:05 PM</DATETIME><BODY>whatever</BODY><COMMENT></COMMENT></POST>
<POST><USERNAME>xjonalynx</USERNAME><DATETIME>10/07/06 12:55:10 PM</DATETIME><BODY>if u dont know whats exciting</BODY><COMMENT></COMMENT></POST>
<POST><USERNAME>xjonalynx</USERNAME><DATETIME>10/07/06 12:55:13 PM</DATETIME><BODY>then u cant do it</BODY><COMMENT></COMMENT></POST>
<POST><USERNAME>needinit1983</USERNAME><DATETIME>10/07/06 12:55:18 PM</DATETIME><BODY>just fun</BODY><COMMENT></COMMENT></POST>
<POST><USERNAME>xjonalynx</USERNAME><DATETIME>10/07/06 12:55:21 PM</DATETIME><BODY>okay</BODY><COMMENT></COMMENT></POST>
<POST><USERNAME>xjonalynx</USERNAME><DATETIME>10/07/06 12:55:23 PM</DATETIME><BODY>whats fun?</BODY><COMMENT></COMMENT></POST>
<POST><USERNAME>needinit1983</USERNAME><DATETIME>10/07/06 12:55:35 PM</DATETIME><BODY>pretty much anything at this point</BODY><COMMENT></COMMENT></POST>
<POST><USERNAME>needinit1983</USERNAME><DATETIME>10/07/06 12:55:41 PM</DATETIME><BODY>need a girl lol</BODY><COMMENT></COMMENT></POST>
<POST><USERNAME>xjonalynx</USERNAME><DATETIME>10/07/06 12:56:01 PM</DATETIME><BODY>yeah</BODY><COMMENT></COMMENT></POST>
<POST><USERNAME>xjonalynx</USERNAME><DATETIME>10/07/06 12:56:02 PM</DATETIME><BODY>me too</BODY><COMMENT></COMMENT></POST>
<POST><USERNAME>xjonalynx</USERNAME><DATETIME>10/07/06 12:56:03 PM</DATETIME><BODY>lol</BODY><COMMENT></COMMENT></POST>
<POST><USERNAME>xjonalynx</USERNAME><DATETIME>10/07/06 12:56:05 PM</DATETIME><BODY>well,</BODY><COMMENT></COMMENT></POST>
<POST><USERNAME>needinit1983</USERNAME><DATETIME>10/07/06 12:56:06 PM</DATETIME><BODY>lol</BODY><COMMENT></COMMENT></POST>
<POST><USERNAME>xjonalynx</USERNAME><DATETIME>10/07/06 12:56:07 PM</DATETIME><BODY>maybe not a girl</BODY><COMMENT></COMMENT></POST>
<POST><USERNAME>xjonalynx</USERNAME><DATETIME>10/07/06 12:56:10 PM</DATETIME><BODY>lol</BODY><COMMENT></COMMENT></POST>
<POST><USERNAME>needinit1983</USERNAME><DATETIME>10/07/06 12:56:12 PM</DATETIME><BODY>a guy?</BODY><COMMENT></COMMENT></POST>
<POST><USERNAME>needinit1983</USERNAME><DATETIME>10/07/06 12:56:14 PM</DATETIME><BODY>what for?</BODY><COMMENT></COMMENT></POST>
<POST><USERNAME>xjonalynx</USERNAME><DATETIME>10/07/06 12:56:17 PM</DATETIME><BODY>would be better</BODY><COMMENT></COMMENT></POST>
<POST><USERNAME>xjonalynx</USERNAME><DATETIME>10/07/06 12:56:18 PM</DATETIME><BODY>lol</BODY><COMMENT></COMMENT></POST>
<POST><USERNAME>needinit1983</USERNAME><DATETIME>10/07/06 12:56:22 PM</DATETIME><BODY>lol</BODY><COMMENT></COMMENT></POST>
<POST><USERNAME>needinit1983</USERNAME><DATETIME>10/07/06 12:56:48 PM</DATETIME><BODY>well if you had a guy what would you do?</BODY><COMMENT></COMMENT></POST>
<POST><USERNAME>xjonalynx</USERNAME><DATETIME>10/07/06 12:56:57 PM</DATETIME><BODY>i dunno</BODY><COMMENT></COMMENT></POST>
<POST><USERNAME>xjonalynx</USERNAME><DATETIME>10/07/06 12:57:01 PM</DATETIME><BODY>whatever he wanted i guess</BODY><COMMENT></COMMENT></POST>
<POST><USERNAME>xjonalynx</USERNAME><DATETIME>10/07/06 12:57:04 PM</DATETIME><BODY>hes the guy</BODY><COMMENT></COMMENT></POST>
<POST><USERNAME>xjonalynx</USERNAME><DATETIME>10/07/06 12:57:06 PM</DATETIME><BODY>he decides</BODY><COMMENT></COMMENT></POST>
<POST><USERNAME>xjonalynx</USERNAME><DATETIME>10/07/06 12:57:07 PM</DATETIME><BODY>we do</BODY><COMMENT></COMMENT></POST>
<POST><USERNAME>needinit1983</USERNAME><DATETIME>10/07/06 12:57:09 PM</DATETIME><BODY>no</BODY><COMMENT></COMMENT></POST>
<POST><USERNAME>needinit1983</USERNAME><DATETIME>10/07/06 12:57:12 PM</DATETIME><BODY>not always</BODY><COMMENT></COMMENT></POST>
<POST><USERNAME>xjonalynx</USERNAME><DATETIME>10/07/06 12:57:14 PM</DATETIME><BODY>yeah</BODY><COMMENT></COMMENT></POST>
<POST><USERNAME>xjonalynx</USERNAME><DATETIME>10/07/06 12:57:24 PM</DATETIME><BODY>always</BODY><COMMENT></COMMENT></POST>
<POST><USERNAME>xjonalynx</USERNAME><DATETIME>10/07/06 12:57:28 PM</DATETIME><BODY>thats whatmy mom says</BODY><COMMENT></COMMENT></POST>
<POST><USERNAME>needinit1983</USERNAME><DATETIME>10/07/06 12:57:38 PM</DATETIME><BODY>if i told you i will come over and hang with you, but only if you decided what we do, then what would we do</BODY><COMMENT></COMMENT></POST>
<POST><USERNAME>xjonalynx</USERNAME><DATETIME>10/07/06 12:57:56 PM</DATETIME><BODY>i dunno</BODY><COMMENT></COMMENT></POST>
<POST><USERNAME>xjonalynx</USERNAME><DATETIME>10/07/06 12:58:00 PM</DATETIME><BODY>whatcha bringing with u?</BODY><COMMENT></COMMENT></POST>
<POST><USERNAME>needinit1983</USERNAME><DATETIME>10/07/06 12:58:05 PM</DATETIME><BODY>just me</BODY><COMMENT></COMMENT></POST>
<POST><USERNAME>xjonalynx</USERNAME><DATETIME>10/07/06 12:58:16 PM</DATETIME><BODY>no alcohol or anything</BODY><COMMENT></COMMENT></POST>
<POST><USERNAME>needinit1983</USERNAME><DATETIME>10/07/06 12:58:21 PM</DATETIME><BODY>nope, just me</BODY><COMMENT></COMMENT></POST>
<POST><USERNAME>xjonalynx</USERNAME><DATETIME>10/07/06 12:58:24 PM</DATETIME><BODY>hmmm</BODY><COMMENT></COMMENT></POST>
<POST><USERNAME>xjonalynx</USERNAME><DATETIME>10/07/06 12:58:34 PM</DATETIME><BODY>i guess id have to know what u think would be fun</BODY><COMMENT></COMMENT></POST>
<POST><USERNAME>xjonalynx</USERNAME><DATETIME>10/07/06 12:58:45 PM</DATETIME><BODY>and then i could pick and choose</BODY><COMMENT></COMMENT></POST>
<POST><USERNAME>needinit1983</USERNAME><DATETIME>10/07/06 12:58:58 PM</DATETIME><BODY>we would have to entertain ourselves</BODY><COMMENT></COMMENT></POST>
<POST><USERNAME>xjonalynx</USERNAME><DATETIME>10/07/06 12:59:35 PM</DATETIME><BODY>well, if ure not gonna tell me what u like, then i guess wed just watch movies or something</BODY><COMMENT></COMMENT></POST>
<POST><USERNAME>xjonalynx</USERNAME><DATETIME>10/07/06 12:59:37 PM</DATETIME><BODY>i mean</BODY><COMMENT></COMMENT></POST>
<POST><USERNAME>xjonalynx</USERNAME><DATETIME>10/07/06 12:59:41 PM</DATETIME><BODY>ure hte guest</BODY><COMMENT></COMMENT></POST>
<POST><USERNAME>xjonalynx</USERNAME><DATETIME>10/07/06 12:59:46 PM</DATETIME><BODY>i would want u to be happy</BODY><COMMENT></COMMENT></POST>
<POST><USERNAME>xjonalynx</USERNAME><DATETIME>10/07/06 12:59:54 PM</DATETIME><BODY>but if u rnt gonna say what will make u happy</BODY><COMMENT></COMMENT></POST>
<POST><USERNAME>xjonalynx</USERNAME><DATETIME>10/07/06 12:59:56 PM</DATETIME><BODY>then ure stuck</BODY><COMMENT></COMMENT></POST>
<POST><USERNAME>needinit1983</USERNAME><DATETIME>10/07/06  1:00:08 PM</DATETIME><BODY>i dont know if we could really do anything saying you are so young though</BODY><COMMENT></COMMENT></POST>
<POST><USERNAME>xjonalynx</USERNAME><DATETIME>10/07/06  1:00:16 PM</DATETIME><BODY>im not that young</BODY><COMMENT></COMMENT></POST>
<POST><USERNAME>xjonalynx</USERNAME><DATETIME>10/07/06  1:00:18 PM</DATETIME><BODY>im not a little</BODY><COMMENT></COMMENT></POST>
<POST><USERNAME>xjonalynx</USERNAME><DATETIME>10/07/06  1:00:19 PM</DATETIME><BODY>girl</BODY><COMMENT></COMMENT></POST>
<POST><USERNAME>xjonalynx</USERNAME><DATETIME>10/07/06  1:00:21 PM</DATETIME><BODY>i mean,</BODY><COMMENT></COMMENT></POST>
<POST><USERNAME>xjonalynx</USERNAME><DATETIME>10/07/06  1:00:24 PM</DATETIME><BODY>im teeny tiny</BODY><COMMENT></COMMENT></POST>
<POST><USERNAME>xjonalynx</USERNAME><DATETIME>10/07/06  1:00:30 PM</DATETIME><BODY>cos im into gymnastics and stuff</BODY><COMMENT></COMMENT></POST>
<POST><USERNAME>xjonalynx</USERNAME><DATETIME>10/07/06  1:00:37 PM</DATETIME><BODY>my its not like i play with barbies</BODY><COMMENT></COMMENT></POST>
<POST><USERNAME>needinit1983</USERNAME><DATETIME>10/07/06  1:01:02 PM</DATETIME><BODY>but you are young, and most stuff i would like to do right now, dont know if it would be appropriate</BODY><COMMENT></COMMENT></POST>
<POST><USERNAME>xjonalynx</USERNAME><DATETIME>10/07/06  1:01:17 PM</DATETIME><BODY>well what stuff is that?</BODY><COMMENT></COMMENT></POST>
<POST><USERNAME>xjonalynx</USERNAME><DATETIME>10/07/06  1:01:33 PM</DATETIME><BODY>and never mind appropriate.. whatever u mean by that...</BODY><COMMENT></COMMENT></POST>
<POST><USERNAME>xjonalynx</USERNAME><DATETIME>10/07/06  1:01:34 PM</DATETIME><BODY>have fun</BODY><COMMENT></COMMENT></POST>
<POST><USERNAME>xjonalynx</USERNAME><DATETIME>10/07/06  1:01:36 PM</DATETIME><BODY>lol</BODY><COMMENT></COMMENT></POST>
<POST><USERNAME>needinit1983</USERNAME><DATETIME>10/07/06  1:01:49 PM</DATETIME><BODY>i think it would be fun, but i dunno</BODY><COMMENT></COMMENT></POST>
<POST><USERNAME>needinit1983</USERNAME><DATETIME>10/07/06  1:01:58 PM</DATETIME><BODY>lets just say it would be physical lol</BODY><COMMENT></COMMENT></POST>
<POST><USERNAME>needinit1983</USERNAME><DATETIME>10/07/06  1:02:50 PM</DATETIME><BODY>but i dont konw if you would even do anything like that so</BODY><COMMENT></COMMENT></POST>
<POST><USERNAME>needinit1983</USERNAME><DATETIME>10/07/06  1:03:29 PM</DATETIME><BODY>you still there?</BODY><COMMENT></COMMENT></POST>
<POST><USERNAME>xjonalynx</USERNAME><DATETIME>10/07/06  1:03:35 PM</DATETIME><BODY>yeah</BODY><COMMENT></COMMENT></POST>
<POST><USERNAME>xjonalynx</USERNAME><DATETIME>10/07/06  1:03:46 PM</DATETIME><BODY>so what r u asking?</BODY><COMMENT></COMMENT></POST>
<POST><USERNAME>needinit1983</USERNAME><DATETIME>10/07/06  1:03:59 PM</DATETIME><BODY>are you into stuff like that at all?</BODY><COMMENT></COMMENT></POST>
<POST><USERNAME>needinit1983</USERNAME><DATETIME>10/07/06  1:04:45 PM</DATETIME><BODY>?</BODY><COMMENT></COMMENT></POST>
<POST><USERNAME>needinit1983</USERNAME><DATETIME>10/07/06  1:05:38 PM</DATETIME><BODY>or did i offend you?</BODY><COMMENT></COMMENT></POST>
<POST><USERNAME>xjonalynx</USERNAME><DATETIME>10/07/06  1:06:04 PM</DATETIME><BODY>no</BODY><COMMENT></COMMENT></POST>
<POST><USERNAME>needinit1983</USERNAME><DATETIME>10/07/06  1:06:11 PM</DATETIME><BODY>you never did answer</BODY><COMMENT></COMMENT></POST>
<POST><USERNAME>needinit1983</USERNAME><DATETIME>10/07/06  1:06:44 PM</DATETIME><BODY>i guess you are not</BODY><COMMENT></COMMENT></POST>
<POST><USERNAME>xjonalynx</USERNAME><DATETIME>10/07/06  1:06:58 PM</DATETIME><BODY>i am</BODY><COMMENT></COMMENT></POST>
<POST><USERNAME>needinit1983</USERNAME><DATETIME>10/07/06  1:07:06 PM</DATETIME><BODY>well what do you like to do?</BODY><COMMENT></COMMENT></POST>
<POST><USERNAME>needinit1983</USERNAME><DATETIME>10/07/06  1:07:55 PM</DATETIME><BODY>?</BODY><COMMENT></COMMENT></POST>
<POST><USERNAME>xjonalynx</USERNAME><DATETIME>10/07/06  1:08:45 PM</DATETIME><BODY>brb</BODY><COMMENT></COMMENT></POST>
<POST><USERNAME>xjonalynx</USERNAME><DATETIME>10/07/06  1:08:49 PM</DATETIME><BODY>1sec</BODY><COMMENT></COMMENT></POST>
<POST><USERNAME>needinit1983</USERNAME><DATETIME>10/07/06  1:09:06 PM</DATETIME><BODY>at least tell me if you are interested in something maybe</BODY><COMMENT></COMMENT></POST>
<POST><USERNAME>needinit1983</USERNAME><DATETIME>10/07/06  1:11:46 PM</DATETIME><BODY>?</BODY><COMMENT></COMMENT></POST>
<POST><USERNAME>xjonalynx</USERNAME><DATETIME>10/07/06  1:12:44 PM</DATETIME><BODY>im interested</BODY><COMMENT></COMMENT></POST>
<POST><USERNAME>xjonalynx</USERNAME><DATETIME>10/07/06  1:12:46 PM</DATETIME><BODY>sorry</BODY><COMMENT></COMMENT></POST>
<POST><USERNAME>xjonalynx</USERNAME><DATETIME>10/07/06  1:12:51 PM</DATETIME><BODY>i had to let my dog in</BODY><COMMENT></COMMENT></POST>
<POST><USERNAME>needinit1983</USERNAME><DATETIME>10/07/06  1:12:54 PM</DATETIME><BODY>its ok</BODY><COMMENT></COMMENT></POST>
<POST><USERNAME>needinit1983</USERNAME><DATETIME>10/07/06  1:13:01 PM</DATETIME><BODY>you up for something today?</BODY><COMMENT></COMMENT></POST>
<POST><USERNAME>xjonalynx</USERNAME><DATETIME>10/07/06  1:13:04 PM</DATETIME><BODY>he was barkingout side</BODY><COMMENT></COMMENT></POST>
<POST><USERNAME>xjonalynx</USERNAME><DATETIME>10/07/06  1:13:07 PM</DATETIME><BODY>totally</BODY><COMMENT></COMMENT></POST>
<POST><USERNAME>xjonalynx</USERNAME><DATETIME>10/07/06  1:13:14 PM</DATETIME><BODY>whatcha want to do?</BODY><COMMENT></COMMENT></POST>
<POST><USERNAME>needinit1983</USERNAME><DATETIME>10/07/06  1:13:16 PM</DATETIME><BODY>what do you like to do?</BODY><COMMENT></COMMENT></POST>
<POST><USERNAME>xjonalynx</USERNAME><DATETIME>10/07/06  1:13:40 PM</DATETIME><BODY>well ure the guest</BODY><COMMENT></COMMENT></POST>
<POST><USERNAME>xjonalynx</USERNAME><DATETIME>10/07/06  1:13:44 PM</DATETIME><BODY>well do whatever u want</BODY><COMMENT></COMMENT></POST>
<POST><USERNAME>needinit1983</USERNAME><DATETIME>10/07/06  1:14:17 PM</DATETIME><BODY>well what have you done as far as that goes?</BODY><COMMENT></COMMENT></POST>
<POST><USERNAME>xjonalynx</USERNAME><DATETIME>10/07/06  1:14:27 PM</DATETIME><BODY>as far as what goes?</BODY><COMMENT></COMMENT></POST>
<POST><USERNAME>needinit1983</USERNAME><DATETIME>10/07/06  1:14:35 PM</DATETIME><BODY>a guy and girl</BODY><COMMENT></COMMENT></POST>
<POST><USERNAME>xjonalynx</USERNAME><DATETIME>10/07/06  1:15:04 PM</DATETIME><BODY>oh</BODY><COMMENT></COMMENT></POST>
<POST><USERNAME>xjonalynx</USERNAME><DATETIME>10/07/06  1:15:10 PM</DATETIME><BODY>well ive only been with one guy</BODY><COMMENT></COMMENT></POST>
<POST><USERNAME>needinit1983</USERNAME><DATETIME>10/07/06  1:15:21 PM</DATETIME><BODY>but how far did you go?</BODY><COMMENT></COMMENT></POST>
<POST><USERNAME>xjonalynx</USERNAME><DATETIME>10/07/06  1:15:34 PM</DATETIME><BODY>promise not to tell?</BODY><COMMENT></COMMENT></POST>
<POST><USERNAME>xjonalynx</USERNAME><DATETIME>10/07/06  1:15:45 PM</DATETIME><BODY>damon?</BODY><COMMENT></COMMENT></POST>
<POST><USERNAME>needinit1983</USERNAME><DATETIME>10/07/06  1:15:46 PM</DATETIME><BODY>yes</BODY><COMMENT></COMMENT></POST>
<POST><USERNAME>xjonalynx</USERNAME><DATETIME>10/07/06  1:15:50 PM</DATETIME><BODY>promise?</BODY><COMMENT></COMMENT></POST>
<POST><USERNAME>needinit1983</USERNAME><DATETIME>10/07/06  1:15:55 PM</DATETIME><BODY>yes i do</BODY><COMMENT></COMMENT></POST>
<POST><USERNAME>xjonalynx</USERNAME><DATETIME>10/07/06  1:16:16 PM</DATETIME><BODY>promise not to think bad of me?</BODY><COMMENT></COMMENT></POST>
<POST><USERNAME>needinit1983</USERNAME><DATETIME>10/07/06  1:16:35 PM</DATETIME><BODY>yes i do promise hon</BODY><COMMENT></COMMENT></POST>
<POST><USERNAME>needinit1983</USERNAME><DATETIME>10/07/06  1:18:06 PM</DATETIME><BODY>?</BODY><COMMENT></COMMENT></POST>
<POST><USERNAME>xjonalynx</USERNAME><DATETIME>10/07/06  1:18:22 PM</DATETIME><BODY>all the way, i guess</BODY><COMMENT></COMMENT></POST>
<POST><USERNAME>needinit1983</USERNAME><DATETIME>10/07/06  1:18:29 PM</DATETIME><BODY>nothing wrong with that</BODY><COMMENT></COMMENT></POST>
<POST><USERNAME>needinit1983</USERNAME><DATETIME>10/07/06  1:18:47 PM</DATETIME><BODY>would you do that again?</BODY><COMMENT></COMMENT></POST>
<POST><USERNAME>needinit1983</USERNAME><DATETIME>10/07/06  1:19:26 PM</DATETIME><BODY>did you like it?</BODY><COMMENT></COMMENT></POST>
<POST><USERNAME>xjonalynx</USERNAME><DATETIME>10/07/06  1:19:31 PM</DATETIME><BODY>well</BODY><COMMENT></COMMENT></POST>
<POST><USERNAME>xjonalynx</USERNAME><DATETIME>10/07/06  1:19:33 PM</DATETIME><BODY>yeah</BODY><COMMENT></COMMENT></POST>
<POST><USERNAME>needinit1983</USERNAME><DATETIME>10/07/06  1:19:51 PM</DATETIME><BODY>today lol, jk</BODY><COMMENT></COMMENT></POST>
<POST><USERNAME>xjonalynx</USERNAME><DATETIME>10/07/06  1:20:23 PM</DATETIME><BODY>well only if u really mean it</BODY><COMMENT></COMMENT></POST>
<POST><USERNAME>needinit1983</USERNAME><DATETIME>10/07/06  1:20:33 PM</DATETIME><BODY>i do if you want to</BODY><COMMENT></COMMENT></POST>
<POST><USERNAME>xjonalynx</USERNAME><DATETIME>10/07/06  1:20:37 PM</DATETIME><BODY>really?</BODY><COMMENT></COMMENT></POST>
<POST><USERNAME>needinit1983</USERNAME><DATETIME>10/07/06  1:20:42 PM</DATETIME><BODY>yeah</BODY><COMMENT></COMMENT></POST>
<POST><USERNAME>needinit1983</USERNAME><DATETIME>10/07/06  1:20:47 PM</DATETIME><BODY>do you have any other pics you can send?</BODY><COMMENT></COMMENT></POST>
<POST><USERNAME>xjonalynx</USERNAME><DATETIME>10/07/06  1:20:48 PM</DATETIME><BODY>u want to go all the way with me?</BODY><COMMENT></COMMENT></POST>
<POST><USERNAME>xjonalynx</USERNAME><DATETIME>10/07/06  1:20:51 PM</DATETIME><BODY>yeah</BODY><COMMENT></COMMENT></POST>
<POST><USERNAME>needinit1983</USERNAME><DATETIME>10/07/06  1:20:52 PM</DATETIME><BODY>if you want</BODY><COMMENT></COMMENT></POST>
<POST><USERNAME>needinit1983</USERNAME><DATETIME>10/07/06  1:20:56 PM</DATETIME><BODY>can i see</BODY><COMMENT></COMMENT></POST>
<POST><USERNAME>xjonalynx</USERNAME><DATETIME>10/07/06  1:21:02 PM</DATETIME><BODY>well what do u want?</BODY><COMMENT></COMMENT></POST>
<POST><USERNAME>needinit1983</USERNAME><DATETIME>10/07/06  1:21:06 PM</DATETIME><BODY>what do you mean</BODY><COMMENT></COMMENT></POST>
<POST><USERNAME>xjonalynx</USERNAME><DATETIME>10/07/06  1:21:12 PM</DATETIME><BODY>well, ure the guest</BODY><COMMENT></COMMENT></POST>
<POST><USERNAME>needinit1983</USERNAME><DATETIME>10/07/06  1:21:30 PM</DATETIME><BODY>well i wanna see more pics of you, and i would go all the way with you if you want</BODY><COMMENT></COMMENT></POST>
<POST><USERNAME>needinit1983</USERNAME><DATETIME>10/07/06  1:22:22 PM</DATETIME><BODY>you still there?</BODY><COMMENT></COMMENT></POST>
<POST><USERNAME>needinit1983</USERNAME><DATETIME>10/07/06  1:24:03 PM</DATETIME><BODY>how close to louisville are you?</BODY><COMMENT></COMMENT></POST>
<POST><USERNAME>xjonalynx</USERNAME><DATETIME>10/07/06  1:24:09 PM</DATETIME><BODY>im in louisville</BODY><COMMENT></COMMENT></POST>
<POST><USERNAME>xjonalynx</USERNAME><DATETIME>10/07/06  1:24:15 PM</DATETIME><BODY>i go to holy cross</BODY><COMMENT></COMMENT></POST>
<POST><USERNAME>xjonalynx</USERNAME><DATETIME>10/07/06  1:24:15 PM</DATETIME><BODY>lol</BODY><COMMENT></COMMENT></POST>
<POST><USERNAME>needinit1983</USERNAME><DATETIME>10/07/06  1:24:18 PM</DATETIME><BODY>cool</BODY><COMMENT></COMMENT></POST>
<POST><USERNAME>xjonalynx</USERNAME><DATETIME>10/07/06  1:24:26 PM</DATETIME><BODY>but hey,</BODY><COMMENT></COMMENT></POST>
<POST><USERNAME>xjonalynx</USERNAME><DATETIME>10/07/06  1:24:45 PM</DATETIME><BODY>but if we go all the way wont i get pregnant?</BODY><COMMENT></COMMENT></POST>
<POST><USERNAME>needinit1983</USERNAME><DATETIME>10/07/06  1:24:53 PM</DATETIME><BODY>i will bring protection</BODY><COMMENT></COMMENT></POST>
<POST><USERNAME>needinit1983</USERNAME><DATETIME>10/07/06  1:24:58 PM</DATETIME><BODY>so you dont</BODY><COMMENT></COMMENT></POST>
<POST><USERNAME>needinit1983</USERNAME><DATETIME>10/07/06  1:25:35 PM</DATETIME><BODY>and there is other ways of doing stuff ,without actually doing that too</BODY><COMMENT></COMMENT></POST>
<POST><USERNAME>xjonalynx</USERNAME><DATETIME>10/07/06  1:25:40 PM</DATETIME><BODY>like what?</BODY><COMMENT></COMMENT></POST>
<POST><USERNAME>needinit1983</USERNAME><DATETIME>10/07/06  1:25:53 PM</DATETIME><BODY>we both have hands, and mouths, we can get creative</BODY><COMMENT></COMMENT></POST>
<POST><USERNAME>xjonalynx</USERNAME><DATETIME>10/07/06  1:26:23 PM</DATETIME><BODY>and it wont  hurt right?</BODY><COMMENT></COMMENT></POST>
<POST><USERNAME>needinit1983</USERNAME><DATETIME>10/07/06  1:26:31 PM</DATETIME><BODY>no</BODY><COMMENT></COMMENT></POST>
<POST><USERNAME>needinit1983</USERNAME><DATETIME>10/07/06  1:26:47 PM</DATETIME><BODY>it may at first if we actually do that but only at first</BODY><COMMENT></COMMENT></POST>
<POST><USERNAME>needinit1983</USERNAME><DATETIME>10/07/06  1:27:03 PM</DATETIME><BODY>any other pics?</BODY><COMMENT></COMMENT></POST>
<POST><USERNAME>needinit1983</USERNAME><DATETIME>10/07/06  1:28:27 PM</DATETIME><BODY>?</BODY><COMMENT></COMMENT></POST>
<POST><USERNAME>needinit1983</USERNAME><DATETIME>10/07/06  1:29:33 PM</DATETIME><BODY>can you discribe your body?</BODY><COMMENT></COMMENT></POST>
<POST><USERNAME>xjonalynx</USERNAME><DATETIME>10/07/06  1:29:43 PM</DATETIME><BODY>410</BODY><COMMENT></COMMENT></POST>
<POST><USERNAME>xjonalynx</USERNAME><DATETIME>10/07/06  1:29:52 PM</DATETIME><BODY>like 80 something pounds</BODY><COMMENT></COMMENT></POST>
<POST><USERNAME>xjonalynx</USERNAME><DATETIME>10/07/06  1:30:02 PM</DATETIME><BODY>coach liked me at 82</BODY><COMMENT></COMMENT></POST>
<POST><USERNAME>xjonalynx</USERNAME><DATETIME>10/07/06  1:30:09 PM</DATETIME><BODY>but i think im more like 86</BODY><COMMENT></COMMENT></POST>
<POST><USERNAME>needinit1983</USERNAME><DATETIME>10/07/06  1:30:26 PM</DATETIME><BODY>nice</BODY><COMMENT></COMMENT></POST>
<POST><USERNAME>needinit1983</USERNAME><DATETIME>10/07/06  1:30:34 PM</DATETIME><BODY>do you have any pics with less clothing?</BODY><COMMENT></COMMENT></POST>
<POST><USERNAME>xjonalynx</USERNAME><DATETIME>10/07/06  1:30:48 PM</DATETIME><BODY>no</BODY><COMMENT></COMMENT></POST>
<POST><USERNAME>xjonalynx</USERNAME><DATETIME>10/07/06  1:30:52 PM</DATETIME><BODY>new computer</BODY><COMMENT></COMMENT></POST>
<POST><USERNAME>needinit1983</USERNAME><DATETIME>10/07/06  1:30:55 PM</DATETIME><BODY>k</BODY><COMMENT></COMMENT></POST>
<POST><USERNAME>xjonalynx</USERNAME><DATETIME>10/07/06  1:30:58 PM</DATETIME><BODY>was hoping to put my gymanstics ones on</BODY><COMMENT></COMMENT></POST>
<POST><USERNAME>xjonalynx</USERNAME><DATETIME>10/07/06  1:30:59 PM</DATETIME><BODY>but no</BODY><COMMENT></COMMENT></POST>
<POST><USERNAME>xjonalynx</USERNAME><DATETIME>10/07/06  1:31:06 PM</DATETIME><BODY>brb, gotta let the dog out</BODY><COMMENT></COMMENT></POST>
<POST><USERNAME>needinit1983</USERNAME><DATETIME>10/07/06  1:31:09 PM</DATETIME><BODY>k</BODY><COMMENT></COMMENT></POST>
<POST><USERNAME>needinit1983</USERNAME><DATETIME>10/07/06  1:31:33 PM</DATETIME><BODY>well if you wanna do this give me your address and we can get together</BODY><COMMENT></COMMENT></POST>
<POST><USERNAME>needinit1983</USERNAME><DATETIME>10/07/06  1:36:09 PM</DATETIME><BODY>so do you want to?</BODY><COMMENT></COMMENT></POST>
<POST><USERNAME>xjonalynx</USERNAME><DATETIME>10/07/06  1:37:47 PM</DATETIME><BODY>sorry</BODY><COMMENT></COMMENT></POST>
<POST><USERNAME>xjonalynx</USERNAME><DATETIME>10/07/06  1:37:50 PM</DATETIME><BODY>stupid dog</BODY><COMMENT></COMMENT></POST>
<POST><USERNAME>xjonalynx</USERNAME><DATETIME>10/07/06  1:37:54 PM</DATETIME><BODY>ran down the street</BODY><COMMENT></COMMENT></POST>
<POST><USERNAME>xjonalynx</USERNAME><DATETIME>10/07/06  1:37:55 PM</DATETIME><BODY>lol</BODY><COMMENT></COMMENT></POST>
<POST><USERNAME>xjonalynx</USERNAME><DATETIME>10/07/06  1:37:57 PM</DATETIME><BODY>had to go gethim</BODY><COMMENT></COMMENT></POST>
<POST><USERNAME>xjonalynx</USERNAME><DATETIME>10/07/06  1:37:58 PM</DATETIME><BODY>lol</BODY><COMMENT></COMMENT></POST>
<POST><USERNAME>needinit1983</USERNAME><DATETIME>10/07/06  1:37:58 PM</DATETIME><BODY>lol</BODY><COMMENT></COMMENT></POST>
<POST><USERNAME>needinit1983</USERNAME><DATETIME>10/07/06  1:38:17 PM</DATETIME><BODY>so are you really up for this?</BODY><COMMENT></COMMENT></POST>
<POST><USERNAME>xjonalynx</USERNAME><DATETIME>10/07/06  1:38:49 PM</DATETIME><BODY>yeah</BODY><COMMENT></COMMENT></POST>
<POST><USERNAME>xjonalynx</USERNAME><DATETIME>10/07/06  1:38:52 PM</DATETIME><BODY>is that bad?</BODY><COMMENT></COMMENT></POST>
<POST><USERNAME>needinit1983</USERNAME><DATETIME>10/07/06  1:38:56 PM</DATETIME><BODY>no</BODY><COMMENT></COMMENT></POST>
<POST><USERNAME>needinit1983</USERNAME><DATETIME>10/07/06  1:39:03 PM</DATETIME><BODY>nothing wrong with it</BODY><COMMENT></COMMENT></POST>
<POST><USERNAME>xjonalynx</USERNAME><DATETIME>10/07/06  1:39:14 PM</DATETIME><BODY>cos ure just so freaking cute</BODY><COMMENT></COMMENT></POST>
<POST><USERNAME>xjonalynx</USERNAME><DATETIME>10/07/06  1:39:17 PM</DATETIME><BODY>and ure so nice to me...</BODY><COMMENT></COMMENT></POST>
<POST><USERNAME>xjonalynx</USERNAME><DATETIME>10/07/06  1:39:22 PM</DATETIME><BODY>dont treat me like a little girl</BODY><COMMENT></COMMENT></POST>
<POST><USERNAME>xjonalynx</USERNAME><DATETIME>10/07/06  1:39:23 PM</DATETIME><BODY>i love that</BODY><COMMENT></COMMENT></POST>
<POST><USERNAME>needinit1983</USERNAME><DATETIME>10/07/06  1:39:33 PM</DATETIME><BODY>well you said it yourself, you are not a little girl</BODY><COMMENT></COMMENT></POST>
<POST><USERNAME>needinit1983</USERNAME><DATETIME>10/07/06  1:39:43 PM</DATETIME><BODY>you are down right hot if i may say so</BODY><COMMENT></COMMENT></POST>
<POST><USERNAME>xjonalynx</USERNAME><DATETIME>10/07/06  1:40:26 PM</DATETIME><BODY>really?</BODY><COMMENT></COMMENT></POST>
<POST><USERNAME>xjonalynx</USERNAME><DATETIME>10/07/06  1:40:29 PM</DATETIME><BODY>ty soo  much</BODY><COMMENT></COMMENT></POST>
<POST><USERNAME>needinit1983</USERNAME><DATETIME>10/07/06  1:40:30 PM</DATETIME><BODY>oh yes</BODY><COMMENT></COMMENT></POST>
<POST><USERNAME>needinit1983</USERNAME><DATETIME>10/07/06  1:40:44 PM</DATETIME><BODY>so what all have you done sexually?</BODY><COMMENT></COMMENT></POST>
<POST><USERNAME>xjonalynx</USERNAME><DATETIME>10/07/06  1:41:10 PM</DATETIME><BODY>well, ive only been with one the guy</BODY><COMMENT></COMMENT></POST>
<POST><USERNAME>xjonalynx</USERNAME><DATETIME>10/07/06  1:41:11 PM</DATETIME><BODY>so</BODY><COMMENT></COMMENT></POST>
<POST><USERNAME>xjonalynx</USERNAME><DATETIME>10/07/06  1:41:15 PM</DATETIME><BODY>why?</BODY><COMMENT></COMMENT></POST>
<POST><USERNAME>needinit1983</USERNAME><DATETIME>10/07/06  1:41:19 PM</DATETIME><BODY>just curious</BODY><COMMENT></COMMENT></POST>
<POST><USERNAME>needinit1983</USERNAME><DATETIME>10/07/06  1:41:40 PM</DATETIME><BODY>do you want me to come over?</BODY><COMMENT></COMMENT></POST>
<POST><USERNAME>xjonalynx</USERNAME><DATETIME>10/07/06  1:42:43 PM</DATETIME><BODY>didnt u want to?</BODY><COMMENT></COMMENT></POST>
<POST><USERNAME>needinit1983</USERNAME><DATETIME>10/07/06  1:42:48 PM</DATETIME><BODY>yes i do</BODY><COMMENT></COMMENT></POST>
<POST><USERNAME>xjonalynx</USERNAME><DATETIME>10/07/06  1:43:23 PM</DATETIME><BODY>cool</BODY><COMMENT></COMMENT></POST>
<POST><USERNAME>needinit1983</USERNAME><DATETIME>10/07/06  1:43:52 PM</DATETIME><BODY>when?</BODY><COMMENT></COMMENT></POST>
<POST><USERNAME>xjonalynx</USERNAME><DATETIME>10/07/06  1:44:30 PM</DATETIME><BODY>when do u want to?</BODY><COMMENT></COMMENT></POST>
<POST><USERNAME>needinit1983</USERNAME><DATETIME>10/07/06  1:44:48 PM</DATETIME><BODY>well i have something to do at 6 tonight, so i could come now and we could do this if you want</BODY><COMMENT></COMMENT></POST>
<POST><USERNAME>needinit1983</USERNAME><DATETIME>10/07/06  1:54:17 PM</DATETIME><BODY>you should answer the door with little to nothing on lol jk</BODY><COMMENT></COMMENT></POST>
<POST><USERNAME>xjonalynx</USERNAME><DATETIME>10/07/06  1:54:52 PM</DATETIME><BODY>um</BODY><COMMENT></COMMENT></POST>
<POST><USERNAME>xjonalynx</USERNAME><DATETIME>10/07/06  1:55:00 PM</DATETIME><BODY>how long will it take u to get here?</BODY><COMMENT></COMMENT></POST>
<POST><USERNAME>needinit1983</USERNAME><DATETIME>10/07/06  1:55:09 PM</DATETIME><BODY>i need an address so i know how to get there</BODY><COMMENT></COMMENT></POST>
<POST><USERNAME>xjonalynx</USERNAME><DATETIME>10/07/06  1:55:15 PM</DATETIME><BODY>lol</BODY><COMMENT></COMMENT></POST>
<POST><USERNAME>xjonalynx</USERNAME><DATETIME>10/07/06  1:55:17 PM</DATETIME><BODY>that might help</BODY><COMMENT></COMMENT></POST>
<POST><USERNAME>xjonalynx</USERNAME><DATETIME>10/07/06  1:55:22 PM</DATETIME><BODY>124 e collins ct</BODY><COMMENT></COMMENT></POST>
<POST><USERNAME>xjonalynx</USERNAME><DATETIME>10/07/06  1:55:41 PM</DATETIME><BODY>its a brick house.. just park in the back, on the grass near the tree</BODY><COMMENT></COMMENT></POST>
<POST><USERNAME>xjonalynx</USERNAME><DATETIME>10/07/06  1:56:01 PM</DATETIME><BODY>ure gonna drive right?</BODY><COMMENT></COMMENT></POST>
<POST><USERNAME>needinit1983</USERNAME><DATETIME>10/07/06  1:56:10 PM</DATETIME><BODY>yes</BODY><COMMENT></COMMENT></POST>
<POST><USERNAME>xjonalynx</USERNAME><DATETIME>10/07/06  1:56:35 PM</DATETIME><BODY>cool</BODY><COMMENT></COMMENT></POST>
<POST><USERNAME>xjonalynx</USERNAME><DATETIME>10/07/06  1:56:39 PM</DATETIME><BODY>what kind of car do u have?</BODY><COMMENT></COMMENT></POST>
<POST><USERNAME>needinit1983</USERNAME><DATETIME>10/07/06  1:56:51 PM</DATETIME><BODY>an eclipse</BODY><COMMENT></COMMENT></POST>
<POST><USERNAME>xjonalynx</USERNAME><DATETIME>10/07/06  1:57:00 PM</DATETIME><BODY>cool</BODY><COMMENT></COMMENT></POST>
<POST><USERNAME>xjonalynx</USERNAME><DATETIME>10/07/06  1:57:09 PM</DATETIME><BODY>love those</BODY><COMMENT></COMMENT></POST>
<POST><USERNAME>xjonalynx</USERNAME><DATETIME>10/07/06  1:57:13 PM</DATETIME><BODY>what color?</BODY><COMMENT></COMMENT></POST>
<POST><USERNAME>xjonalynx</USERNAME><DATETIME>10/07/06  1:57:17 PM</DATETIME><BODY>do u have a black one?</BODY><COMMENT></COMMENT></POST>
<POST><USERNAME>needinit1983</USERNAME><DATETIME>10/07/06  1:57:17 PM</DATETIME><BODY>purple</BODY><COMMENT></COMMENT></POST>
<POST><USERNAME>xjonalynx</USERNAME><DATETIME>10/07/06  1:57:22 PM</DATETIME><BODY>thats even hotter</BODY><COMMENT></COMMENT></POST>
<POST><USERNAME>needinit1983</USERNAME><DATETIME>10/07/06  1:57:27 PM</DATETIME><BODY>it will be black after the paint job</BODY><COMMENT></COMMENT></POST>
<POST><USERNAME>xjonalynx</USERNAME><DATETIME>10/07/06  1:57:34 PM</DATETIME><BODY>oh</BODY><COMMENT></COMMENT></POST>
<POST><USERNAME>xjonalynx</USERNAME><DATETIME>10/07/06  1:57:47 PM</DATETIME><BODY>well black and purple theyre totally hot colors on cars</BODY><COMMENT></COMMENT></POST>
<POST><USERNAME>needinit1983</USERNAME><DATETIME>10/07/06  1:57:51 PM</DATETIME><BODY>lol</BODY><COMMENT></COMMENT></POST>
<POST><USERNAME>xjonalynx</USERNAME><DATETIME>10/07/06  1:58:02 PM</DATETIME><BODY>do u have a cell phone so u can call me if u get lost?</BODY><COMMENT></COMMENT></POST>
<POST><USERNAME>xjonalynx</USERNAME><DATETIME>10/07/06  1:58:03 PM</DATETIME><BODY>lol</BODY><COMMENT></COMMENT></POST>
<POST><USERNAME>needinit1983</USERNAME><DATETIME>10/07/06  1:58:07 PM</DATETIME><BODY>no i dont</BODY><COMMENT></COMMENT></POST>
<POST><USERNAME>needinit1983</USERNAME><DATETIME>10/07/06  1:58:19 PM</DATETIME><BODY>so will you answer the door with little to nothing on lol?</BODY><COMMENT></COMMENT></POST>
<POST><USERNAME>xjonalynx</USERNAME><DATETIME>10/07/06  1:58:22 PM</DATETIME><BODY>thats cool, do u want my number though</BODY><COMMENT></COMMENT></POST>
<POST><USERNAME>needinit1983</USERNAME><DATETIME>10/07/06  1:58:28 PM</DATETIME><BODY>sure</BODY><COMMENT></COMMENT></POST>
<POST><USERNAME>xjonalynx</USERNAME><DATETIME>10/07/06  1:58:35 PM</DATETIME><BODY>edited</BODY><COMMENT></COMMENT></POST>
<POST><USERNAME>needinit1983</USERNAME><DATETIME>10/07/06  1:58:38 PM</DATETIME><BODY>k</BODY><COMMENT></COMMENT></POST>
<POST><USERNAME>xjonalynx</USERNAME><DATETIME>10/07/06  1:58:52 PM</DATETIME><BODY>um, well, the door bell doesnt work</BODY><COMMENT></COMMENT></POST>
<POST><USERNAME>xjonalynx</USERNAME><DATETIME>10/07/06  1:58:59 PM</DATETIME><BODY>so u can just let urself in</BODY><COMMENT></COMMENT></POST>
<POST><USERNAME>xjonalynx</USERNAME><DATETIME>10/07/06  1:59:09 PM</DATETIME><BODY>and ill be in my room if i dont hear u</BODY><COMMENT></COMMENT></POST>
<POST><USERNAME>xjonalynx</USERNAME><DATETIME>10/07/06  1:59:17 PM</DATETIME><BODY>with exactly what u want me to wear</BODY><COMMENT></COMMENT></POST>
<POST><USERNAME>xjonalynx</USERNAME><DATETIME>10/07/06  1:59:17 PM</DATETIME><BODY>lol</BODY><COMMENT></COMMENT></POST>
<POST><USERNAME>xjonalynx</USERNAME><DATETIME>10/07/06  1:59:36 PM</DATETIME><BODY>how long will it take u to get here?</BODY><COMMENT></COMMENT></POST>
<POST><USERNAME>needinit1983</USERNAME><DATETIME>10/07/06  1:59:37 PM</DATETIME><BODY>i would like you to answer the door</BODY><COMMENT></COMMENT></POST>
<POST><USERNAME>needinit1983</USERNAME><DATETIME>10/07/06  1:59:43 PM</DATETIME><BODY>30 to 45</BODY><COMMENT></COMMENT></POST>
<POST><USERNAME>xjonalynx</USERNAME><DATETIME>10/07/06  2:00:10 PM</DATETIME><BODY>but ifi dont hear it?</BODY><COMMENT></COMMENT></POST>
<POST><USERNAME>xjonalynx</USERNAME><DATETIME>10/07/06  2:00:25 PM</DATETIME><BODY>ill leave it unlocked so u dont even have to knock</BODY><COMMENT></COMMENT></POST>
<POST><USERNAME>xjonalynx</USERNAME><DATETIME>10/07/06  2:00:34 PM</DATETIME><BODY>if i hear u, ill come meet u, kay?</BODY><COMMENT></COMMENT></POST>
<POST><USERNAME>needinit1983</USERNAME><DATETIME>10/07/06  2:01:02 PM</DATETIME><BODY>just wait by the door ok</BODY><COMMENT></COMMENT></POST>
<POST><USERNAME>xjonalynx</USERNAME><DATETIME>10/07/06  2:01:15 PM</DATETIME><BODY>okay</BODY><COMMENT></COMMENT></POST>
<POST><USERNAME>xjonalynx</USERNAME><DATETIME>10/07/06  2:01:18 PM</DATETIME><BODY>so ure leaving now?</BODY><COMMENT></COMMENT></POST>
<POST><USERNAME>needinit1983</USERNAME><DATETIME>10/07/06  2:01:27 PM</DATETIME><BODY>in a few, what will you be wearing?</BODY><COMMENT></COMMENT></POST>
<POST><USERNAME>xjonalynx</USERNAME><DATETIME>10/07/06  2:01:59 PM</DATETIME><BODY>um, i need to get in the shower really quick, but right now im wearing a blue sweatshirt and jeans</BODY><COMMENT></COMMENT></POST>
<POST><USERNAME>xjonalynx</USERNAME><DATETIME>10/07/06  2:02:02 PM</DATETIME><BODY>sessy huh?</BODY><COMMENT></COMMENT></POST>
<POST><USERNAME>needinit1983</USERNAME><DATETIME>10/07/06  2:02:27 PM</DATETIME><BODY>what will you be wearing when i get there?</BODY><COMMENT></COMMENT></POST>
<POST><USERNAME>xjonalynx</USERNAME><DATETIME>10/07/06  2:02:53 PM</DATETIME><BODY>something comfy</BODY><COMMENT></COMMENT></POST>
<POST><USERNAME>xjonalynx</USERNAME><DATETIME>10/07/06  2:02:53 PM</DATETIME><BODY>lol</BODY><COMMENT></COMMENT></POST>
<POST><USERNAME>needinit1983</USERNAME><DATETIME>10/07/06  2:02:57 PM</DATETIME><BODY>like?</BODY><COMMENT></COMMENT></POST>
<POST><USERNAME>xjonalynx</USERNAME><DATETIME>10/07/06  2:03:05 PM</DATETIME><BODY>i dunno</BODY><COMMENT></COMMENT></POST>
<POST><USERNAME>xjonalynx</USERNAME><DATETIME>10/07/06  2:03:06 PM</DATETIME><BODY>pick</BODY><COMMENT></COMMENT></POST>
<POST><USERNAME>needinit1983</USERNAME><DATETIME>10/07/06  2:03:14 PM</DATETIME><BODY>i dont know what you have</BODY><COMMENT></COMMENT></POST>
<POST><USERNAME>xjonalynx</USERNAME><DATETIME>10/07/06  2:03:21 PM</DATETIME><BODY>ill find something</BODY><COMMENT></COMMENT></POST>
<POST><USERNAME>xjonalynx</USERNAME><DATETIME>10/07/06  2:03:24 PM</DATETIME><BODY>;)</BODY><COMMENT></COMMENT></POST>
<POST><USERNAME>xjonalynx</USERNAME><DATETIME>10/07/06  2:03:25 PM</DATETIME><BODY>hurry</BODY><COMMENT></COMMENT></POST>
<POST><USERNAME>needinit1983</USERNAME><DATETIME>10/07/06  2:03:29 PM</DATETIME><BODY>nothing and a smile works too lol</BODY><COMMENT></COMMENT></POST>
<POST><USERNAME>xjonalynx</USERNAME><DATETIME>10/07/06  2:03:33 PM</DATETIME><BODY>lol kay</BODY><COMMENT></COMMENT></POST>
<POST><USERNAME>xjonalynx</USERNAME><DATETIME>10/07/06  2:03:37 PM</DATETIME><BODY>thats easy enough</BODY><COMMENT></COMMENT></POST>
<POST><USERNAME>xjonalynx</USERNAME><DATETIME>10/07/06  2:03:39 PM</DATETIME><BODY>dont have to match</BODY><COMMENT></COMMENT></POST>
<POST><USERNAME>xjonalynx</USERNAME><DATETIME>10/07/06  2:03:40 PM</DATETIME><BODY>lol</BODY><COMMENT></COMMENT></POST>
<POST><USERNAME>needinit1983</USERNAME><DATETIME>10/07/06  2:03:41 PM</DATETIME><BODY>will you do that</BODY><COMMENT></COMMENT></POST>
<POST><USERNAME>needinit1983</USERNAME><DATETIME>10/07/06  2:03:59 PM</DATETIME><BODY>?</BODY><COMMENT></COMMENT></POST>
<POST><USERNAME>xjonalynx</USERNAME><DATETIME>10/07/06  2:04:16 PM</DATETIME><BODY>if u really want me to</BODY><COMMENT></COMMENT></POST>
<POST><USERNAME>needinit1983</USERNAME><DATETIME>10/07/06  2:04:20 PM</DATETIME><BODY>yeah</BODY><COMMENT></COMMENT></POST>
<POST><USERNAME>xjonalynx</USERNAME><DATETIME>10/07/06  2:04:22 PM</DATETIME><BODY>kay</BODY><COMMENT></COMMENT></POST>
<POST><USERNAME>needinit1983</USERNAME><DATETIME>10/07/06  2:04:33 PM</DATETIME><BODY>am i coming to the front or back door?</BODY><COMMENT></COMMENT></POST>
<POST><USERNAME>xjonalynx</USERNAME><DATETIME>10/07/06  2:04:36 PM</DATETIME><BODY>front</BODY><COMMENT></COMMENT></POST>
<POST><USERNAME>xjonalynx</USERNAME><DATETIME>10/07/06  2:04:47 PM</DATETIME><BODY>the back door has a bunch of stuff stacked in front of it</BODY><COMMENT></COMMENT></POST>
<POST><USERNAME>xjonalynx</USERNAME><DATETIME>10/07/06  2:04:50 PM</DATETIME><BODY>cos we just moved</BODY><COMMENT></COMMENT></POST>
<POST><USERNAME>needinit1983</USERNAME><DATETIME>10/07/06  2:04:51 PM</DATETIME><BODY>and you are by yourself right?</BODY><COMMENT></COMMENT></POST>
<POST><USERNAME>xjonalynx</USERNAME><DATETIME>10/07/06  2:04:51 PM</DATETIME><BODY>lol</BODY><COMMENT></COMMENT></POST>
<POST><USERNAME>xjonalynx</USERNAME><DATETIME>10/07/06  2:04:53 PM</DATETIME><BODY>yeah</BODY><COMMENT></COMMENT></POST>
<POST><USERNAME>needinit1983</USERNAME><DATETIME>10/07/06  2:05:05 PM</DATETIME><BODY>are you exccited?</BODY><COMMENT></COMMENT></POST>
<POST><USERNAME>xjonalynx</USERNAME><DATETIME>10/07/06  2:05:07 PM</DATETIME><BODY>yeah</BODY><COMMENT></COMMENT></POST>
<POST><USERNAME>xjonalynx</USERNAME><DATETIME>10/07/06  2:05:09 PM</DATETIME><BODY>totally</BODY><COMMENT></COMMENT></POST>
<POST><USERNAME>needinit1983</USERNAME><DATETIME>10/07/06  2:05:11 PM</DATETIME><BODY>me too</BODY><COMMENT></COMMENT></POST>
<POST><USERNAME>xjonalynx</USERNAME><DATETIME>10/07/06  2:05:16 PM</DATETIME><BODY>waiting for u to say ure on ur way</BODY><COMMENT></COMMENT></POST>
<POST><USERNAME>needinit1983</USERNAME><DATETIME>10/07/06  2:05:22 PM</DATETIME><BODY>i will be in a min</BODY><COMMENT></COMMENT></POST>
<POST><USERNAME>xjonalynx</USERNAME><DATETIME>10/07/06  2:05:22 PM</DATETIME><BODY>chopchop dammit</BODY><COMMENT></COMMENT></POST>
<POST><USERNAME>xjonalynx</USERNAME><DATETIME>10/07/06  2:05:23 PM</DATETIME><BODY>lol</BODY><COMMENT></COMMENT></POST>
<POST><USERNAME>needinit1983</USERNAME><DATETIME>10/07/06  2:05:25 PM</DATETIME><BODY>ok so get ready</BODY><COMMENT></COMMENT></POST>
<POST><USERNAME>needinit1983</USERNAME><DATETIME>10/07/06  2:05:43 PM</DATETIME><BODY>ok</BODY><COMMENT></COMMENT></POST>
<POST><USERNAME>xjonalynx</USERNAME><DATETIME>10/07/06  2:06:26 PM</DATETIME><BODY>see u in a fwe</BODY><COMMENT></COMMENT></POST>
<POST><USERNAME>xjonalynx</USERNAME><DATETIME>10/07/06  2:06:31 PM</DATETIME><BODY>few</BODY><COMMENT></COMMENT></POST>
<POST><USERNAME>xjonalynx</USERNAME><DATETIME>10/07/06  2:06:31 PM</DATETIME><BODY>lol</BODY><COMMENT></COMMENT></POST>
<POST><USERNAME>xjonalynx</USERNAME><DATETIME>10/07/06  2:06:34 PM</DATETIME><BODY>go</BODY><COMMENT></COMMENT></POST>
<POST><USERNAME>needinit1983</USERNAME><DATETIME>10/07/06  2:06:35 PM</DATETIME><BODY>ok, be ready</BODY><COMMENT></COMMENT></POST>
<POST><USERNAME>xjonalynx</USERNAME><DATETIME>10/07/06  2:06:37 PM</DATETIME><BODY>i will</BODY><COMMENT></COMMENT></POST>
<POST><USERNAME>needinit1983</USERNAME><DATETIME>10/07/06  2:06:42 PM</DATETIME><BODY>bye</BODY><COMMENT></COMMENT></POST>
<POST><USERNAME></USERNAME><DATETIME></DATETIME><BODY></BODY><COMMENT></COMMENT></POST>
</data>