<data>
<POST><USERNAME>spongebob_giantdick</USERNAME><DATETIME>(3:08:52 pm)</DATETIME><BODY>what u look like ?</BODY><COMMENT></COMMENT></POST>
<POST><USERNAME>bethinindep</USERNAME><DATETIME>(3:09:03 pm)</DATETIME><BODY>im 54 n 110</BODY><COMMENT>(you know, your average middle school age kid sized!)</COMMENT></POST>
<POST><USERNAME>bethinindep</USERNAME><DATETIME>(3:09:04 pm)</DATETIME><BODY>u?</BODY><COMMENT></COMMENT></POST>
<POST><USERNAME>bethinindep</USERNAME><DATETIME>(3:09:14 pm)</DATETIME><BODY>were u at agin?</BODY><COMMENT></COMMENT></POST>
<POST><USERNAME>spongebob_giantdick</USERNAME><DATETIME>(3:09:21 pm)</DATETIME><BODY>im 5 ft 7 and 170</BODY><COMMENT></COMMENT></POST>
<POST><USERNAME>spongebob_giantdick</USERNAME><DATETIME>(3:09:25 pm)</DATETIME><BODY>im in merriam ks</BODY><COMMENT></COMMENT></POST>
<POST><USERNAME>bethinindep</USERNAME><DATETIME>(3:09:27 pm)</DATETIME><BODY>kewl</BODY><COMMENT></COMMENT></POST>
<POST><USERNAME>spongebob_giantdick</USERNAME><DATETIME>(3:09:30 pm)</DATETIME><BODY>ya</BODY><COMMENT></COMMENT></POST>
<POST><USERNAME>bethinindep</USERNAME><DATETIME>(3:09:30 pm)</DATETIME><BODY>how old r u?</BODY><COMMENT></COMMENT></POST>
<POST><USERNAME>spongebob_giantdick</USERNAME><DATETIME>(3:09:41 pm)</DATETIME><BODY>do u care how old i am babe ?</BODY><COMMENT>(pet names already? damn i feel special!)</COMMENT></POST>
<POST><USERNAME>spongebob_giantdick</USERNAME><DATETIME>(3:09:43 pm)</DATETIME><BODY></BODY><COMMENT></COMMENT></POST>
<POST><USERNAME>bethinindep</USERNAME><DATETIME>(3:09:50 pm)</DATETIME><BODY>not relly lol</BODY><COMMENT></COMMENT></POST>
<POST><USERNAME>spongebob_giantdick</USERNAME><DATETIME>(3:09:55 pm)</DATETIME><BODY>ok</BODY><COMMENT></COMMENT></POST>
<POST><USERNAME>spongebob_giantdick</USERNAME><DATETIME>(3:10:03 pm)</DATETIME><BODY>im 34 but i look younger in person</BODY><COMMENT>(uh huh. sure you do. keep talking!)</COMMENT></POST>
<POST><USERNAME>spongebob_giantdick</USERNAME><DATETIME>(3:10:13 pm)</DATETIME><BODY>an i work at *admin edit: not anymore, you dont* in o.p</BODY><COMMENT>(heh, and here i thought this would be a difficult thing to get out of him!)</COMMENT></POST>
<POST><USERNAME>bethinindep</USERNAME><DATETIME>(3:10:20 pm)</DATETIME><BODY>kewl</BODY><COMMENT></COMMENT></POST>
<POST><USERNAME>spongebob_giantdick</USERNAME><DATETIME>(3:10:25 pm)</DATETIME><BODY>ya</BODY><COMMENT></COMMENT></POST>
<POST><USERNAME>spongebob_giantdick</USERNAME><DATETIME>(3:10:29 pm)</DATETIME><BODY>how old r u ?</BODY><COMMENT></COMMENT></POST>
<POST><USERNAME>bethinindep</USERNAME><DATETIME>(3:10:31 pm)</DATETIME><BODY>13</BODY><COMMENT>(hes been told!)</COMMENT></POST>
<POST><USERNAME>spongebob_giantdick</USERNAME><DATETIME>(3:10:36 pm)</DATETIME><BODY>oh ok thats cool</BODY><COMMENT>(insert my gasp of mock shock here. if he had chosen door #2, he would have been able to leave with some nice parting gifts, but no. he chose door #1, which is definitely not the good one. poor bob.)</COMMENT></POST>
<POST><USERNAME>bethinindep</USERNAME><DATETIME>(3:10:49 pm)</DATETIME><BODY>so wat u doin today?</BODY><COMMENT></COMMENT></POST>
<POST><USERNAME>spongebob_giantdick</USERNAME><DATETIME>(3:11:01 pm)</DATETIME><BODY>fixin to goto work in a few minutes</BODY><COMMENT></COMMENT></POST>
<POST><USERNAME>bethinindep</USERNAME><DATETIME>(3:11:07 pm)</DATETIME><BODY>tat sux</BODY><COMMENT>(i continue to amaze myself at the number of typos that manage to make it past my keyboard!)</COMMENT></POST>
<POST><USERNAME>spongebob_giantdick</USERNAME><DATETIME>(3:11:09 pm)</DATETIME><BODY>gotta close tonight</BODY><COMMENT></COMMENT></POST>
<POST><USERNAME>spongebob_giantdick</USERNAME><DATETIME>(3:11:10 pm)</DATETIME><BODY>ya</BODY><COMMENT></COMMENT></POST>
<POST><USERNAME>bethinindep</USERNAME><DATETIME>(3:11:21 pm)</DATETIME><BODY>dam!</BODY><COMMENT></COMMENT></POST>
<POST><USERNAME>bethinindep</USERNAME><DATETIME>(3:11:23 pm)</DATETIME><BODY>im so bord!</BODY><COMMENT></COMMENT></POST>
<POST><USERNAME>spongebob_giantdick</USERNAME><DATETIME>(3:11:30 pm)</DATETIME><BODY>do u ever give ur number out to guys u talk to online ?</BODY><COMMENT>(you mean you want me to talk to you on the phone? i think i have someone who can do just that for me. stay tuned!)</COMMENT></POST>
<POST><USERNAME>bethinindep</USERNAME><DATETIME>(3:11:47 pm)</DATETIME><BODY>um not most of teh tiem</BODY><COMMENT></COMMENT></POST>
<POST><USERNAME>spongebob_giantdick</USERNAME><DATETIME>(3:11:52 pm)</DATETIME><BODY>oh ok</BODY><COMMENT></COMMENT></POST>
<POST><USERNAME>spongebob_giantdick</USERNAME><DATETIME>(3:11:55 pm)</DATETIME><BODY>its cool</BODY><COMMENT></COMMENT></POST>
<POST><USERNAME>bethinindep</USERNAME><DATETIME>(3:11:59 pm)</DATETIME><BODY>ma forards calls to her celly</BODY><COMMENT>(i didnt know companies actually did this. they do!)</COMMENT></POST>
<POST><USERNAME>bethinindep</USERNAME><DATETIME>(3:12:05 pm)</DATETIME><BODY>so i cant get calls or she gets em</BODY><COMMENT></COMMENT></POST>
<POST><USERNAME>bethinindep</USERNAME><DATETIME>(3:12:06 pm)</DATETIME><BODY>lol</BODY><COMMENT></COMMENT></POST>
<POST><USERNAME>spongebob_giantdick</USERNAME><DATETIME>(3:12:10 pm)</DATETIME><BODY>i see</BODY><COMMENT></COMMENT></POST>
<POST><USERNAME>spongebob_giantdick</USERNAME><DATETIME>(3:12:26 pm)</DATETIME><BODY>i was hopin u might let me call u sometime if i had a chance to ?</BODY><COMMENT></COMMENT></POST>
<POST><USERNAME>spongebob_giantdick</USERNAME><DATETIME>(3:12:38 pm)</DATETIME><BODY>is ur real name beth ?</BODY><COMMENT></COMMENT></POST>
<POST><USERNAME>bethinindep</USERNAME><DATETIME>(3:12:40 pm)</DATETIME><BODY>yea</BODY><COMMENT>(in a manner of speaking. id probably take awhile to answer, but sure, beth can be my name today!)</COMMENT></POST>
<POST><USERNAME>spongebob_giantdick</USERNAME><DATETIME>(3:12:55 pm)</DATETIME><BODY>cool my name is robert</BODY><COMMENT></COMMENT></POST>
<POST><USERNAME>bethinindep</USERNAME><DATETIME>(3:12:57 pm)</DATETIME><BODY>bethany, but my frinds cal me beth</BODY><COMMENT></COMMENT></POST>
<POST><USERNAME>bethinindep</USERNAME><DATETIME>(3:12:58 pm)</DATETIME><BODY>kewl</BODY><COMMENT></COMMENT></POST>
<POST><USERNAME>spongebob_giantdick</USERNAME><DATETIME>(3:13:03 pm)</DATETIME><BODY>ok</BODY><COMMENT></COMMENT></POST>
<POST><USERNAME>spongebob_giantdick</USERNAME><DATETIME>(3:13:10 pm)</DATETIME><BODY>do u like older guys ?</BODY><COMMENT></COMMENT></POST>
<POST><USERNAME>bethinindep</USERNAME><DATETIME>(3:13:32 pm)</DATETIME><BODY>yea</BODY><COMMENT></COMMENT></POST>
<POST><USERNAME>bethinindep</USERNAME><DATETIME>(3:13:33 pm)</DATETIME><BODY>lol</BODY><COMMENT></COMMENT></POST>
<POST><USERNAME>bethinindep</USERNAME><DATETIME>(3:13:35 pm)</DATETIME><BODY>but ma dont no</BODY><COMMENT></COMMENT></POST>
<POST><USERNAME>spongebob_giantdick</USERNAME><DATETIME>(3:13:45 pm)</DATETIME><BODY>cool what do u like about them ?, thats cool</BODY><COMMENT>(cool? on what plane of existence do you live?)</COMMENT></POST>
<POST><USERNAME>bethinindep</USERNAME><DATETIME>(3:13:51 pm)</DATETIME><BODY>guyz my age r dum!</BODY><COMMENT></COMMENT></POST>
<POST><USERNAME>bethinindep</USERNAME><DATETIME>(3:13:52 pm)</DATETIME><BODY>lol</BODY><COMMENT></COMMENT></POST>
<POST><USERNAME>spongebob_giantdick</USERNAME><DATETIME>(3:13:56 pm)</DATETIME><BODY>ya i know</BODY><COMMENT></COMMENT></POST>
<POST><USERNAME>spongebob_giantdick</USERNAME><DATETIME>(3:14:05 pm)</DATETIME><BODY>r u still a virgin ?</BODY><COMMENT>(now how did i know this question was coming? if i get one more of the pervy triumvirate, i get a plaque!)</COMMENT></POST>
<POST><USERNAME>bethinindep</USERNAME><DATETIME>(3:14:14 pm)</DATETIME><BODY>ya lol</BODY><COMMENT></COMMENT></POST>
<POST><USERNAME>spongebob_giantdick</USERNAME><DATETIME>(3:14:19 pm)</DATETIME><BODY>ok thats cool</BODY><COMMENT></COMMENT></POST>
<POST><USERNAME>spongebob_giantdick</USERNAME><DATETIME>(3:14:30 pm)</DATETIME><BODY>u want to know what i look like ?</BODY><COMMENT></COMMENT></POST>
<POST><USERNAME>bethinindep</USERNAME><DATETIME>(3:14:36 pm)</DATETIME><BODY>u got a pic?</BODY><COMMENT></COMMENT></POST>
<POST><USERNAME>spongebob_giantdick</USERNAME><DATETIME>(3:14:42 pm)</DATETIME><BODY>no i dont sorry</BODY><COMMENT></COMMENT></POST>
<POST><USERNAME>bethinindep</USERNAME><DATETIME>(3:14:45 pm)</DATETIME><BODY>tat sux</BODY><COMMENT></COMMENT></POST>
<POST><USERNAME>bethinindep</USERNAME><DATETIME>(3:14:48 pm)</DATETIME><BODY></BODY><COMMENT></COMMENT></POST>
<POST><USERNAME>bethinindep</USERNAME><DATETIME>(3:14:49 pm)</DATETIME><BODY>cam?</BODY><COMMENT></COMMENT></POST>
<POST><USERNAME>spongebob_giantdick</USERNAME><DATETIME>(3:15:08 pm)</DATETIME><BODY>ya i know no cam sorry hunny im at the library</BODY><COMMENT>(better than no pic and no cam, this guy doesnt even own a computer, either! hes picking up the kiddies on a library computer!)</COMMENT></POST>
<POST><USERNAME>bethinindep</USERNAME><DATETIME>(3:15:15 pm)</DATETIME><BODY>awwww</BODY><COMMENT></COMMENT></POST>
<POST><USERNAME>spongebob_giantdick</USERNAME><DATETIME>(3:15:29 pm)</DATETIME><BODY>ya sorry</BODY><COMMENT></COMMENT></POST>
<POST><USERNAME>spongebob_giantdick</USERNAME><DATETIME>(3:15:42 pm)</DATETIME><BODY>i would show u a pic or a cam if i had one tho but i dont</BODY><COMMENT></COMMENT></POST>
<POST><USERNAME>bethinindep</USERNAME><DATETIME>(3:15:46 pm)</DATETIME><BODY>i no</BODY><COMMENT></COMMENT></POST>
<POST><USERNAME>bethinindep</USERNAME><DATETIME>(3:15:53 pm)</DATETIME><BODY>so wat u doin this eve?</BODY><COMMENT></COMMENT></POST>
<POST><USERNAME>bethinindep</USERNAME><DATETIME>(3:16:58 pm)</DATETIME><BODY>wat tiem u work?</BODY><COMMENT></COMMENT></POST>
<POST><USERNAME>spongebob_giantdick</USERNAME><DATETIME>(3:17:08 pm)</DATETIME><BODY>530 to 930</BODY><COMMENT></COMMENT></POST>
<POST><USERNAME>bethinindep</USERNAME><DATETIME>(3:17:24 pm)</DATETIME><BODY>o tat sux</BODY><COMMENT></COMMENT></POST>
<POST><USERNAME>spongebob_giantdick</USERNAME><DATETIME>(3:17:37 pm)</DATETIME><BODY>ya</BODY><COMMENT></COMMENT></POST>
<POST><USERNAME>spongebob_giantdick</USERNAME><DATETIME>(3:18:17 pm)</DATETIME><BODY>if i ever had a chance to come see u would u want me to come see u in pewrson one day ?</BODY><COMMENT>(you mean you want to meet? how novel!)</COMMENT></POST>
<POST><USERNAME>bethinindep</USERNAME><DATETIME>(3:18:31 pm)</DATETIME><BODY>yea!</BODY><COMMENT></COMMENT></POST>
<POST><USERNAME>spongebob_giantdick</USERNAME><DATETIME>(3:19:03 pm)</DATETIME><BODY>ok cool</BODY><COMMENT></COMMENT></POST>
<POST><USERNAME>spongebob_giantdick</USERNAME><DATETIME>(3:19:12 pm)</DATETIME><BODY>where would u want me to meet u at ?</BODY><COMMENT></COMMENT></POST>
<POST><USERNAME>bethinindep</USERNAME><DATETIME>(3:19:31 pm)</DATETIME><BODY>prolly my house</BODY><COMMENT></COMMENT></POST>
<POST><USERNAME>spongebob_giantdick</USERNAME><DATETIME>(3:19:44 pm)</DATETIME><BODY>cool</BODY><COMMENT>(bob here sucks at giving right answers, he really does.)</COMMENT></POST>
<POST><USERNAME>bethinindep</USERNAME><DATETIME>(3:19:45 pm)</DATETIME><BODY>ma has the next few dayz off, but ten she works agin</BODY><COMMENT>(christmas was coming, and i did not want to be taking valuable time away from my family to chat up this guy!)</COMMENT></POST>
<POST><USERNAME>spongebob_giantdick</USERNAME><DATETIME>(3:19:50 pm)</DATETIME><BODY>ok</BODY><COMMENT></COMMENT></POST>
<POST><USERNAME>spongebob_giantdick</USERNAME><DATETIME>(3:20:08 pm)</DATETIME><BODY>does she work during the day ?</BODY><COMMENT></COMMENT></POST>
<POST><USERNAME>bethinindep</USERNAME><DATETIME>(3:20:33 pm)</DATETIME><BODY>yea</BODY><COMMENT></COMMENT></POST>
<POST><USERNAME>spongebob_giantdick</USERNAME><DATETIME>(3:20:36 pm)</DATETIME><BODY>cool</BODY><COMMENT></COMMENT></POST>
<POST><USERNAME>bethinindep</USERNAME><DATETIME>(3:20:37 pm)</DATETIME><BODY>sumtimes nites</BODY><COMMENT></COMMENT></POST>
<POST><USERNAME>spongebob_giantdick</USERNAME><DATETIME>(3:20:45 pm)</DATETIME><BODY>cool</BODY><COMMENT></COMMENT></POST>
<POST><USERNAME>spongebob_giantdick</USERNAME><DATETIME>(3:21:36 pm)</DATETIME><BODY>would u wanna do anything with me after u met me or just sit around an talk ?</BODY><COMMENT>(remember that mock shock and horror back there about 12 minutes ago? its back. he wants to do more than sit around and talk??? whoda thunkit?)</COMMENT></POST>
<POST><USERNAME>bethinindep</USERNAME><DATETIME>(3:21:45 pm)</DATETIME><BODY>im up for nething lol</BODY><COMMENT></COMMENT></POST>
<POST><USERNAME>spongebob_giantdick</USERNAME><DATETIME>(3:22:15 pm)</DATETIME><BODY>cool</BODY><COMMENT></COMMENT></POST>
<POST><USERNAME>spongebob_giantdick</USERNAME><DATETIME>(3:22:26 pm)</DATETIME><BODY>have u ever givin a guy a bj b4 ?</BODY><COMMENT>(ding ding ding! call up the wannabe wagon! this guy just entered the major leagues!)</COMMENT></POST>
<POST><USERNAME>bethinindep</USERNAME><DATETIME>(3:22:39 pm)</DATETIME><BODY>no, but it sounds fun lol</BODY><COMMENT>(uh huh, sure...)</COMMENT></POST>
<POST><USERNAME>spongebob_giantdick</USERNAME><DATETIME>(3:22:59 pm)</DATETIME><BODY>ok cool</BODY><COMMENT></COMMENT></POST>
<POST><USERNAME>spongebob_giantdick</USERNAME><DATETIME>(3:23:21 pm)</DATETIME><BODY>if u saw me an u liked the way i looked if i asked u to do that for me would u do that to me ?</BODY><COMMENT>(push for it much? geez!)</COMMENT></POST>
<POST><USERNAME>bethinindep</USERNAME><DATETIME>(3:23:32 pm)</DATETIME><BODY>yea lol i gess</BODY><COMMENT></COMMENT></POST>
<POST><USERNAME>spongebob_giantdick</USERNAME><DATETIME>(3:23:41 pm)</DATETIME><BODY>cool</BODY><COMMENT></COMMENT></POST>
<POST><USERNAME>bethinindep</USERNAME><DATETIME>(3:25:05 pm)</DATETIME><BODY>kin i call u?</BODY><COMMENT></COMMENT></POST>
<POST><USERNAME>bethinindep</USERNAME><DATETIME>(3:25:11 pm)</DATETIME><BODY>b4 work?</BODY><COMMENT></COMMENT></POST>
<POST><USERNAME>spongebob_giantdick</USERNAME><DATETIME>(3:25:16 pm)</DATETIME><BODY>u wanna call me later at work tonight after i get there ?</BODY><COMMENT>(you mean youre going to have some kid call you at work! its a good thing this is a real kid! itd really suck if say... perverted justice got ahold of this phone number!)</COMMENT></POST>
<POST><USERNAME>bethinindep</USERNAME><DATETIME>(3:25:31 pm)</DATETIME><BODY>um sure lol</BODY><COMMENT></COMMENT></POST>
<POST><USERNAME>spongebob_giantdick</USERNAME><DATETIME>(3:25:51 pm)</DATETIME><BODY>ok u have something to write with ?</BODY><COMMENT></COMMENT></POST>
<POST><USERNAME>bethinindep</USERNAME><DATETIME>(3:26:00 pm)</DATETIME><BODY>yea</BODY><COMMENT>(yep! an im window with my wonderful verifier work for you? k good!)</COMMENT></POST>
<POST><USERNAME>spongebob_giantdick</USERNAME><DATETIME>(3:26:24 pm)</DATETIME><BODY>ok the number is *admin-edit: work number... no longer employed there* and ask for robert</BODY><COMMENT>(remember kids, this is his work phone number.)</COMMENT></POST>
<POST><USERNAME>bethinindep</USERNAME><DATETIME>(3:26:51 pm)</DATETIME><BODY>wen do u want me to call lol</BODY><COMMENT></COMMENT></POST>
<POST><USERNAME>spongebob_giantdick</USERNAME><DATETIME>(3:27:23 pm)</DATETIME><BODY>how late can u use the phone ?</BODY><COMMENT></COMMENT></POST>
<POST><USERNAME>bethinindep</USERNAME><DATETIME>(3:27:31 pm)</DATETIME><BODY>um ma works til 11</BODY><COMMENT></COMMENT></POST>
<POST><USERNAME>bethinindep</USERNAME><DATETIME>(3:27:33 pm)</DATETIME><BODY>so wenever.</BODY><COMMENT></COMMENT></POST>
<POST><USERNAME>spongebob_giantdick</USERNAME><DATETIME>(3:28:09 pm)</DATETIME><BODY>oh ok call me around 930 tonight ok ?</BODY><COMMENT></COMMENT></POST>
<POST><USERNAME>bethinindep</USERNAME><DATETIME>(3:28:15 pm)</DATETIME><BODY>k</BODY><COMMENT></COMMENT></POST>
<POST><USERNAME>spongebob_giantdick</USERNAME><DATETIME>(3:29:00 pm)</DATETIME><BODY>ok i look forward to talkin to u later ok princess</BODY><COMMENT></COMMENT></POST>
<POST><USERNAME>bethinindep</USERNAME><DATETIME>(3:29:07 pm)</DATETIME><BODY>l8er!</BODY><COMMENT></COMMENT></POST>
<POST><USERNAME>spongebob_giantdick</USERNAME><DATETIME>(3:29:34 pm)</DATETIME><BODY>ok l8ter baby :-8</BODY><COMMENT></COMMENT></POST>
<POST><USERNAME>spongebob_giantdick</USERNAME><DATETIME>(3:29:45 pm)</DATETIME><BODY></BODY><COMMENT></COMMENT></POST>
<POST><USERNAME>bethinindep</USERNAME><DATETIME>(3:29:59 pm)</DATETIME><BODY>talk to u soon</BODY><COMMENT></COMMENT></POST>
<POST><USERNAME>spongebob_giantdick</USERNAME><DATETIME>(3:30:28 pm)</DATETIME><BODY>ya talk to u soon</BODY><COMMENT></COMMENT></POST>
<POST><USERNAME>spongebob_giantdick</USERNAME><DATETIME>(3:42:08 pm)</DATETIME><BODY>hey babe sorry about that my comp froze</BODY><COMMENT></COMMENT></POST>
<POST><USERNAME>bethinindep</USERNAME><DATETIME>(3:42:17 pm)</DATETIME><BODY>u rnt at work?</BODY><COMMENT></COMMENT></POST>
<POST><USERNAME>spongebob_giantdick</USERNAME><DATETIME>(3:42:44 pm)</DATETIME><BODY>im leavin right now but i wanted to say bye first</BODY><COMMENT></COMMENT></POST>
<POST><USERNAME>bethinindep</USERNAME><DATETIME>(3:43:20 pm)</DATETIME><BODY>k</BODY><COMMENT></COMMENT></POST>
<POST><USERNAME>bethinindep</USERNAME><DATETIME>(3:43:21 pm)</DATETIME><BODY>bye</BODY><COMMENT></COMMENT></POST>
<POST><USERNAME>spongebob_giantdick</USERNAME><DATETIME>(3:43:36 pm)</DATETIME><BODY>bye princess</BODY><COMMENT></COMMENT></POST>
<POST><USERNAME></USERNAME><DATETIME></DATETIME><BODY>offlines</BODY><COMMENT></COMMENT></POST>
<POST><USERNAME></USERNAME><DATETIME></DATETIME><BODY>12-23-04</BODY><COMMENT></COMMENT></POST>
<POST><USERNAME>spongebob_giantdick</USERNAME><DATETIME>(1:48:00 pm)</DATETIME><BODY>hey sweety i dont know when u will see this ? but i was on for most of the day today thursday an i was hopin i would see u online but since i havent seen u yet ? call me tonight after i get to work ok i wanna talk to u some more so we can get to know each other better i will b there after 5 today thanks princess ttyl robert</BODY><COMMENT></COMMENT></POST>
<POST><USERNAME></USERNAME><DATETIME></DATETIME><BODY>12-27-04</BODY><COMMENT></COMMENT></POST>
<POST><USERNAME>spongebob_giantdick</USERNAME><DATETIME>(12:21:20 pm)</DATETIME><BODY>hey hun its me robert i just wanted to say hi an that i miss chattin wit ya hope to talk to u soon bye 4 now robert</BODY><COMMENT></COMMENT></POST>
<POST><USERNAME></USERNAME><DATETIME></DATETIME><BODY></BODY><COMMENT></COMMENT></POST>
</data>