<data>
<POST><USERNAME>stylelisticgrooves</USERNAME><DATETIME></DATETIME><BODY>i will chat with you</BODY><COMMENT></COMMENT></POST>
<POST><USERNAME>beckys_baby90</USERNAME><DATETIME></DATETIME><BODY>hi! asl</BODY><COMMENT></COMMENT></POST>
<POST><USERNAME>stylelisticgrooves</USERNAME><DATETIME></DATETIME><BODY>26 male pdx</BODY><COMMENT></COMMENT></POST>
<POST><USERNAME>stylelisticgrooves</USERNAME><DATETIME></DATETIME><BODY>you ?</BODY><COMMENT></COMMENT></POST>
<POST><USERNAME>beckys_baby90</USERNAME><DATETIME></DATETIME><BODY>14 f sherwood</BODY><COMMENT></COMMENT></POST>
<POST><USERNAME>beckys_baby90</USERNAME><DATETIME></DATETIME><BODY>u know where that is?</BODY><COMMENT></COMMENT></POST>
<POST><USERNAME>stylelisticgrooves</USERNAME><DATETIME></DATETIME><BODY>hell ya</BODY><COMMENT></COMMENT></POST>
<POST><USERNAME>beckys_baby90</USERNAME><DATETIME></DATETIME><BODY>cool</BODY><COMMENT></COMMENT></POST>
<POST><USERNAME>beckys_baby90</USERNAME><DATETIME></DATETIME><BODY>so whatre u up 2</BODY><COMMENT></COMMENT></POST>
<POST><USERNAME>stylelisticgrooves</USERNAME><DATETIME></DATETIME><BODY>jus working</BODY><COMMENT></COMMENT></POST>
<POST><USERNAME>beckys_baby90</USERNAME><DATETIME></DATETIME><BODY>lol that sounds borin what do u do</BODY><COMMENT></COMMENT></POST>
<POST><USERNAME>stylelisticgrooves</USERNAME><DATETIME></DATETIME><BODY>i am actually on the coast right now</BODY><COMMENT></COMMENT></POST>
<POST><USERNAME>stylelisticgrooves</USERNAME><DATETIME></DATETIME><BODY>real estate appraisal</BODY><COMMENT></COMMENT></POST>
<POST><USERNAME>beckys_baby90</USERNAME><DATETIME></DATETIME><BODY>o i love the coast!!!</BODY><COMMENT></COMMENT></POST>
<POST><USERNAME>beckys_baby90</USERNAME><DATETIME></DATETIME><BODY>what part r u at</BODY><COMMENT></COMMENT></POST>
<POST><USERNAME>stylelisticgrooves</USERNAME><DATETIME></DATETIME><BODY>astoria</BODY><COMMENT></COMMENT></POST>
<POST><USERNAME>beckys_baby90</USERNAME><DATETIME></DATETIME><BODY>oo way north lol</BODY><COMMENT></COMMENT></POST>
<POST><USERNAME>beckys_baby90</USERNAME><DATETIME></DATETIME><BODY>but u live n pdx?</BODY><COMMENT></COMMENT></POST>
<POST><USERNAME>stylelisticgrooves</USERNAME><DATETIME></DATETIME><BODY>well i go back and forth</BODY><COMMENT></COMMENT></POST>
<POST><USERNAME>stylelisticgrooves</USERNAME><DATETIME></DATETIME><BODY>so you got a pic?</BODY><COMMENT></COMMENT></POST>
<POST><USERNAME>beckys_baby90</USERNAME><DATETIME></DATETIME><BODY>no do u</BODY><COMMENT></COMMENT></POST>
<POST><USERNAME>stylelisticgrooves</USERNAME><DATETIME></DATETIME><BODY>yes in my profile</BODY><COMMENT></COMMENT></POST>
<POST><USERNAME>beckys_baby90</USERNAME><DATETIME></DATETIME><BODY>k lemme check</BODY><COMMENT></COMMENT></POST>
<POST><USERNAME>beckys_baby90</USERNAME><DATETIME></DATETIME><BODY>srry its loading.. ive got dail up lol</BODY><COMMENT></COMMENT></POST>
<POST><USERNAME>stylelisticgrooves</USERNAME><DATETIME></DATETIME><BODY>its all good</BODY><COMMENT></COMMENT></POST>
<POST><USERNAME>beckys_baby90</USERNAME><DATETIME></DATETIME><BODY>oo ur cute!</BODY><COMMENT></COMMENT></POST>
<POST><USERNAME>stylelisticgrooves</USERNAME><DATETIME></DATETIME><BODY>awe thank you !!!</BODY><COMMENT></COMMENT></POST>
<POST><USERNAME>beckys_baby90</USERNAME><DATETIME></DATETIME><BODY>u gotta dimple?</BODY><COMMENT></COMMENT></POST>
<POST><USERNAME>stylelisticgrooves</USERNAME><DATETIME></DATETIME><BODY>got two of them</BODY><COMMENT></COMMENT></POST>
<POST><USERNAME>beckys_baby90</USERNAME><DATETIME></DATETIME><BODY>ooo i like!</BODY><COMMENT></COMMENT></POST>
<POST><USERNAME>stylelisticgrooves</USERNAME><DATETIME></DATETIME><BODY>you do huh</BODY><COMMENT></COMMENT></POST>
<POST><USERNAME>beckys_baby90</USERNAME><DATETIME></DATETIME><BODY>i want dimples lol</BODY><COMMENT></COMMENT></POST>
<POST><USERNAME>stylelisticgrooves</USERNAME><DATETIME></DATETIME><BODY>you need to get a pic</BODY><COMMENT></COMMENT></POST>
<POST><USERNAME>beckys_baby90</USERNAME><DATETIME></DATETIME><BODY>i know but my mom wont let me gget a cam</BODY><COMMENT></COMMENT></POST>
<POST><USERNAME>stylelisticgrooves</USERNAME><DATETIME></DATETIME><BODY>oh</BODY><COMMENT></COMMENT></POST>
<POST><USERNAME>stylelisticgrooves</USERNAME><DATETIME></DATETIME><BODY>well what do you look like</BODY><COMMENT></COMMENT></POST>
<POST><USERNAME>beckys_baby90</USERNAME><DATETIME></DATETIME><BODY>im 54 curly blonde hair green eyes</BODY><COMMENT></COMMENT></POST>
<POST><USERNAME>beckys_baby90</USERNAME><DATETIME></DATETIME><BODY>n dont make fun of me but im pg</BODY><COMMENT></COMMENT></POST>
<POST><USERNAME>stylelisticgrooves</USERNAME><DATETIME></DATETIME><BODY>ok</BODY><COMMENT></COMMENT></POST>
<POST><USERNAME>stylelisticgrooves</USERNAME><DATETIME></DATETIME><BODY>come on give me some numbers like 34-26-34</BODY><COMMENT></COMMENT></POST>
<POST><USERNAME>stylelisticgrooves</USERNAME><DATETIME></DATETIME><BODY>what i dont make fun of no one</BODY><COMMENT></COMMENT></POST>
<POST><USERNAME>beckys_baby90</USERNAME><DATETIME></DATETIME><BODY>k</BODY><COMMENT></COMMENT></POST>
<POST><USERNAME>beckys_baby90</USERNAME><DATETIME></DATETIME><BODY>i dunno my #s but my tummys big lol</BODY><COMMENT></COMMENT></POST>
<POST><USERNAME>stylelisticgrooves</USERNAME><DATETIME></DATETIME><BODY>its all good</BODY><COMMENT></COMMENT></POST>
<POST><USERNAME>stylelisticgrooves</USERNAME><DATETIME></DATETIME><BODY>so what your are saying your bigger kind of girl</BODY><COMMENT></COMMENT></POST>
<POST><USERNAME>beckys_baby90</USERNAME><DATETIME></DATETIME><BODY>no cuz im pg duh</BODY><COMMENT></COMMENT></POST>
<POST><USERNAME>beckys_baby90</USERNAME><DATETIME></DATETIME><BODY>but im not like fat usually</BODY><COMMENT></COMMENT></POST>
<POST><USERNAME>stylelisticgrooves</USERNAME><DATETIME></DATETIME><BODY>what?</BODY><COMMENT></COMMENT></POST>
<POST><USERNAME>stylelisticgrooves</USERNAME><DATETIME></DATETIME><BODY>your pg?</BODY><COMMENT></COMMENT></POST>
<POST><USERNAME>beckys_baby90</USERNAME><DATETIME></DATETIME><BODY>yeah preggers</BODY><COMMENT></COMMENT></POST>
<POST><USERNAME>stylelisticgrooves</USERNAME><DATETIME></DATETIME><BODY>oh your pregnannt</BODY><COMMENT></COMMENT></POST>
<POST><USERNAME>beckys_baby90</USERNAME><DATETIME></DATETIME><BODY>lol yah</BODY><COMMENT></COMMENT></POST>
<POST><USERNAME>stylelisticgrooves</USERNAME><DATETIME></DATETIME><BODY>omg</BODY><COMMENT></COMMENT></POST>
<POST><USERNAME>stylelisticgrooves</USERNAME><DATETIME></DATETIME><BODY>i am so sorry i thought you ment you were like fat</BODY><COMMENT></COMMENT></POST>
<POST><USERNAME>beckys_baby90</USERNAME><DATETIME></DATETIME><BODY>just til oct tho, lol</BODY><COMMENT></COMMENT></POST>
<POST><USERNAME>stylelisticgrooves</USERNAME><DATETIME></DATETIME><BODY>hmmmm</BODY><COMMENT></COMMENT></POST>
<POST><USERNAME>beckys_baby90</USERNAME><DATETIME></DATETIME><BODY>o its ok its cool</BODY><COMMENT></COMMENT></POST>
<POST><USERNAME>stylelisticgrooves</USERNAME><DATETIME></DATETIME><BODY>what you going to do with a baby</BODY><COMMENT></COMMENT></POST>
<POST><USERNAME>beckys_baby90</USERNAME><DATETIME></DATETIME><BODY>love it n take care of it n everything</BODY><COMMENT></COMMENT></POST>
<POST><USERNAME>beckys_baby90</USERNAME><DATETIME></DATETIME><BODY>ive always wanted one</BODY><COMMENT></COMMENT></POST>
<POST><USERNAME>stylelisticgrooves</USERNAME><DATETIME></DATETIME><BODY>no daddy around</BODY><COMMENT></COMMENT></POST>
<POST><USERNAME>beckys_baby90</USERNAME><DATETIME></DATETIME><BODY>cuz like i always took care of my cuz</BODY><COMMENT></COMMENT></POST>
<POST><USERNAME>beckys_baby90</USERNAME><DATETIME></DATETIME><BODY>cousin i men</BODY><COMMENT></COMMENT></POST>
<POST><USERNAME>beckys_baby90</USERNAME><DATETIME></DATETIME><BODY>mean</BODY><COMMENT></COMMENT></POST>
<POST><USERNAME>beckys_baby90</USERNAME><DATETIME></DATETIME><BODY>no hes gone.. but its ok i dont care</BODY><COMMENT></COMMENT></POST>
<POST><USERNAME>stylelisticgrooves</USERNAME><DATETIME></DATETIME><BODY>i know</BODY><COMMENT></COMMENT></POST>
<POST><USERNAME>stylelisticgrooves</USERNAME><DATETIME></DATETIME><BODY>so question you like older guys?</BODY><COMMENT></COMMENT></POST>
<POST><USERNAME>beckys_baby90</USERNAME><DATETIME></DATETIME><BODY>well like older how</BODY><COMMENT></COMMENT></POST>
<POST><USERNAME>beckys_baby90</USERNAME><DATETIME></DATETIME><BODY>not like 50</BODY><COMMENT></COMMENT></POST>
<POST><USERNAME>beckys_baby90</USERNAME><DATETIME></DATETIME><BODY>lol</BODY><COMMENT></COMMENT></POST>
<POST><USERNAME>stylelisticgrooves</USERNAME><DATETIME></DATETIME><BODY>i know that lol</BODY><COMMENT></COMMENT></POST>
<POST><USERNAME>stylelisticgrooves</USERNAME><DATETIME></DATETIME><BODY>26</BODY><COMMENT></COMMENT></POST>
<POST><USERNAME>stylelisticgrooves</USERNAME><DATETIME></DATETIME><BODY>thats how old i am</BODY><COMMENT></COMMENT></POST>
<POST><USERNAME>beckys_baby90</USERNAME><DATETIME></DATETIME><BODY>lol no ur cool thats not too old</BODY><COMMENT></COMMENT></POST>
<POST><USERNAME>stylelisticgrooves</USERNAME><DATETIME></DATETIME><BODY>word</BODY><COMMENT></COMMENT></POST>
<POST><USERNAME>stylelisticgrooves</USERNAME><DATETIME></DATETIME><BODY>so wanna shag lol</BODY><COMMENT></COMMENT></POST>
<POST><USERNAME>stylelisticgrooves</USERNAME><DATETIME></DATETIME><BODY>jus playing</BODY><COMMENT></COMMENT></POST>
<POST><USERNAME>beckys_baby90</USERNAME><DATETIME></DATETIME><BODY>awww lol y just playin???</BODY><COMMENT></COMMENT></POST>
<POST><USERNAME>stylelisticgrooves</USERNAME><DATETIME></DATETIME><BODY>jus to break the ice</BODY><COMMENT></COMMENT></POST>
<POST><USERNAME>beckys_baby90</USERNAME><DATETIME></DATETIME><BODY>but ur really really hot</BODY><COMMENT></COMMENT></POST>
<POST><USERNAME>beckys_baby90</USERNAME><DATETIME></DATETIME><BODY>uve got nice eyes</BODY><COMMENT></COMMENT></POST>
<POST><USERNAME>stylelisticgrooves</USERNAME><DATETIME></DATETIME><BODY>hehehehe thanks!!</BODY><COMMENT></COMMENT></POST>
<POST><USERNAME>beckys_baby90</USERNAME><DATETIME></DATETIME><BODY>yvw!</BODY><COMMENT></COMMENT></POST>
<POST><USERNAME>stylelisticgrooves</USERNAME><DATETIME></DATETIME><BODY>yano what honestly i like younger girls for some reason</BODY><COMMENT></COMMENT></POST>
<POST><USERNAME>beckys_baby90</USERNAME><DATETIME></DATETIME><BODY>lol ok stop teasin not funny</BODY><COMMENT></COMMENT></POST>
<POST><USERNAME>stylelisticgrooves</USERNAME><DATETIME></DATETIME><BODY>i am not joking at all</BODY><COMMENT></COMMENT></POST>
<POST><USERNAME>beckys_baby90</USERNAME><DATETIME></DATETIME><BODY>wow really?</BODY><COMMENT></COMMENT></POST>
<POST><USERNAME>beckys_baby90</USERNAME><DATETIME></DATETIME><BODY>thats good luck rite</BODY><COMMENT></COMMENT></POST>
<POST><USERNAME>beckys_baby90</USERNAME><DATETIME></DATETIME><BODY>lol</BODY><COMMENT></COMMENT></POST>
<POST><USERNAME>stylelisticgrooves</USERNAME><DATETIME></DATETIME><BODY>what young girls</BODY><COMMENT></COMMENT></POST>
<POST><USERNAME>stylelisticgrooves</USERNAME><DATETIME></DATETIME><BODY>ya there good luck as long as they dont tell anyone</BODY><COMMENT></COMMENT></POST>
<POST><USERNAME>beckys_baby90</USERNAME><DATETIME></DATETIME><BODY>lol no that u like younger girls n ur talkin to me</BODY><COMMENT></COMMENT></POST>
<POST><USERNAME>stylelisticgrooves</USERNAME><DATETIME></DATETIME><BODY>oh ya</BODY><COMMENT></COMMENT></POST>
<POST><USERNAME>beckys_baby90</USERNAME><DATETIME></DATETIME><BODY>oh id never tell ne1 cuz id get in major trouble</BODY><COMMENT></COMMENT></POST>
<POST><USERNAME>stylelisticgrooves</USERNAME><DATETIME></DATETIME><BODY>good you know how to keep secrets</BODY><COMMENT></COMMENT></POST>
<POST><USERNAME>beckys_baby90</USERNAME><DATETIME></DATETIME><BODY>duh</BODY><COMMENT></COMMENT></POST>
<POST><USERNAME>beckys_baby90</USERNAME><DATETIME></DATETIME><BODY>lol</BODY><COMMENT></COMMENT></POST>
<POST><USERNAME>beckys_baby90</USERNAME><DATETIME></DATETIME><BODY>i havent even told my mom who the dadyd is</BODY><COMMENT></COMMENT></POST>
<POST><USERNAME>beckys_baby90</USERNAME><DATETIME></DATETIME><BODY>she got pissed but i wasnt gonna tell</BODY><COMMENT></COMMENT></POST>
<POST><USERNAME>stylelisticgrooves</USERNAME><DATETIME></DATETIME><BODY>damn</BODY><COMMENT></COMMENT></POST>
<POST><USERNAME>stylelisticgrooves</USERNAME><DATETIME></DATETIME><BODY>so your 54</BODY><COMMENT></COMMENT></POST>
<POST><USERNAME>beckys_baby90</USERNAME><DATETIME></DATETIME><BODY>yah short</BODY><COMMENT></COMMENT></POST>
<POST><USERNAME>beckys_baby90</USERNAME><DATETIME></DATETIME><BODY>lol</BODY><COMMENT></COMMENT></POST>
<POST><USERNAME>beckys_baby90</USERNAME><DATETIME></DATETIME><BODY>how tall r u</BODY><COMMENT></COMMENT></POST>
<POST><USERNAME>stylelisticgrooves</USERNAME><DATETIME></DATETIME><BODY>what is your typical bra size</BODY><COMMENT></COMMENT></POST>
<POST><USERNAME>stylelisticgrooves</USERNAME><DATETIME></DATETIME><BODY>56</BODY><COMMENT></COMMENT></POST>
<POST><USERNAME>beckys_baby90</USERNAME><DATETIME></DATETIME><BODY>oo perfect!</BODY><COMMENT></COMMENT></POST>
<POST><USERNAME>beckys_baby90</USERNAME><DATETIME></DATETIME><BODY>before like back in the winter i was a 34b</BODY><COMMENT></COMMENT></POST>
<POST><USERNAME>beckys_baby90</USERNAME><DATETIME></DATETIME><BODY>average :/</BODY><COMMENT></COMMENT></POST>
<POST><USERNAME>stylelisticgrooves</USERNAME><DATETIME></DATETIME><BODY>34 b</BODY><COMMENT></COMMENT></POST>
<POST><USERNAME>stylelisticgrooves</USERNAME><DATETIME></DATETIME><BODY>my favortie</BODY><COMMENT></COMMENT></POST>
<POST><USERNAME>beckys_baby90</USERNAME><DATETIME></DATETIME><BODY>aww well thx!</BODY><COMMENT></COMMENT></POST>
<POST><USERNAME>beckys_baby90</USERNAME><DATETIME></DATETIME><BODY>theyre bigger now like a c</BODY><COMMENT></COMMENT></POST>
<POST><USERNAME>stylelisticgrooves</USERNAME><DATETIME></DATETIME><BODY>so another question you shave</BODY><COMMENT></COMMENT></POST>
<POST><USERNAME>beckys_baby90</USERNAME><DATETIME></DATETIME><BODY>lol i did but i cant reach! not like it matters cuz no one wanted to be with me after they found out i was pg</BODY><COMMENT></COMMENT></POST>
<POST><USERNAME>stylelisticgrooves</USERNAME><DATETIME></DATETIME><BODY>oh but you usuall do</BODY><COMMENT></COMMENT></POST>
<POST><USERNAME>beckys_baby90</USERNAME><DATETIME></DATETIME><BODY>yah</BODY><COMMENT></COMMENT></POST>
<POST><USERNAME>stylelisticgrooves</USERNAME><DATETIME></DATETIME><BODY>sweet</BODY><COMMENT></COMMENT></POST>
<POST><USERNAME>stylelisticgrooves</USERNAME><DATETIME></DATETIME><BODY>my kind of girl</BODY><COMMENT></COMMENT></POST>
<POST><USERNAME>beckys_baby90</USERNAME><DATETIME></DATETIME><BODY>lol o relly?</BODY><COMMENT></COMMENT></POST>
<POST><USERNAME>stylelisticgrooves</USERNAME><DATETIME></DATETIME><BODY>hell ya</BODY><COMMENT></COMMENT></POST>
<POST><USERNAME>stylelisticgrooves</USERNAME><DATETIME></DATETIME><BODY>love eating pussy when its all shaved</BODY><COMMENT></COMMENT></POST>
<POST><USERNAME>stylelisticgrooves</USERNAME><DATETIME></DATETIME><BODY>lol</BODY><COMMENT></COMMENT></POST>
<POST><USERNAME>beckys_baby90</USERNAME><DATETIME></DATETIME><BODY>lol well ud have to help me then</BODY><COMMENT></COMMENT></POST>
<POST><USERNAME>stylelisticgrooves</USERNAME><DATETIME></DATETIME><BODY>hmmm</BODY><COMMENT></COMMENT></POST>
<POST><USERNAME>stylelisticgrooves</USERNAME><DATETIME></DATETIME><BODY>you wont have mmuch time after you have your baby huh?</BODY><COMMENT></COMMENT></POST>
<POST><USERNAME>beckys_baby90</USERNAME><DATETIME></DATETIME><BODY>i dunno prolly not... but its gonna be fun</BODY><COMMENT></COMMENT></POST>
<POST><USERNAME>beckys_baby90</USERNAME><DATETIME></DATETIME><BODY>i hope its a girl</BODY><COMMENT></COMMENT></POST>
<POST><USERNAME>beckys_baby90</USERNAME><DATETIME></DATETIME><BODY>i can do her hair n dress her in cute stuff</BODY><COMMENT></COMMENT></POST>
<POST><USERNAME>stylelisticgrooves</USERNAME><DATETIME></DATETIME><BODY>well then how the hell are we suppose to meet up then lol</BODY><COMMENT></COMMENT></POST>
<POST><USERNAME>beckys_baby90</USERNAME><DATETIME></DATETIME><BODY>lol well its 2 months b4 im due</BODY><COMMENT></COMMENT></POST>
<POST><USERNAME>beckys_baby90</USERNAME><DATETIME></DATETIME><BODY></BODY><COMMENT>(smiley)</COMMENT></POST>
<POST><USERNAME>stylelisticgrooves</USERNAME><DATETIME></DATETIME><BODY>i have never done anything with a girl thats pregnant</BODY><COMMENT></COMMENT></POST>
<POST><USERNAME>stylelisticgrooves</USERNAME><DATETIME></DATETIME><BODY>hmmmm</BODY><COMMENT></COMMENT></POST>
<POST><USERNAME>beckys_baby90</USERNAME><DATETIME></DATETIME><BODY>me neither</BODY><COMMENT></COMMENT></POST>
<POST><USERNAME>beckys_baby90</USERNAME><DATETIME></DATETIME><BODY>lol</BODY><COMMENT></COMMENT></POST>
<POST><USERNAME>stylelisticgrooves</USERNAME><DATETIME></DATETIME><BODY>hahaha</BODY><COMMENT></COMMENT></POST>
<POST><USERNAME>stylelisticgrooves</USERNAME><DATETIME></DATETIME><BODY>jus thinking about it is kinda kinky lol</BODY><COMMENT></COMMENT></POST>
<POST><USERNAME>beckys_baby90</USERNAME><DATETIME></DATETIME><BODY>really like ud actually wanna do stuff?? cuz everyone gets all weirded out n stuff when i tell em or if they c me</BODY><COMMENT></COMMENT></POST>
<POST><USERNAME>stylelisticgrooves</USERNAME><DATETIME></DATETIME><BODY>why?</BODY><COMMENT></COMMENT></POST>
<POST><USERNAME>beckys_baby90</USERNAME><DATETIME></DATETIME><BODY>i dunno!</BODY><COMMENT></COMMENT></POST>
<POST><USERNAME>stylelisticgrooves</USERNAME><DATETIME></DATETIME><BODY>jus cause you have a bigger tummy</BODY><COMMENT></COMMENT></POST>
<POST><USERNAME>beckys_baby90</USERNAME><DATETIME></DATETIME><BODY>i guess...</BODY><COMMENT></COMMENT></POST>
<POST><USERNAME>beckys_baby90</USERNAME><DATETIME></DATETIME><BODY>but like it wouldnt really matter during sex i dont think</BODY><COMMENT></COMMENT></POST>
<POST><USERNAME>stylelisticgrooves</USERNAME><DATETIME></DATETIME><BODY>i dont think it would</BODY><COMMENT></COMMENT></POST>
<POST><USERNAME>beckys_baby90</USERNAME><DATETIME></DATETIME><BODY>so like.. when r u comin back 2 pdx?</BODY><COMMENT></COMMENT></POST>
<POST><USERNAME>stylelisticgrooves</USERNAME><DATETIME></DATETIME><BODY>probably the weekend after this coming weekend</BODY><COMMENT></COMMENT></POST>
<POST><USERNAME>beckys_baby90</USERNAME><DATETIME></DATETIME><BODY>the 1st weekend of sept?</BODY><COMMENT></COMMENT></POST>
<POST><USERNAME>stylelisticgrooves</USERNAME><DATETIME></DATETIME><BODY>yes thats when iot will be i think</BODY><COMMENT></COMMENT></POST>
<POST><USERNAME>beckys_baby90</USERNAME><DATETIME></DATETIME><BODY>col</BODY><COMMENT></COMMENT></POST>
<POST><USERNAME>beckys_baby90</USERNAME><DATETIME></DATETIME><BODY>cool</BODY><COMMENT></COMMENT></POST>
<POST><USERNAME>beckys_baby90</USERNAME><DATETIME></DATETIME><BODY>whats ur name?</BODY><COMMENT></COMMENT></POST>
<POST><USERNAME>stylelisticgrooves</USERNAME><DATETIME></DATETIME><BODY>royce and yours</BODY><COMMENT></COMMENT></POST>
<POST><USERNAME>beckys_baby90</USERNAME><DATETIME></DATETIME><BODY>becky duh lol</BODY><COMMENT></COMMENT></POST>
<POST><USERNAME>beckys_baby90</USERNAME><DATETIME></DATETIME><BODY>royce thats a cool name</BODY><COMMENT></COMMENT></POST>
<POST><USERNAME>beckys_baby90</USERNAME><DATETIME></DATETIME><BODY>like the car</BODY><COMMENT></COMMENT></POST>
<POST><USERNAME>beckys_baby90</USERNAME><DATETIME></DATETIME><BODY>lol</BODY><COMMENT></COMMENT></POST>
<POST><USERNAME>stylelisticgrooves</USERNAME><DATETIME></DATETIME><BODY>yep</BODY><COMMENT></COMMENT></POST>
<POST><USERNAME>stylelisticgrooves</USERNAME><DATETIME></DATETIME><BODY>wish i drove one</BODY><COMMENT></COMMENT></POST>
<POST><USERNAME>stylelisticgrooves</USERNAME><DATETIME></DATETIME><BODY>do you ever get out</BODY><COMMENT></COMMENT></POST>
<POST><USERNAME>stylelisticgrooves</USERNAME><DATETIME></DATETIME><BODY>like head to portland</BODY><COMMENT></COMMENT></POST>
<POST><USERNAME>beckys_baby90</USERNAME><DATETIME></DATETIME><BODY>umm not really only if i go with my mom or somethin</BODY><COMMENT></COMMENT></POST>
<POST><USERNAME>stylelisticgrooves</USERNAME><DATETIME></DATETIME><BODY>damn</BODY><COMMENT></COMMENT></POST>
<POST><USERNAME>beckys_baby90</USERNAME><DATETIME></DATETIME><BODY>what do u drive</BODY><COMMENT></COMMENT></POST>
<POST><USERNAME>stylelisticgrooves</USERNAME><DATETIME></DATETIME><BODY>kia</BODY><COMMENT></COMMENT></POST>
<POST><USERNAME>stylelisticgrooves</USERNAME><DATETIME></DATETIME><BODY>but not driving right now</BODY><COMMENT></COMMENT></POST>
<POST><USERNAME>beckys_baby90</USERNAME><DATETIME></DATETIME><BODY>o those r cute</BODY><COMMENT></COMMENT></POST>
<POST><USERNAME>beckys_baby90</USERNAME><DATETIME></DATETIME><BODY>y not?</BODY><COMMENT></COMMENT></POST>
<POST><USERNAME>stylelisticgrooves</USERNAME><DATETIME></DATETIME><BODY>cause a fricken dui</BODY><COMMENT></COMMENT></POST>
<POST><USERNAME>beckys_baby90</USERNAME><DATETIME></DATETIME><BODY>oh no</BODY><COMMENT></COMMENT></POST>
<POST><USERNAME>beckys_baby90</USERNAME><DATETIME></DATETIME><BODY></BODY><COMMENT></COMMENT></POST>
<POST><USERNAME>stylelisticgrooves</USERNAME><DATETIME></DATETIME><BODY>ya it sucks</BODY><COMMENT></COMMENT></POST>
<POST><USERNAME>stylelisticgrooves</USERNAME><DATETIME></DATETIME><BODY>brb</BODY><COMMENT></COMMENT></POST>
<POST><USERNAME>beckys_baby90</USERNAME><DATETIME></DATETIME><BODY>k</BODY><COMMENT></COMMENT></POST>
<POST><USERNAME>stylelisticgrooves</USERNAME><DATETIME></DATETIME><BODY>back</BODY><COMMENT></COMMENT></POST>
<POST><USERNAME>beckys_baby90</USERNAME><DATETIME></DATETIME><BODY>hey wb!</BODY><COMMENT></COMMENT></POST>
<POST><USERNAME>beckys_baby90</USERNAME><DATETIME></DATETIME><BODY>i dont c u</BODY><COMMENT></COMMENT></POST>
<POST><USERNAME>beckys_baby90</USERNAME><DATETIME></DATETIME><BODY>there u are lol</BODY><COMMENT></COMMENT></POST>
<POST><USERNAME>stylelisticgrooves</USERNAME><DATETIME></DATETIME><BODY>yes here i am</BODY><COMMENT></COMMENT></POST>
<POST><USERNAME>stylelisticgrooves</USERNAME><DATETIME></DATETIME><BODY>so come over here and sit down on my lap</BODY><COMMENT></COMMENT></POST>
<POST><USERNAME>beckys_baby90</USERNAME><DATETIME></DATETIME><BODY>heehee</BODY><COMMENT></COMMENT></POST>
<POST><USERNAME>beckys_baby90</USERNAME><DATETIME></DATETIME><BODY>yes plz!</BODY><COMMENT></COMMENT></POST>
<POST><USERNAME>stylelisticgrooves</USERNAME><DATETIME></DATETIME><BODY>and bounce up and down on my lap lol</BODY><COMMENT></COMMENT></POST>
<POST><USERNAME>beckys_baby90</USERNAME><DATETIME></DATETIME><BODY>lol i dunno if i can bounce too good</BODY><COMMENT></COMMENT></POST>
<POST><USERNAME>stylelisticgrooves</USERNAME><DATETIME></DATETIME><BODY>well i can help with that</BODY><COMMENT></COMMENT></POST>
<POST><USERNAME>beckys_baby90</USERNAME><DATETIME></DATETIME><BODY>oooo? how</BODY><COMMENT></COMMENT></POST>
<POST><USERNAME>stylelisticgrooves</USERNAME><DATETIME></DATETIME><BODY>with my hands on your waste</BODY><COMMENT></COMMENT></POST>
<POST><USERNAME>stylelisticgrooves</USERNAME><DATETIME></DATETIME><BODY>pick you up</BODY><COMMENT></COMMENT></POST>
<POST><USERNAME>stylelisticgrooves</USERNAME><DATETIME></DATETIME><BODY>and slam you back down</BODY><COMMENT></COMMENT></POST>
<POST><USERNAME>beckys_baby90</USERNAME><DATETIME></DATETIME><BODY>ooh</BODY><COMMENT></COMMENT></POST>
<POST><USERNAME>beckys_baby90</USERNAME><DATETIME></DATETIME><BODY>i c</BODY><COMMENT></COMMENT></POST>
<POST><USERNAME>beckys_baby90</USERNAME><DATETIME></DATETIME><BODY>lol</BODY><COMMENT></COMMENT></POST>
<POST><USERNAME>stylelisticgrooves</USERNAME><DATETIME></DATETIME><BODY>damn alomost getting hard talking like this</BODY><COMMENT></COMMENT></POST>
<POST><USERNAME>beckys_baby90</USERNAME><DATETIME></DATETIME><BODY>is that bad</BODY><COMMENT></COMMENT></POST>
<POST><USERNAME>stylelisticgrooves</USERNAME><DATETIME></DATETIME><BODY>no</BODY><COMMENT></COMMENT></POST>
<POST><USERNAME>stylelisticgrooves</USERNAME><DATETIME></DATETIME><BODY>escpically when i am thinking about a cute 14 yr old girl</BODY><COMMENT></COMMENT></POST>
<POST><USERNAME>beckys_baby90</USERNAME><DATETIME></DATETIME><BODY>well good!</BODY><COMMENT></COMMENT></POST>
<POST><USERNAME>beckys_baby90</USERNAME><DATETIME></DATETIME><BODY>lol</BODY><COMMENT></COMMENT></POST>
<POST><USERNAME>beckys_baby90</USERNAME><DATETIME></DATETIME><BODY>so r u just gonna think?</BODY><COMMENT></COMMENT></POST>
<POST><USERNAME>stylelisticgrooves</USERNAME><DATETIME></DATETIME><BODY>thinking about you riding on my damn cock</BODY><COMMENT></COMMENT></POST>
<POST><USERNAME>beckys_baby90</USERNAME><DATETIME></DATETIME><BODY>ooo yum.. been a while</BODY><COMMENT></COMMENT></POST>
<POST><USERNAME>beckys_baby90</USERNAME><DATETIME></DATETIME><BODY>lol</BODY><COMMENT></COMMENT></POST>
<POST><USERNAME>stylelisticgrooves</USERNAME><DATETIME></DATETIME><BODY>i bet ur tight to</BODY><COMMENT></COMMENT></POST>
<POST><USERNAME>beckys_baby90</USERNAME><DATETIME></DATETIME><BODY>umm prolly</BODY><COMMENT></COMMENT></POST>
<POST><USERNAME>beckys_baby90</USERNAME><DATETIME></DATETIME><BODY>i dunno</BODY><COMMENT></COMMENT></POST>
<POST><USERNAME>stylelisticgrooves</USERNAME><DATETIME></DATETIME><BODY>well i am big so ya prababl atre</BODY><COMMENT></COMMENT></POST>
<POST><USERNAME>beckys_baby90</USERNAME><DATETIME></DATETIME><BODY>how big</BODY><COMMENT></COMMENT></POST>
<POST><USERNAME>stylelisticgrooves</USERNAME><DATETIME></DATETIME><BODY>want to see lol</BODY><COMMENT></COMMENT></POST>
<POST><USERNAME>beckys_baby90</USERNAME><DATETIME></DATETIME><BODY>lol sure</BODY><COMMENT></COMMENT></POST>
<POST><USERNAME>stylelisticgrooves</USERNAME><DATETIME></DATETIME><BODY>r u sure</BODY><COMMENT></COMMENT></POST>
<POST><USERNAME>beckys_baby90</USERNAME><DATETIME></DATETIME><BODY>totally</BODY><COMMENT></COMMENT></POST>
<POST><USERNAME>beckys_baby90</USERNAME><DATETIME></DATETIME><BODY>sad its just cam tho</BODY><COMMENT></COMMENT></POST>
<POST><USERNAME>beckys_baby90</USERNAME><DATETIME></DATETIME><BODY>wow</BODY><COMMENT></COMMENT></POST>
<POST><USERNAME>stylelisticgrooves</USERNAME><DATETIME></DATETIME><BODY>so u want that</BODY><COMMENT></COMMENT></POST>
<POST><USERNAME>beckys_baby90</USERNAME><DATETIME></DATETIME><BODY>duh of course! wow</BODY><COMMENT></COMMENT></POST>
<POST><USERNAME>stylelisticgrooves</USERNAME><DATETIME></DATETIME><BODY>mmmmm good</BODY><COMMENT></COMMENT></POST>
<POST><USERNAME>stylelisticgrooves</USERNAME><DATETIME></DATETIME><BODY>love young girls</BODY><COMMENT></COMMENT></POST>
<POST><USERNAME>beckys_baby90</USERNAME><DATETIME></DATETIME><BODY>thats yummy</BODY><COMMENT></COMMENT></POST>
<POST><USERNAME>beckys_baby90</USERNAME><DATETIME></DATETIME><BODY>so when do i get 2 c it for reals?</BODY><COMMENT></COMMENT></POST>
<POST><USERNAME>stylelisticgrooves</USERNAME><DATETIME></DATETIME><BODY>i dont know</BODY><COMMENT></COMMENT></POST>
<POST><USERNAME>beckys_baby90</USERNAME><DATETIME></DATETIME><BODY>well y not</BODY><COMMENT></COMMENT></POST>
<POST><USERNAME>stylelisticgrooves</USERNAME><DATETIME></DATETIME><BODY>wait i am going to cum</BODY><COMMENT></COMMENT></POST>
<POST><USERNAME>stylelisticgrooves</USERNAME><DATETIME></DATETIME><BODY>god damn almost got caught</BODY><COMMENT></COMMENT></POST>
<POST><USERNAME>beckys_baby90</USERNAME><DATETIME></DATETIME><BODY>uh oh by who</BODY><COMMENT></COMMENT></POST>
<POST><USERNAME>stylelisticgrooves</USERNAME><DATETIME></DATETIME><BODY>my sister</BODY><COMMENT></COMMENT></POST>
<POST><USERNAME>stylelisticgrooves</USERNAME><DATETIME></DATETIME><BODY>we work together</BODY><COMMENT></COMMENT></POST>
<POST><USERNAME>beckys_baby90</USERNAME><DATETIME></DATETIME><BODY>ooo i c</BODY><COMMENT></COMMENT></POST>
<POST><USERNAME>beckys_baby90</USERNAME><DATETIME></DATETIME><BODY>so did u finish</BODY><COMMENT></COMMENT></POST>
<POST><USERNAME>beckys_baby90</USERNAME><DATETIME></DATETIME><BODY>i couldnt tell</BODY><COMMENT></COMMENT></POST>
<POST><USERNAME>stylelisticgrooves</USERNAME><DATETIME></DATETIME><BODY>fiuck right when i was cumming</BODY><COMMENT></COMMENT></POST>
<POST><USERNAME>stylelisticgrooves</USERNAME><DATETIME></DATETIME><BODY>she was walking up the stairs</BODY><COMMENT></COMMENT></POST>
<POST><USERNAME>beckys_baby90</USERNAME><DATETIME></DATETIME><BODY>bad timing!</BODY><COMMENT></COMMENT></POST>
<POST><USERNAME>beckys_baby90</USERNAME><DATETIME></DATETIME><BODY></BODY><COMMENT></COMMENT></POST>
<POST><USERNAME>stylelisticgrooves</USERNAME><DATETIME></DATETIME><BODY>i nkow</BODY><COMMENT></COMMENT></POST>
<POST><USERNAME>stylelisticgrooves</USERNAME><DATETIME></DATETIME><BODY>god damn!!</BODY><COMMENT></COMMENT></POST>
<POST><USERNAME>beckys_baby90</USERNAME><DATETIME></DATETIME><BODY>lol did u get all messy?</BODY><COMMENT></COMMENT></POST>
<POST><USERNAME>stylelisticgrooves</USERNAME><DATETIME></DATETIME><BODY>jus a lil</BODY><COMMENT></COMMENT></POST>
<POST><USERNAME>beckys_baby90</USERNAME><DATETIME></DATETIME><BODY>k</BODY><COMMENT></COMMENT></POST>
<POST><USERNAME>beckys_baby90</USERNAME><DATETIME></DATETIME><BODY>would u wanna talk on the phone for a min?</BODY><COMMENT></COMMENT></POST>
<POST><USERNAME>stylelisticgrooves</USERNAME><DATETIME></DATETIME><BODY>i cant right now</BODY><COMMENT></COMMENT></POST>
<POST><USERNAME>stylelisticgrooves</USERNAME><DATETIME></DATETIME><BODY>can i call you</BODY><COMMENT></COMMENT></POST>
<POST><USERNAME>beckys_baby90</USERNAME><DATETIME></DATETIME><BODY>well my mom blocks incomin calls when shes at work but i could call out</BODY><COMMENT></COMMENT></POST>
<POST><USERNAME>stylelisticgrooves</USERNAME><DATETIME></DATETIME><BODY>why does she block calls</BODY><COMMENT></COMMENT></POST>
<POST><USERNAME>beckys_baby90</USERNAME><DATETIME></DATETIME><BODY>i dunno she always has tho</BODY><COMMENT></COMMENT></POST>
<POST><USERNAME>beckys_baby90</USERNAME><DATETIME></DATETIME><BODY>i think its a mom thing?</BODY><COMMENT></COMMENT></POST>
<POST><USERNAME>stylelisticgrooves</USERNAME><DATETIME></DATETIME><BODY>she is like protective over you huh?</BODY><COMMENT></COMMENT></POST>
<POST><USERNAME>beckys_baby90</USERNAME><DATETIME></DATETIME><BODY>well in some ways yah but in some ways no</BODY><COMMENT></COMMENT></POST>
<POST><USERNAME>beckys_baby90</USERNAME><DATETIME></DATETIME><BODY>cuz like shes gone a lot but when shes here shes uberstrict</BODY><COMMENT></COMMENT></POST>
<POST><USERNAME>beckys_baby90</USERNAME><DATETIME></DATETIME><BODY>so i dont get it</BODY><COMMENT></COMMENT></POST>
<POST><USERNAME>stylelisticgrooves</USERNAME><DATETIME></DATETIME><BODY>oh</BODY><COMMENT></COMMENT></POST>
<POST><USERNAME>stylelisticgrooves</USERNAME><DATETIME></DATETIME><BODY>i will give you my cell number</BODY><COMMENT></COMMENT></POST>
<POST><USERNAME>beckys_baby90</USERNAME><DATETIME></DATETIME><BODY>cool when do u want me to call</BODY><COMMENT></COMMENT></POST>
<POST><USERNAME>stylelisticgrooves</USERNAME><DATETIME></DATETIME><BODY>after 4:30</BODY><COMMENT></COMMENT></POST>
<POST><USERNAME>stylelisticgrooves</USERNAME><DATETIME></DATETIME><BODY>is that kewl</BODY><COMMENT></COMMENT></POST>
<POST><USERNAME>beckys_baby90</USERNAME><DATETIME></DATETIME><BODY>yah should b fine</BODY><COMMENT></COMMENT></POST>
<POST><USERNAME>stylelisticgrooves</USERNAME><DATETIME></DATETIME><BODY>word</BODY><COMMENT></COMMENT></POST>
<POST><USERNAME>stylelisticgrooves</USERNAME><DATETIME></DATETIME><BODY>ok</BODY><COMMENT></COMMENT></POST>
<POST><USERNAME>stylelisticgrooves</USERNAME><DATETIME></DATETIME><BODY>503.440.6538</BODY><COMMENT></COMMENT></POST>
<POST><USERNAME>beckys_baby90</USERNAME><DATETIME></DATETIME><BODY>yay! cool ill call u later then</BODY><COMMENT></COMMENT></POST>
<POST><USERNAME>beckys_baby90</USERNAME><DATETIME></DATETIME><BODY>so how long can u not drive for</BODY><COMMENT></COMMENT></POST>
<POST><USERNAME>stylelisticgrooves</USERNAME><DATETIME></DATETIME><BODY>till around when you are due</BODY><COMMENT></COMMENT></POST>
<POST><USERNAME>stylelisticgrooves</USERNAME><DATETIME></DATETIME><BODY>i should have is by december</BODY><COMMENT></COMMENT></POST>
<POST><USERNAME>beckys_baby90</USERNAME><DATETIME></DATETIME><BODY>wow thats bad timing</BODY><COMMENT></COMMENT></POST>
<POST><USERNAME>stylelisticgrooves</USERNAME><DATETIME></DATETIME><BODY>i know</BODY><COMMENT></COMMENT></POST>
<POST><USERNAME>stylelisticgrooves</USERNAME><DATETIME></DATETIME><BODY>so you like that cock</BODY><COMMENT></COMMENT></POST>
<POST><USERNAME>beckys_baby90</USERNAME><DATETIME></DATETIME><BODY>hmm well is there ne way u could get out here</BODY><COMMENT></COMMENT></POST>
<POST><USERNAME>stylelisticgrooves</USERNAME><DATETIME></DATETIME><BODY>it is big enough for you</BODY><COMMENT></COMMENT></POST>
<POST><USERNAME>beckys_baby90</USERNAME><DATETIME></DATETIME><BODY>omg definitely</BODY><COMMENT></COMMENT></POST>
<POST><USERNAME>stylelisticgrooves</USERNAME><DATETIME></DATETIME><BODY>good</BODY><COMMENT></COMMENT></POST>
<POST><USERNAME>stylelisticgrooves</USERNAME><DATETIME></DATETIME><BODY>damn all the things you could do with it huh</BODY><COMMENT></COMMENT></POST>
<POST><USERNAME>beckys_baby90</USERNAME><DATETIME></DATETIME><BODY>oo i know</BODY><COMMENT></COMMENT></POST>
<POST><USERNAME>beckys_baby90</USERNAME><DATETIME></DATETIME><BODY>u gotta friend who could drop u off or somethin? i really wanna c u...</BODY><COMMENT></COMMENT></POST>
<POST><USERNAME>stylelisticgrooves</USERNAME><DATETIME></DATETIME><BODY>well maybe</BODY><COMMENT></COMMENT></POST>
<POST><USERNAME>stylelisticgrooves</USERNAME><DATETIME></DATETIME><BODY>at what hours</BODY><COMMENT></COMMENT></POST>
<POST><USERNAME>beckys_baby90</USERNAME><DATETIME></DATETIME><BODY>umm depends on the day.. cuz i dunno if im gonna start school this year so if i dont then ive got from like 7am til 6pm</BODY><COMMENT></COMMENT></POST>
<POST><USERNAME>beckys_baby90</USERNAME><DATETIME></DATETIME><BODY>weekends my moms usually at her bfs</BODY><COMMENT></COMMENT></POST>
<POST><USERNAME>beckys_baby90</USERNAME><DATETIME></DATETIME><BODY>like fridays she goes rite from work to her bfs til saturday</BODY><COMMENT></COMMENT></POST>
<POST><USERNAME>stylelisticgrooves</USERNAME><DATETIME></DATETIME><BODY>hmmm</BODY><COMMENT></COMMENT></POST>
<POST><USERNAME>stylelisticgrooves</USERNAME><DATETIME></DATETIME><BODY>i dont ghet up there until friday night</BODY><COMMENT></COMMENT></POST>
<POST><USERNAME>beckys_baby90</USERNAME><DATETIME></DATETIME><BODY>what about saturday durin the day</BODY><COMMENT></COMMENT></POST>
<POST><USERNAME>stylelisticgrooves</USERNAME><DATETIME></DATETIME><BODY>that is a possibility</BODY><COMMENT></COMMENT></POST>
<POST><USERNAME>stylelisticgrooves</USERNAME><DATETIME></DATETIME><BODY>what would we do</BODY><COMMENT></COMMENT></POST>
<POST><USERNAME>stylelisticgrooves</USERNAME><DATETIME></DATETIME><BODY>fuck really hard</BODY><COMMENT></COMMENT></POST>
<POST><USERNAME>stylelisticgrooves</USERNAME><DATETIME></DATETIME><BODY>?</BODY><COMMENT></COMMENT></POST>
<POST><USERNAME>beckys_baby90</USERNAME><DATETIME></DATETIME><BODY>lol well yah if u wanna.. n watch movies or somethin</BODY><COMMENT></COMMENT></POST>
<POST><USERNAME>beckys_baby90</USERNAME><DATETIME></DATETIME><BODY>up to u</BODY><COMMENT></COMMENT></POST>
<POST><USERNAME>stylelisticgrooves</USERNAME><DATETIME></DATETIME><BODY>hmmm</BODY><COMMENT></COMMENT></POST>
<POST><USERNAME>beckys_baby90</USERNAME><DATETIME></DATETIME><BODY>hey brb one sec</BODY><COMMENT></COMMENT></POST>
<POST><USERNAME>stylelisticgrooves</USERNAME><DATETIME></DATETIME><BODY>ok</BODY><COMMENT></COMMENT></POST>
<POST><USERNAME>beckys_baby90</USERNAME><DATETIME></DATETIME><BODY>k back</BODY><COMMENT></COMMENT></POST>
<POST><USERNAME>stylelisticgrooves</USERNAME><DATETIME></DATETIME><BODY>welcome back</BODY><COMMENT></COMMENT></POST>
<POST><USERNAME>beckys_baby90</USERNAME><DATETIME></DATETIME><BODY>thanks!</BODY><COMMENT></COMMENT></POST>
<POST><USERNAME>stylelisticgrooves</USERNAME><DATETIME></DATETIME><BODY>your welcum</BODY><COMMENT></COMMENT></POST>
<POST><USERNAME>beckys_baby90</USERNAME><DATETIME></DATETIME><BODY>u sure i cant just call and say hi?</BODY><COMMENT></COMMENT></POST>
<POST><USERNAME>beckys_baby90</USERNAME><DATETIME></DATETIME><BODY>i bet u sound totally hot</BODY><COMMENT></COMMENT></POST>
<POST><USERNAME>stylelisticgrooves</USERNAME><DATETIME></DATETIME><BODY>well i need to charge my battery on my phone</BODY><COMMENT></COMMENT></POST>
<POST><USERNAME>beckys_baby90</USERNAME><DATETIME></DATETIME><BODY>well we dont have to talk very long..</BODY><COMMENT></COMMENT></POST>
<POST><USERNAME>beckys_baby90</USERNAME><DATETIME></DATETIME><BODY></BODY><COMMENT>(smiley)</COMMENT></POST>
<POST><USERNAME>stylelisticgrooves</USERNAME><DATETIME></DATETIME><BODY>hmmm</BODY><COMMENT></COMMENT></POST>
<POST><USERNAME>stylelisticgrooves</USERNAME><DATETIME></DATETIME><BODY>call my cell now</BODY><COMMENT></COMMENT></POST>
<POST><USERNAME>stylelisticgrooves</USERNAME><DATETIME></DATETIME><BODY>befor eit dies</BODY><COMMENT></COMMENT></POST>
<POST><USERNAME>beckys_baby90</USERNAME><DATETIME></DATETIME><BODY>k!</BODY><COMMENT></COMMENT></POST>
<POST><USERNAME>beckys_baby90</USERNAME><DATETIME></DATETIME><BODY>lol sorry diald wrong first</BODY><COMMENT></COMMENT></POST>
<POST><USERNAME>stylelisticgrooves</USERNAME><DATETIME></DATETIME><BODY>my phone died</BODY><COMMENT></COMMENT></POST>
<POST><USERNAME>beckys_baby90</USERNAME><DATETIME></DATETIME><BODY>awww</BODY><COMMENT></COMMENT></POST>
<POST><USERNAME>beckys_baby90</USERNAME><DATETIME></DATETIME><BODY>its ok</BODY><COMMENT></COMMENT></POST>
<POST><USERNAME>beckys_baby90</USERNAME><DATETIME></DATETIME><BODY>it was good 2 talk 2 u tho</BODY><COMMENT></COMMENT></POST>
<POST><USERNAME>stylelisticgrooves</USERNAME><DATETIME></DATETIME><BODY>call me at my house after i am off work</BODY><COMMENT></COMMENT></POST>
<POST><USERNAME>beckys_baby90</USERNAME><DATETIME></DATETIME><BODY>k</BODY><COMMENT></COMMENT></POST>
<POST><USERNAME>beckys_baby90</USERNAME><DATETIME></DATETIME><BODY>same #?</BODY><COMMENT></COMMENT></POST>
<POST><USERNAME>stylelisticgrooves</USERNAME><DATETIME></DATETIME><BODY>i will give you that number ok</BODY><COMMENT></COMMENT></POST>
<POST><USERNAME>stylelisticgrooves</USERNAME><DATETIME></DATETIME><BODY>nope</BODY><COMMENT></COMMENT></POST>
<POST><USERNAME>beckys_baby90</USERNAME><DATETIME></DATETIME><BODY>o ok</BODY><COMMENT></COMMENT></POST>
<POST><USERNAME>stylelisticgrooves</USERNAME><DATETIME></DATETIME><BODY>503.325.5037</BODY><COMMENT>(royces home number)</COMMENT></POST>
<POST><USERNAME>beckys_baby90</USERNAME><DATETIME></DATETIME><BODY>k i promise ill dial that right lol</BODY><COMMENT></COMMENT></POST>
<POST><USERNAME>stylelisticgrooves</USERNAME><DATETIME></DATETIME><BODY>lol</BODY><COMMENT></COMMENT></POST>
<POST><USERNAME>stylelisticgrooves</USERNAME><DATETIME></DATETIME><BODY>you there still</BODY><COMMENT></COMMENT></POST>
<POST><USERNAME>stylelisticgrooves</USERNAME><DATETIME></DATETIME><BODY>damn you got a cute lil voice</BODY><COMMENT></COMMENT></POST>
<POST><USERNAME>beckys_baby90</USERNAME><DATETIME></DATETIME><BODY>aww thx!</BODY><COMMENT></COMMENT></POST>
<POST><USERNAME>stylelisticgrooves</USERNAME><DATETIME></DATETIME><BODY>young girls like you make me crazy horny!!!</BODY><COMMENT></COMMENT></POST>
<POST><USERNAME>stylelisticgrooves</USERNAME><DATETIME></DATETIME><BODY></BODY><COMMENT></COMMENT></POST>
<POST><USERNAME>beckys_baby90</USERNAME><DATETIME></DATETIME><BODY>haha really?! ur so cute!</BODY><COMMENT></COMMENT></POST>
<POST><USERNAME>stylelisticgrooves</USERNAME><DATETIME></DATETIME><BODY>so are you</BODY><COMMENT></COMMENT></POST>
<POST><USERNAME>beckys_baby90</USERNAME><DATETIME></DATETIME><BODY>thx! i cant wait til we get to hang out</BODY><COMMENT></COMMENT></POST>
<POST><USERNAME>stylelisticgrooves</USERNAME><DATETIME></DATETIME><BODY>i know!</BODY><COMMENT></COMMENT></POST>
<POST><USERNAME>stylelisticgrooves</USERNAME><DATETIME></DATETIME><BODY>we are going to have to hang out after you have your baby to</BODY><COMMENT></COMMENT></POST>
<POST><USERNAME>beckys_baby90</USERNAME><DATETIME></DATETIME><BODY>yah u can push the stroller</BODY><COMMENT></COMMENT></POST>
<POST><USERNAME>stylelisticgrooves</USERNAME><DATETIME></DATETIME><BODY>lol</BODY><COMMENT></COMMENT></POST>
<POST><USERNAME>stylelisticgrooves</USERNAME><DATETIME></DATETIME><BODY>mebbe</BODY><COMMENT></COMMENT></POST>
<POST><USERNAME>beckys_baby90</USERNAME><DATETIME></DATETIME><BODY>so do u think sat would work</BODY><COMMENT></COMMENT></POST>
<POST><USERNAME>stylelisticgrooves</USERNAME><DATETIME></DATETIME><BODY>i will try</BODY><COMMENT></COMMENT></POST>
<POST><USERNAME>beckys_baby90</USERNAME><DATETIME></DATETIME><BODY>thatd be awesome</BODY><COMMENT></COMMENT></POST>
<POST><USERNAME>beckys_baby90</USERNAME><DATETIME></DATETIME><BODY>so u live rite in pdx?</BODY><COMMENT></COMMENT></POST>
<POST><USERNAME>stylelisticgrooves</USERNAME><DATETIME></DATETIME><BODY>no</BODY><COMMENT></COMMENT></POST>
<POST><USERNAME>stylelisticgrooves</USERNAME><DATETIME></DATETIME><BODY>i jus come there to party</BODY><COMMENT></COMMENT></POST>
<POST><USERNAME>beckys_baby90</USERNAME><DATETIME></DATETIME><BODY>oooh so what city r u in</BODY><COMMENT></COMMENT></POST>
<POST><USERNAME>stylelisticgrooves</USERNAME><DATETIME></DATETIME><BODY>astoria right now</BODY><COMMENT></COMMENT></POST>
<POST><USERNAME>stylelisticgrooves</USERNAME><DATETIME></DATETIME><BODY>unitl i get my license back</BODY><COMMENT></COMMENT></POST>
<POST><USERNAME>beckys_baby90</USERNAME><DATETIME></DATETIME><BODY>oooh so ur just comin to pdx in sept to party</BODY><COMMENT></COMMENT></POST>
<POST><USERNAME>stylelisticgrooves</USERNAME><DATETIME></DATETIME><BODY>and hang out with my mom</BODY><COMMENT></COMMENT></POST>
<POST><USERNAME>stylelisticgrooves</USERNAME><DATETIME></DATETIME><BODY>she is going through radiation therapy</BODY><COMMENT></COMMENT></POST>
<POST><USERNAME>beckys_baby90</USERNAME><DATETIME></DATETIME><BODY>oooh. that sux sorry</BODY><COMMENT></COMMENT></POST>
<POST><USERNAME>beckys_baby90</USERNAME><DATETIME></DATETIME><BODY>she gonna b ok?</BODY><COMMENT></COMMENT></POST>
<POST><USERNAME>stylelisticgrooves</USERNAME><DATETIME></DATETIME><BODY>i think so</BODY><COMMENT></COMMENT></POST>
<POST><USERNAME>stylelisticgrooves</USERNAME><DATETIME></DATETIME><BODY>so on a lighter note what kind of sex do you like</BODY><COMMENT></COMMENT></POST>
<POST><USERNAME>beckys_baby90</USERNAME><DATETIME></DATETIME><BODY>umm what r my choices lol</BODY><COMMENT></COMMENT></POST>
<POST><USERNAME>stylelisticgrooves</USERNAME><DATETIME></DATETIME><BODY>what do you like</BODY><COMMENT></COMMENT></POST>
<POST><USERNAME>beckys_baby90</USERNAME><DATETIME></DATETIME><BODY>umm.. i like it fast but sometimes slow 2</BODY><COMMENT></COMMENT></POST>
<POST><USERNAME>beckys_baby90</USERNAME><DATETIME></DATETIME><BODY>depends</BODY><COMMENT></COMMENT></POST>
<POST><USERNAME>beckys_baby90</USERNAME><DATETIME></DATETIME><BODY>i dunno lol</BODY><COMMENT></COMMENT></POST>
<POST><USERNAME>beckys_baby90</USERNAME><DATETIME></DATETIME><BODY>what about u</BODY><COMMENT></COMMENT></POST>
<POST><USERNAME>stylelisticgrooves</USERNAME><DATETIME></DATETIME><BODY>i mean like oral</BODY><COMMENT></COMMENT></POST>
<POST><USERNAME>stylelisticgrooves</USERNAME><DATETIME></DATETIME><BODY>i love to eat pussy</BODY><COMMENT></COMMENT></POST>
<POST><USERNAME>beckys_baby90</USERNAME><DATETIME></DATETIME><BODY>givin or gettin</BODY><COMMENT></COMMENT></POST>
<POST><USERNAME>beckys_baby90</USERNAME><DATETIME></DATETIME><BODY>ive only had someone do that like 2x</BODY><COMMENT></COMMENT></POST>
<POST><USERNAME>stylelisticgrooves</USERNAME><DATETIME></DATETIME><BODY>no way</BODY><COMMENT></COMMENT></POST>
<POST><USERNAME>stylelisticgrooves</USERNAME><DATETIME></DATETIME><BODY>i make you cum</BODY><COMMENT></COMMENT></POST>
<POST><USERNAME>beckys_baby90</USERNAME><DATETIME></DATETIME><BODY>wow really?</BODY><COMMENT></COMMENT></POST>
<POST><USERNAME>beckys_baby90</USERNAME><DATETIME></DATETIME><BODY>alot?</BODY><COMMENT></COMMENT></POST>
<POST><USERNAME>stylelisticgrooves</USERNAME><DATETIME></DATETIME><BODY>hell ya</BODY><COMMENT></COMMENT></POST>
<POST><USERNAME>stylelisticgrooves</USERNAME><DATETIME></DATETIME><BODY>the bets is when you on top and cum on my cock</BODY><COMMENT></COMMENT></POST>
<POST><USERNAME>stylelisticgrooves</USERNAME><DATETIME></DATETIME><BODY>best</BODY><COMMENT></COMMENT></POST>
<POST><USERNAME>stylelisticgrooves</USERNAME><DATETIME></DATETIME><BODY>but you know whats better than that</BODY><COMMENT></COMMENT></POST>
<POST><USERNAME>beckys_baby90</USERNAME><DATETIME></DATETIME><BODY>what</BODY><COMMENT></COMMENT></POST>
<POST><USERNAME>stylelisticgrooves</USERNAME><DATETIME></DATETIME><BODY>me on my back and straddle on my face brushy your pussy on my lips!</BODY><COMMENT></COMMENT></POST>
<POST><USERNAME>stylelisticgrooves</USERNAME><DATETIME></DATETIME><BODY>and u straddled</BODY><COMMENT></COMMENT></POST>
<POST><USERNAME>stylelisticgrooves</USERNAME><DATETIME></DATETIME><BODY>now that the girls love</BODY><COMMENT></COMMENT></POST>
<POST><USERNAME>beckys_baby90</USERNAME><DATETIME></DATETIME><BODY>ooh that sounds fun!</BODY><COMMENT></COMMENT></POST>
<POST><USERNAME>stylelisticgrooves</USERNAME><DATETIME></DATETIME><BODY>cause when you look down you look right intop my eyes while you feel my topunge in your pussy</BODY><COMMENT></COMMENT></POST>
<POST><USERNAME>beckys_baby90</USERNAME><DATETIME></DATETIME><BODY>ooh yeah. that sounds gooood..</BODY><COMMENT></COMMENT></POST>
<POST><USERNAME>beckys_baby90</USERNAME><DATETIME></DATETIME><BODY>hey 1 sec ill brb k</BODY><COMMENT></COMMENT></POST>
<POST><USERNAME>stylelisticgrooves</USERNAME><DATETIME></DATETIME><BODY>kk</BODY><COMMENT></COMMENT></POST>
<POST><USERNAME>beckys_baby90</USERNAME><DATETIME></DATETIME><BODY>back</BODY><COMMENT></COMMENT></POST>
<POST><USERNAME>beckys_baby90</USERNAME><DATETIME></DATETIME><BODY>sorry</BODY><COMMENT></COMMENT></POST>
<POST><USERNAME>stylelisticgrooves</USERNAME><DATETIME></DATETIME><BODY>no on is here right now</BODY><COMMENT></COMMENT></POST>
<POST><USERNAME>beckys_baby90</USERNAME><DATETIME></DATETIME><BODY>lol very funny</BODY><COMMENT></COMMENT></POST>
<POST><USERNAME>stylelisticgrooves</USERNAME><DATETIME></DATETIME><BODY>i am serious so i can actually finish</BODY><COMMENT></COMMENT></POST>
<POST><USERNAME>beckys_baby90</USERNAME><DATETIME></DATETIME><BODY>o u mean u wanna finish workin?</BODY><COMMENT></COMMENT></POST>
<POST><USERNAME>stylelisticgrooves</USERNAME><DATETIME></DATETIME><BODY>nope lol</BODY><COMMENT></COMMENT></POST>
<POST><USERNAME>beckys_baby90</USERNAME><DATETIME></DATETIME><BODY>i am so confused lol</BODY><COMMENT></COMMENT></POST>
<POST><USERNAME>stylelisticgrooves</USERNAME><DATETIME></DATETIME><BODY>what u saw earlier</BODY><COMMENT></COMMENT></POST>
<POST><USERNAME>stylelisticgrooves</USERNAME><DATETIME></DATETIME><BODY>the cock lol</BODY><COMMENT></COMMENT></POST>
<POST><USERNAME>beckys_baby90</USERNAME><DATETIME></DATETIME><BODY>ooooh i thought u finsihed</BODY><COMMENT></COMMENT></POST>
<POST><USERNAME>stylelisticgrooves</USERNAME><DATETIME></DATETIME><BODY>nope lol</BODY><COMMENT></COMMENT></POST>
<POST><USERNAME>stylelisticgrooves</USERNAME><DATETIME></DATETIME><BODY>ui will now</BODY><COMMENT></COMMENT></POST>
<POST><USERNAME>beckys_baby90</USERNAME><DATETIME></DATETIME><BODY>o then ill let u go to it</BODY><COMMENT></COMMENT></POST>
<POST><USERNAME>beckys_baby90</USERNAME><DATETIME></DATETIME><BODY>im gonna go eat lunch ne way</BODY><COMMENT></COMMENT></POST>
<POST><USERNAME>beckys_baby90</USERNAME><DATETIME></DATETIME><BODY>hey add me?</BODY><COMMENT></COMMENT></POST>
<POST><USERNAME>stylelisticgrooves</USERNAME><DATETIME></DATETIME><BODY>ok have fun</BODY><COMMENT></COMMENT></POST>
<POST><USERNAME>beckys_baby90</USERNAME><DATETIME></DATETIME><BODY>cool!</BODY><COMMENT></COMMENT></POST>
<POST><USERNAME>beckys_baby90</USERNAME><DATETIME></DATETIME><BODY>ill call u later at home</BODY><COMMENT></COMMENT></POST>
<POST><USERNAME>stylelisticgrooves</USERNAME><DATETIME></DATETIME><BODY>ok</BODY><COMMENT></COMMENT></POST>
<POST><USERNAME>stylelisticgrooves</USERNAME><DATETIME></DATETIME><BODY>cant wait to here from ya</BODY><COMMENT></COMMENT></POST>
<POST><USERNAME>beckys_baby90</USERNAME><DATETIME></DATETIME><BODY>totally!</BODY><COMMENT></COMMENT></POST>
<POST><USERNAME>beckys_baby90</USERNAME><DATETIME></DATETIME><BODY>bye royce</BODY><COMMENT></COMMENT></POST>
<POST><USERNAME>stylelisticgrooves</USERNAME><DATETIME></DATETIME><BODY>bye becky</BODY><COMMENT></COMMENT></POST>
<POST><USERNAME></USERNAME><DATETIME></DATETIME><BODY>(wednesday night:)</BODY><COMMENT></COMMENT></POST>
<POST><USERNAME>beckys_baby90</USERNAME><DATETIME>(9:56:56 pm)</DATETIME><BODY>u there</BODY><COMMENT></COMMENT></POST>
<POST><USERNAME>stylelisticgrooves</USERNAME><DATETIME>(9:57:07 pm)</DATETIME><BODY>yes</BODY><COMMENT></COMMENT></POST>
<POST><USERNAME>stylelisticgrooves</USERNAME><DATETIME>(9:57:08 pm)</DATETIME><BODY>!!</BODY><COMMENT></COMMENT></POST>
<POST><USERNAME>beckys_baby90</USERNAME><DATETIME>(9:57:11 pm)</DATETIME><BODY>lol</BODY><COMMENT></COMMENT></POST>
<POST><USERNAME>beckys_baby90</USERNAME><DATETIME>(9:57:11 pm)</DATETIME><BODY>hi</BODY><COMMENT></COMMENT></POST>
<POST><USERNAME>stylelisticgrooves</USERNAME><DATETIME>(9:57:22 pm)</DATETIME><BODY>whats up girl</BODY><COMMENT></COMMENT></POST>
<POST><USERNAME>beckys_baby90</USERNAME><DATETIME>(9:57:33 pm)</DATETIME><BODY>nothin my moms out with her bf</BODY><COMMENT></COMMENT></POST>
<POST><USERNAME>beckys_baby90</USERNAME><DATETIME>(9:57:38 pm)</DATETIME><BODY>im so glad they dont hang here</BODY><COMMENT></COMMENT></POST>
<POST><USERNAME>stylelisticgrooves</USERNAME><DATETIME>(9:58:59 pm)</DATETIME><BODY>jus a sec</BODY><COMMENT></COMMENT></POST>
<POST><USERNAME>beckys_baby90</USERNAME><DATETIME>(9:59:02 pm)</DATETIME><BODY>k</BODY><COMMENT></COMMENT></POST>
<POST><USERNAME>stylelisticgrooves</USERNAME><DATETIME>(9:59:43 pm)</DATETIME><BODY>you nevercalled</BODY><COMMENT></COMMENT></POST>
<POST><USERNAME>beckys_baby90</USERNAME><DATETIME>(10:00:07 pm)</DATETIME><BODY>omg i totally forgot</BODY><COMMENT></COMMENT></POST>
<POST><USERNAME>beckys_baby90</USERNAME><DATETIME>(10:00:14 pm)</DATETIME><BODY>do u hate me now</BODY><COMMENT></COMMENT></POST>
<POST><USERNAME>stylelisticgrooves</USERNAME><DATETIME>(10:00:26 pm)</DATETIME><BODY>hell no</BODY><COMMENT></COMMENT></POST>
<POST><USERNAME>beckys_baby90</USERNAME><DATETIME>(10:01:00 pm)</DATETIME><BODY>good</BODY><COMMENT></COMMENT></POST>
<POST><USERNAME>stylelisticgrooves</USERNAME><DATETIME>(10:01:15 pm)</DATETIME><BODY>so wanna fuck lol</BODY><COMMENT></COMMENT></POST>
<POST><USERNAME>beckys_baby90</USERNAME><DATETIME>(10:01:35 pm)</DATETIME><BODY>lol i thought we were gonna</BODY><COMMENT></COMMENT></POST>
<POST><USERNAME>stylelisticgrooves</USERNAME><DATETIME>(10:02:12 pm)</DATETIME><BODY>so still wanna fuck</BODY><COMMENT></COMMENT></POST>
<POST><USERNAME>beckys_baby90</USERNAME><DATETIME>(10:02:22 pm)</DATETIME><BODY>r u less hot?</BODY><COMMENT></COMMENT></POST>
<POST><USERNAME>beckys_baby90</USERNAME><DATETIME>(10:02:49 pm)</DATETIME><BODY>lol then yeah</BODY><COMMENT></COMMENT></POST>
<POST><USERNAME>beckys_baby90</USERNAME><DATETIME>(10:02:52 pm)</DATETIME><BODY>u look sleepy</BODY><COMMENT></COMMENT></POST>
<POST><USERNAME>stylelisticgrooves</USERNAME><DATETIME>(10:03:00 pm)</DATETIME><BODY>what!!!</BODY><COMMENT></COMMENT></POST>
<POST><USERNAME>stylelisticgrooves</USERNAME><DATETIME>(10:03:10 pm)</DATETIME><BODY>i am not hot anymorwe</BODY><COMMENT></COMMENT></POST>
<POST><USERNAME>beckys_baby90</USERNAME><DATETIME>(10:03:24 pm)</DATETIME><BODY>no no lol i mean no ur not less hot, so yeah i still wanna</BODY><COMMENT></COMMENT></POST>
<POST><USERNAME>beckys_baby90</USERNAME><DATETIME>(10:03:28 pm)</DATETIME><BODY>u must be tired</BODY><COMMENT></COMMENT></POST>
<POST><USERNAME>stylelisticgrooves</USERNAME><DATETIME>(10:03:50 pm)</DATETIME><BODY>jus a sec\</BODY><COMMENT></COMMENT></POST>
<POST><USERNAME>stylelisticgrooves</USERNAME><DATETIME>(10:06:14 pm)</DATETIME><BODY>hey!!</BODY><COMMENT></COMMENT></POST>
<POST><USERNAME>beckys_baby90</USERNAME><DATETIME>(10:06:22 pm)</DATETIME><BODY>wb</BODY><COMMENT></COMMENT></POST>
<POST><USERNAME>stylelisticgrooves</USERNAME><DATETIME>(10:06:28 pm)</DATETIME><BODY>hey tyher</BODY><COMMENT></COMMENT></POST>
<POST><USERNAME>stylelisticgrooves</USERNAME><DATETIME>(10:06:36 pm)</DATETIME><BODY>nice underaga gilr</BODY><COMMENT></COMMENT></POST>
<POST><USERNAME>beckys_baby90</USERNAME><DATETIME>(10:06:47 pm)</DATETIME><BODY>lol r u drunk?</BODY><COMMENT></COMMENT></POST>
<POST><USERNAME>stylelisticgrooves</USERNAME><DATETIME>(10:06:47 pm)</DATETIME><BODY>i am drink</BODY><COMMENT></COMMENT></POST>
<POST><USERNAME>stylelisticgrooves</USERNAME><DATETIME>(10:06:52 pm)</DATETIME><BODY>yes</BODY><COMMENT></COMMENT></POST>
<POST><USERNAME>stylelisticgrooves</USERNAME><DATETIME>(10:06:56 pm)</DATETIME><BODY>watch</BODY><COMMENT></COMMENT></POST>
<POST><USERNAME>beckys_baby90</USERNAME><DATETIME>(10:07:10 pm)</DATETIME><BODY>y r u drinkin?</BODY><COMMENT></COMMENT></POST>
<POST><USERNAME>stylelisticgrooves</USERNAME><DATETIME>(10:07:23 pm)</DATETIME><BODY>to escpae from problems</BODY><COMMENT></COMMENT></POST>
<POST><USERNAME>stylelisticgrooves</USERNAME><DATETIME>(10:07:25 pm)</DATETIME><BODY>lol</BODY><COMMENT></COMMENT></POST>
<POST><USERNAME>stylelisticgrooves</USERNAME><DATETIME>(10:07:29 pm)</DATETIME><BODY>not realyy</BODY><COMMENT></COMMENT></POST>
<POST><USERNAME>beckys_baby90</USERNAME><DATETIME>(10:07:37 pm)</DATETIME><BODY>lol i was gonna say</BODY><COMMENT></COMMENT></POST>
<POST><USERNAME>beckys_baby90</USERNAME><DATETIME>(10:07:39 pm)</DATETIME><BODY>no really tho</BODY><COMMENT></COMMENT></POST>
<POST><USERNAME>stylelisticgrooves</USERNAME><DATETIME>(10:07:55 pm)</DATETIME><BODY>for real doh@</BODY><COMMENT></COMMENT></POST>
<POST><USERNAME>stylelisticgrooves</USERNAME><DATETIME>(10:08:05 pm)</DATETIME><BODY>lets fuck</BODY><COMMENT></COMMENT></POST>
<POST><USERNAME>stylelisticgrooves</USERNAME><DATETIME>(10:08:12 pm)</DATETIME><BODY>jus kidding</BODY><COMMENT></COMMENT></POST>
<POST><USERNAME>beckys_baby90</USERNAME><DATETIME>(10:08:18 pm)</DATETIME><BODY>lol no ur not</BODY><COMMENT></COMMENT></POST>
<POST><USERNAME>stylelisticgrooves</USERNAME><DATETIME>(10:08:33 pm)</DATETIME><BODY>actually i am</BODY><COMMENT></COMMENT></POST>
<POST><USERNAME>stylelisticgrooves</USERNAME><DATETIME>(10:08:43 pm)</DATETIME><BODY>cause i cant type fpo rahi5t</BODY><COMMENT></COMMENT></POST>
<POST><USERNAME>beckys_baby90</USERNAME><DATETIME>(10:09:02 pm)</DATETIME><BODY>lol what</BODY><COMMENT></COMMENT></POST>
<POST><USERNAME>stylelisticgrooves</USERNAME><DATETIME>(10:09:10 pm)</DATETIME><BODY>``</BODY><COMMENT></COMMENT></POST>
<POST><USERNAME>stylelisticgrooves</USERNAME><DATETIME>(10:09:20 pm)</DATETIME><BODY>i am drunk</BODY><COMMENT></COMMENT></POST>
<POST><USERNAME>stylelisticgrooves</USERNAME><DATETIME>(10:09:27 pm)</DATETIME><BODY>sortry nut i am</BODY><COMMENT></COMMENT></POST>
<POST><USERNAME>beckys_baby90</USERNAME><DATETIME>(10:09:39 pm)</DATETIME><BODY>i can tell lol</BODY><COMMENT></COMMENT></POST>
<POST><USERNAME>beckys_baby90</USERNAME><DATETIME>(10:09:43 pm)</DATETIME><BODY>im gonna go then</BODY><COMMENT></COMMENT></POST>
<POST><USERNAME>stylelisticgrooves</USERNAME><DATETIME>(10:09:46 pm)</DATETIME><BODY>cfynsexdg</BODY><COMMENT></COMMENT></POST>
<POST><USERNAME>stylelisticgrooves</USERNAME><DATETIME>(10:09:48 pm)</DATETIME><BODY>fghm fyj</BODY><COMMENT></COMMENT></POST>
<POST><USERNAME>stylelisticgrooves</USERNAME><DATETIME>(10:09:54 pm)</DATETIME><BODY>no why</BODY><COMMENT></COMMENT></POST>
<POST><USERNAME>stylelisticgrooves</USERNAME><DATETIME>(10:09:57 pm)</DATETIME><BODY>no way</BODY><COMMENT></COMMENT></POST>
<POST><USERNAME>beckys_baby90</USERNAME><DATETIME>(10:10:01 pm)</DATETIME><BODY>cuz u cant even talk</BODY><COMMENT></COMMENT></POST>
<POST><USERNAME>stylelisticgrooves</USERNAME><DATETIME>(10:10:01 pm)</DATETIME><BODY>your no fun</BODY><COMMENT></COMMENT></POST>
<POST><USERNAME>beckys_baby90</USERNAME><DATETIME>(10:10:02 pm)</DATETIME><BODY>lol</BODY><COMMENT></COMMENT></POST>
<POST><USERNAME>stylelisticgrooves</USERNAME><DATETIME>(10:10:07 pm)</DATETIME><BODY>i can talk</BODY><COMMENT></COMMENT></POST>
<POST><USERNAME>stylelisticgrooves</USERNAME><DATETIME>(10:10:16 pm)</DATETIME><BODY>jesus fucking crhsidt</BODY><COMMENT></COMMENT></POST>
<POST><USERNAME>stylelisticgrooves</USERNAME><DATETIME>(10:10:27 pm)</DATETIME><BODY>i can type</BODY><COMMENT></COMMENT></POST>
<POST><USERNAME>stylelisticgrooves</USERNAME><DATETIME>(10:10:33 pm)</DATETIME><BODY>what thwe fuck</BODY><COMMENT></COMMENT></POST>
<POST><USERNAME>beckys_baby90</USERNAME><DATETIME>(10:10:42 pm)</DATETIME><BODY>lol u just spelled christ crhsidt</BODY><COMMENT></COMMENT></POST>
<POST><USERNAME>stylelisticgrooves</USERNAME><DATETIME>(10:10:54 pm)</DATETIME><BODY>i know that iment to do that</BODY><COMMENT></COMMENT></POST>
<POST><USERNAME>beckys_baby90</USERNAME><DATETIME>(10:11:01 pm)</DATETIME><BODY>suuuuuure</BODY><COMMENT></COMMENT></POST>
<POST><USERNAME>stylelisticgrooves</USERNAME><DATETIME>(10:11:07 pm)</DATETIME><BODY>geeeezz!!!</BODY><COMMENT></COMMENT></POST>
<POST><USERNAME>stylelisticgrooves</USERNAME><DATETIME>(10:11:13 pm)</DATETIME><BODY>your a racist</BODY><COMMENT></COMMENT></POST>
<POST><USERNAME>stylelisticgrooves</USERNAME><DATETIME>(10:11:19 pm)</DATETIME><BODY>!!!</BODY><COMMENT></COMMENT></POST>
<POST><USERNAME>stylelisticgrooves</USERNAME><DATETIME>(10:11:31 pm)</DATETIME><BODY></BODY><COMMENT></COMMENT></POST>
<POST><USERNAME>beckys_baby90</USERNAME><DATETIME>(10:11:50 pm)</DATETIME><BODY>whos that?</BODY><COMMENT></COMMENT></POST>
<POST><USERNAME>beckys_baby90</USERNAME><DATETIME>(10:13:21 pm)</DATETIME><BODY>is that ur kid?</BODY><COMMENT></COMMENT></POST>
<POST><USERNAME>stylelisticgrooves</USERNAME><DATETIME>(10:13:36 pm)</DATETIME><BODY>fuck no</BODY><COMMENT></COMMENT></POST>
<POST><USERNAME>stylelisticgrooves</USERNAME><DATETIME>(10:13:37 pm)</DATETIME><BODY>!!!!!</BODY><COMMENT></COMMENT></POST>
<POST><USERNAME>stylelisticgrooves</USERNAME><DATETIME>(10:13:52 pm)</DATETIME><BODY>that my nephew are you crzy</BODY><COMMENT></COMMENT></POST>
<POST><USERNAME>beckys_baby90</USERNAME><DATETIME>(10:14:04 pm)</DATETIME><BODY>u never know</BODY><COMMENT></COMMENT></POST>
<POST><USERNAME>beckys_baby90</USERNAME><DATETIME>(10:14:05 pm)</DATETIME><BODY>lol</BODY><COMMENT></COMMENT></POST>
<POST><USERNAME>stylelisticgrooves</USERNAME><DATETIME>(10:14:34 pm)</DATETIME><BODY>look what is up</BODY><COMMENT></COMMENT></POST>
<POST><USERNAME>beckys_baby90</USERNAME><DATETIME>(10:14:46 pm)</DATETIME><BODY>with what?</BODY><COMMENT></COMMENT></POST>
<POST><USERNAME>stylelisticgrooves</USERNAME><DATETIME>(10:15:04 pm)</DATETIME><BODY>there talking baout old ppl sex</BODY><COMMENT></COMMENT></POST>
<POST><USERNAME>beckys_baby90</USERNAME><DATETIME>(10:15:10 pm)</DATETIME><BODY>ewww</BODY><COMMENT></COMMENT></POST>
<POST><USERNAME>beckys_baby90</USERNAME><DATETIME>(10:15:18 pm)</DATETIME><BODY>hey do u watch jerry springer</BODY><COMMENT></COMMENT></POST>
<POST><USERNAME>stylelisticgrooves</USERNAME><DATETIME>(10:15:29 pm)</DATETIME><BODY>fuck n o</BODY><COMMENT></COMMENT></POST>
<POST><USERNAME>stylelisticgrooves</USERNAME><DATETIME>(10:15:42 pm)</DATETIME><BODY>i dont get into that is</BODY><COMMENT></COMMENT></POST>
<POST><USERNAME>beckys_baby90</USERNAME><DATETIME>(10:16:03 pm)</DATETIME><BODY>really cuz i thought i might be able to go on there</BODY><COMMENT></COMMENT></POST>
<POST><USERNAME>stylelisticgrooves</USERNAME><DATETIME>(10:16:30 pm)</DATETIME><BODY>what!!!????</BODY><COMMENT></COMMENT></POST>
<POST><USERNAME>beckys_baby90</USERNAME><DATETIME>(10:16:50 pm)</DATETIME><BODY>well u cant tell ne1 this ok</BODY><COMMENT></COMMENT></POST>
<POST><USERNAME>stylelisticgrooves</USERNAME><DATETIME>(10:16:54 pm)</DATETIME><BODY>i am gop8imngtop [asds 0uit</BODY><COMMENT></COMMENT></POST>
<POST><USERNAME>stylelisticgrooves</USERNAME><DATETIME>(10:17:21 pm)</DATETIME><BODY>baby i am going to pas out</BODY><COMMENT></COMMENT></POST>
<POST><USERNAME>beckys_baby90</USERNAME><DATETIME>(10:17:32 pm)</DATETIME><BODY>u shouldnt drink so much</BODY><COMMENT></COMMENT></POST>
<POST><USERNAME>stylelisticgrooves</USERNAME><DATETIME>(10:17:42 pm)</DATETIME><BODY>ok i wont</BODY><COMMENT></COMMENT></POST>
<POST><USERNAME>beckys_baby90</USERNAME><DATETIME>(10:17:53 pm)</DATETIME><BODY>lol i dont believe u</BODY><COMMENT></COMMENT></POST>
<POST><USERNAME>stylelisticgrooves</USERNAME><DATETIME>(10:18:15 pm)</DATETIME><BODY>thats chocalate nilj</BODY><COMMENT></COMMENT></POST>
<POST><USERNAME>stylelisticgrooves</USERNAME><DATETIME>(10:18:15 pm)</DATETIME><BODY>milk</BODY><COMMENT></COMMENT></POST>
<POST><USERNAME>beckys_baby90</USERNAME><DATETIME>(10:18:22 pm)</DATETIME><BODY>it looks yummy</BODY><COMMENT></COMMENT></POST>
<POST><USERNAME>stylelisticgrooves</USERNAME><DATETIME>(10:19:06 pm)</DATETIME><BODY>very good</BODY><COMMENT></COMMENT></POST>
<POST><USERNAME>beckys_baby90</USERNAME><DATETIME>(10:19:08 pm)</DATETIME><BODY>so do u think i should go on tv</BODY><COMMENT></COMMENT></POST>
<POST><USERNAME>stylelisticgrooves</USERNAME><DATETIME>(10:19:09 pm)</DATETIME><BODY>brb</BODY><COMMENT></COMMENT></POST>
<POST><USERNAME>stylelisticgrooves</USERNAME><DATETIME>(10:19:19 pm)</DATETIME><BODY>time to get kids drunk</BODY><COMMENT></COMMENT></POST>
<POST><USERNAME>beckys_baby90</USERNAME><DATETIME>(10:19:32 pm)</DATETIME><BODY>lol thats bad</BODY><COMMENT></COMMENT></POST>
<POST><USERNAME>stylelisticgrooves</USERNAME><DATETIME>(10:20:29 pm)</DATETIME><BODY>tyes</BODY><COMMENT></COMMENT></POST>
<POST><USERNAME>stylelisticgrooves</USERNAME><DATETIME>(10:20:50 pm)</DATETIME><BODY>so wana fuvk</BODY><COMMENT></COMMENT></POST>
<POST><USERNAME>beckys_baby90</USERNAME><DATETIME>(10:21:15 pm)</DATETIME><BODY>man ur wasted</BODY><COMMENT></COMMENT></POST>
<POST><USERNAME>beckys_baby90</USERNAME><DATETIME>(10:22:00 pm)</DATETIME><BODY>ok im gonna tell u this cuz ur drunk and mebbe u wont remember lol</BODY><COMMENT></COMMENT></POST>
<POST><USERNAME>beckys_baby90</USERNAME><DATETIME>(10:22:34 pm)</DATETIME><BODY>i wanna go on jerry springer cuz my moms bf is the 1 who knocked me up but she doesnt know</BODY><COMMENT></COMMENT></POST>
<POST><USERNAME>stylelisticgrooves</USERNAME><DATETIME>(10:24:20 pm)</DATETIME><BODY>no fucking way</BODY><COMMENT></COMMENT></POST>
<POST><USERNAME>beckys_baby90</USERNAME><DATETIME>(10:24:27 pm)</DATETIME><BODY>no seriously</BODY><COMMENT></COMMENT></POST>
<POST><USERNAME>beckys_baby90</USERNAME><DATETIME>(10:24:40 pm)</DATETIME><BODY>do u think theyd let me go on tv??</BODY><COMMENT></COMMENT></POST>
<POST><USERNAME>stylelisticgrooves</USERNAME><DATETIME>(10:25:01 pm)</DATETIME><BODY>i if it was me hell n0o!!!!</BODY><COMMENT></COMMENT></POST>
<POST><USERNAME>beckys_baby90</USERNAME><DATETIME>(10:25:18 pm)</DATETIME><BODY>well do u think i should tell my mom?</BODY><COMMENT></COMMENT></POST>
<POST><USERNAME>beckys_baby90</USERNAME><DATETIME>(10:25:29 pm)</DATETIME><BODY>r u laughin at me</BODY><COMMENT></COMMENT></POST>
<POST><USERNAME>stylelisticgrooves</USERNAME><DATETIME>(10:25:42 pm)</DATETIME><BODY>of couse i am laughjhing</BODY><COMMENT></COMMENT></POST>
<POST><USERNAME>stylelisticgrooves</USERNAME><DATETIME>(10:25:50 pm)</DATETIME><BODY>i can not believe that</BODY><COMMENT></COMMENT></POST>
<POST><USERNAME>stylelisticgrooves</USERNAME><DATETIME>(10:25:58 pm)</DATETIME><BODY>i am sorry for you </BODY><COMMENT></COMMENT></POST>
<POST><USERNAME>beckys_baby90</USERNAME><DATETIME>(10:26:08 pm)</DATETIME><BODY>hey whatever if ur just gonna make fun of me im gonna leave</BODY><COMMENT></COMMENT></POST>
<POST><USERNAME>stylelisticgrooves</USERNAME><DATETIME>(10:26:50 pm)</DATETIME><BODY>i am not going to make fun o fo oyu</BODY><COMMENT></COMMENT></POST>
<POST><USERNAME>beckys_baby90</USERNAME><DATETIME>(10:26:56 pm)</DATETIME><BODY>but ur laughin at me</BODY><COMMENT></COMMENT></POST>
<POST><USERNAME>beckys_baby90</USERNAME><DATETIME>(10:26:58 pm)</DATETIME><BODY></BODY><COMMENT></COMMENT></POST>
<POST><USERNAME>stylelisticgrooves</USERNAME><DATETIME>(10:27:58 pm)</DATETIME><BODY>no!!!</BODY><COMMENT></COMMENT></POST>
<POST><USERNAME>beckys_baby90</USERNAME><DATETIME>(10:28:09 pm)</DATETIME><BODY>dude i saw u</BODY><COMMENT></COMMENT></POST>
<POST><USERNAME>stylelisticgrooves</USERNAME><DATETIME>(10:28:19 pm)</DATETIME><BODY>saw mw doing ehat</BODY><COMMENT></COMMENT></POST>
<POST><USERNAME>stylelisticgrooves</USERNAME><DATETIME>(10:28:22 pm)</DATETIME><BODY>what</BODY><COMMENT></COMMENT></POST>
<POST><USERNAME>beckys_baby90</USERNAME><DATETIME>(10:28:24 pm)</DATETIME><BODY>laughin</BODY><COMMENT></COMMENT></POST>
<POST><USERNAME>stylelisticgrooves</USERNAME><DATETIME>(10:29:59 pm)</DATETIME><BODY>lauging at yoiu</BODY><COMMENT></COMMENT></POST>
<POST><USERNAME>stylelisticgrooves</USERNAME><DATETIME>(10:30:00 pm)</DATETIME><BODY>?</BODY><COMMENT></COMMENT></POST>
<POST><USERNAME>beckys_baby90</USERNAME><DATETIME>(10:30:18 pm)</DATETIME><BODY>i dunno you said u were</BODY><COMMENT></COMMENT></POST>
<POST><USERNAME>beckys_baby90</USERNAME><DATETIME>(10:30:23 pm)</DATETIME><BODY>neway wahtever</BODY><COMMENT></COMMENT></POST>
<POST><USERNAME>beckys_baby90</USERNAME><DATETIME>(10:30:33 pm)</DATETIME><BODY>i think u need to go to bed or somethin</BODY><COMMENT></COMMENT></POST>
<POST><USERNAME>beckys_baby90</USERNAME><DATETIME>(10:30:48 pm)</DATETIME><BODY>ill talk to u tomorrow ok?</BODY><COMMENT></COMMENT></POST>
<POST><USERNAME>stylelisticgrooves</USERNAME><DATETIME>(10:30:53 pm)</DATETIME><BODY>my burgerer</BODY><COMMENT></COMMENT></POST>
<POST><USERNAME>beckys_baby90</USERNAME><DATETIME>(10:31:13 pm)</DATETIME><BODY>what</BODY><COMMENT></COMMENT></POST>
<POST><USERNAME>stylelisticgrooves</USERNAME><DATETIME>(10:33:23 pm)</DATETIME><BODY>oh i see</BODY><COMMENT></COMMENT></POST>
<POST><USERNAME>stylelisticgrooves</USERNAME><DATETIME>(10:33:23 pm)</DATETIME><BODY>fine</BODY><COMMENT></COMMENT></POST>
<POST><USERNAME>stylelisticgrooves</USERNAME><DATETIME>(10:33:36 pm)</DATETIME><BODY></BODY><COMMENT></COMMENT></POST>
<POST><USERNAME>stylelisticgrooves</USERNAME><DATETIME>(10:33:42 pm)</DATETIME><BODY>lol</BODY><COMMENT></COMMENT></POST>
<POST><USERNAME>beckys_baby90</USERNAME><DATETIME>(10:33:43 pm)</DATETIME><BODY>nite ottie</BODY><COMMENT></COMMENT></POST>
<POST><USERNAME>beckys_baby90</USERNAME><DATETIME>(10:33:46 pm)</DATETIME><BODY>hottie</BODY><COMMENT></COMMENT></POST>
<POST><USERNAME>stylelisticgrooves</USERNAME><DATETIME>(10:33:55 pm)</DATETIME><BODY>ok u going to bed</BODY><COMMENT></COMMENT></POST>
<POST><USERNAME>beckys_baby90</USERNAME><DATETIME>(10:34:14 pm)</DATETIME><BODY>yah</BODY><COMMENT></COMMENT></POST>
<POST><USERNAME>stylelisticgrooves</USERNAME><DATETIME>(10:34:27 pm)</DATETIME><BODY>ok wel good night young one</BODY><COMMENT></COMMENT></POST>
<POST><USERNAME>beckys_baby90</USERNAME><DATETIME>(10:34:38 pm)</DATETIME><BODY>thx u too</BODY><COMMENT></COMMENT></POST>
<POST><USERNAME>stylelisticgrooves</USERNAME><DATETIME>(10:34:46 pm)</DATETIME><BODY>np</BODY><COMMENT></COMMENT></POST>
<POST><USERNAME></USERNAME><DATETIME></DATETIME><BODY>(thursday:)</BODY><COMMENT></COMMENT></POST>
<POST><USERNAME>stylelisticgrooves</USERNAME><DATETIME>(11:34:00 am)</DATETIME><BODY>hey there lil girl</BODY><COMMENT></COMMENT></POST>
<POST><USERNAME>stylelisticgrooves</USERNAME><DATETIME>(11:34:02 am)</DATETIME><BODY>you never called</BODY><COMMENT></COMMENT></POST>
<POST><USERNAME>beckys_baby90</USERNAME><DATETIME>(11:34:14 am)</DATETIME><BODY>yah i told u last nite i 4got</BODY><COMMENT></COMMENT></POST>
<POST><USERNAME>stylelisticgrooves</USERNAME><DATETIME>(11:34:22 am)</DATETIME><BODY>hmmm</BODY><COMMENT></COMMENT></POST>
<POST><USERNAME>beckys_baby90</USERNAME><DATETIME>(11:34:28 am)</DATETIME><BODY>do u even remember talkin to me last nite??</BODY><COMMENT></COMMENT></POST>
<POST><USERNAME>beckys_baby90</USERNAME><DATETIME>(11:34:30 am)</DATETIME><BODY>lol</BODY><COMMENT></COMMENT></POST>
<POST><USERNAME>stylelisticgrooves</USERNAME><DATETIME>(11:34:39 am)</DATETIME><BODY>what yuou did call</BODY><COMMENT></COMMENT></POST>
<POST><USERNAME>beckys_baby90</USERNAME><DATETIME>(11:34:49 am)</DATETIME><BODY>no i mean on im when u were drunk</BODY><COMMENT></COMMENT></POST>
<POST><USERNAME>stylelisticgrooves</USERNAME><DATETIME>(11:35:01 am)</DATETIME><BODY>oh no i dont remeber</BODY><COMMENT></COMMENT></POST>
<POST><USERNAME>stylelisticgrooves</USERNAME><DATETIME>(11:35:03 am)</DATETIME><BODY>damn i was drunk</BODY><COMMENT></COMMENT></POST>
<POST><USERNAME>beckys_baby90</USERNAME><DATETIME>(11:35:07 am)</DATETIME><BODY>yah u were</BODY><COMMENT></COMMENT></POST>
<POST><USERNAME>beckys_baby90</USERNAME><DATETIME>(11:35:09 am)</DATETIME><BODY>lol</BODY><COMMENT></COMMENT></POST>
<POST><USERNAME>beckys_baby90</USERNAME><DATETIME>(11:35:28 am)</DATETIME><BODY>see i knew u wouldnt member what i told u about the daddy lol</BODY><COMMENT></COMMENT></POST>
<POST><USERNAME>stylelisticgrooves</USERNAME><DATETIME>(11:35:38 am)</DATETIME><BODY>no i dont</BODY><COMMENT></COMMENT></POST>
<POST><USERNAME>beckys_baby90</USERNAME><DATETIME>(11:35:56 am)</DATETIME><BODY>do u have a hangover now</BODY><COMMENT></COMMENT></POST>
<POST><USERNAME>beckys_baby90</USERNAME><DATETIME>(11:35:57 am)</DATETIME><BODY>i would</BODY><COMMENT></COMMENT></POST>
<POST><USERNAME>stylelisticgrooves</USERNAME><DATETIME>(11:36:17 am)</DATETIME><BODY>no actually i dont</BODY><COMMENT></COMMENT></POST>
<POST><USERNAME>beckys_baby90</USERNAME><DATETIME>(11:36:25 am)</DATETIME><BODY>wow</BODY><COMMENT></COMMENT></POST>
<POST><USERNAME>beckys_baby90</USERNAME><DATETIME>(11:36:29 am)</DATETIME><BODY>id b in bed still lol</BODY><COMMENT></COMMENT></POST>
<POST><USERNAME>stylelisticgrooves</USERNAME><DATETIME>(11:36:34 am)</DATETIME><BODY>lol</BODY><COMMENT></COMMENT></POST>
<POST><USERNAME>stylelisticgrooves</USERNAME><DATETIME>(11:37:10 am)</DATETIME><BODY>so i am heading into portland this weekend</BODY><COMMENT></COMMENT></POST>
<POST><USERNAME>beckys_baby90</USERNAME><DATETIME>(11:37:18 am)</DATETIME><BODY>u mean in a couple days??</BODY><COMMENT></COMMENT></POST>
<POST><USERNAME>stylelisticgrooves</USERNAME><DATETIME>(11:37:23 am)</DATETIME><BODY>yep</BODY><COMMENT></COMMENT></POST>
<POST><USERNAME>beckys_baby90</USERNAME><DATETIME>(11:37:34 am)</DATETIME><BODY>o i thout it was next weekend</BODY><COMMENT></COMMENT></POST>
<POST><USERNAME>stylelisticgrooves</USERNAME><DATETIME>(11:37:41 am)</DATETIME><BODY>changed my miond</BODY><COMMENT></COMMENT></POST>
<POST><USERNAME>beckys_baby90</USERNAME><DATETIME>(11:37:48 am)</DATETIME><BODY>oooh cool!</BODY><COMMENT></COMMENT></POST>
<POST><USERNAME>beckys_baby90</USERNAME><DATETIME>(11:37:55 am)</DATETIME><BODY>how r u gonna get here if u cant drive</BODY><COMMENT></COMMENT></POST>
<POST><USERNAME>stylelisticgrooves</USERNAME><DATETIME>(11:38:11 am)</DATETIME><BODY>bus</BODY><COMMENT></COMMENT></POST>
<POST><USERNAME>stylelisticgrooves</USERNAME><DATETIME>(11:38:19 am)</DATETIME><BODY>maybe i sdont know i will figure something out</BODY><COMMENT></COMMENT></POST>
<POST><USERNAME>beckys_baby90</USERNAME><DATETIME>(11:38:31 am)</DATETIME><BODY>u could hitchike lol</BODY><COMMENT></COMMENT></POST>
<POST><USERNAME>stylelisticgrooves</USERNAME><DATETIME>(11:38:39 am)</DATETIME><BODY>or taxi</BODY><COMMENT></COMMENT></POST>
<POST><USERNAME>beckys_baby90</USERNAME><DATETIME>(11:38:52 am)</DATETIME><BODY>i bet thatd be alot of $ tho</BODY><COMMENT></COMMENT></POST>
<POST><USERNAME>stylelisticgrooves</USERNAME><DATETIME>(11:39:26 am)</DATETIME><BODY>i make more green than algi</BODY><COMMENT></COMMENT></POST>
<POST><USERNAME>beckys_baby90</USERNAME><DATETIME>(11:39:35 am)</DATETIME><BODY>lol what</BODY><COMMENT></COMMENT></POST>
<POST><USERNAME>beckys_baby90</USERNAME><DATETIME>(11:39:41 am)</DATETIME><BODY>u mean ur rich?</BODY><COMMENT></COMMENT></POST>
<POST><USERNAME>stylelisticgrooves</USERNAME><DATETIME>(11:39:55 am)</DATETIME><BODY>lol</BODY><COMMENT></COMMENT></POST>
<POST><USERNAME>beckys_baby90</USERNAME><DATETIME>(11:43:07 am)</DATETIME><BODY>is that a yes</BODY><COMMENT></COMMENT></POST>
<POST><USERNAME>beckys_baby90</USERNAME><DATETIME>(11:43:09 am)</DATETIME><BODY>lol</BODY><COMMENT></COMMENT></POST>
<POST><USERNAME>stylelisticgrooves</USERNAME><DATETIME>(11:44:22 am)</DATETIME><BODY>uhm maybe</BODY><COMMENT></COMMENT></POST>
<POST><USERNAME>stylelisticgrooves</USERNAME><DATETIME>(11:44:27 am)</DATETIME><BODY>i dont talk about that to much</BODY><COMMENT></COMMENT></POST>
<POST><USERNAME>beckys_baby90</USERNAME><DATETIME>(11:44:36 am)</DATETIME><BODY>o well thats cool</BODY><COMMENT></COMMENT></POST>
<POST><USERNAME>beckys_baby90</USERNAME><DATETIME>(11:44:46 am)</DATETIME><BODY>so u gotta good job then</BODY><COMMENT></COMMENT></POST>
<POST><USERNAME>stylelisticgrooves</USERNAME><DATETIME>(11:44:59 am)</DATETIME><BODY>i am halgf owner of a family business</BODY><COMMENT></COMMENT></POST>
<POST><USERNAME>beckys_baby90</USERNAME><DATETIME>(11:45:18 am)</DATETIME><BODY>o rite cuz you work with ur sister</BODY><COMMENT></COMMENT></POST>
<POST><USERNAME>stylelisticgrooves</USERNAME><DATETIME>(11:46:38 am)</DATETIME><BODY>here [see photo]</BODY><COMMENT></COMMENT></POST>
<POST><USERNAME>beckys_baby90</USERNAME><DATETIME>(11:46:58 am)</DATETIME><BODY>dang</BODY><COMMENT></COMMENT></POST>
<POST><USERNAME>stylelisticgrooves</USERNAME><DATETIME>(11:47:01 am)</DATETIME><BODY>but i am not rich</BODY><COMMENT></COMMENT></POST>
<POST><USERNAME>beckys_baby90</USERNAME><DATETIME>(11:47:09 am)</DATETIME><BODY>uh huh</BODY><COMMENT></COMMENT></POST>
<POST><USERNAME>beckys_baby90</USERNAME><DATETIME>(11:47:09 am)</DATETIME><BODY>lol</BODY><COMMENT></COMMENT></POST>
<POST><USERNAME>stylelisticgrooves</USERNAME><DATETIME>(11:47:47 am)</DATETIME><BODY>naw</BODY><COMMENT></COMMENT></POST>
<POST><USERNAME>beckys_baby90</USERNAME><DATETIME>(11:48:37 am)</DATETIME><BODY>neway i dunno if im gonna be here this weekend...</BODY><COMMENT></COMMENT></POST>
<POST><USERNAME>stylelisticgrooves</USERNAME><DATETIME>(11:48:54 am)</DATETIME><BODY>what!!!</BODY><COMMENT></COMMENT></POST>
<POST><USERNAME>stylelisticgrooves</USERNAME><DATETIME>(11:48:56 am)</DATETIME><BODY>gfine then</BODY><COMMENT></COMMENT></POST>
<POST><USERNAME>beckys_baby90</USERNAME><DATETIME>(11:49:17 am)</DATETIME><BODY>well its not u its cuz i called jerry springer last nite.. but dont laugh ok</BODY><COMMENT></COMMENT></POST>
<POST><USERNAME>stylelisticgrooves</USERNAME><DATETIME>(11:49:44 am)</DATETIME><BODY>ok</BODY><COMMENT></COMMENT></POST>
<POST><USERNAME>beckys_baby90</USERNAME><DATETIME>(11:50:14 am)</DATETIME><BODY>i told u this last nite but i gues u dont remember... my moms bfs the daddy but she doesnt know</BODY><COMMENT></COMMENT></POST>
<POST><USERNAME>beckys_baby90</USERNAME><DATETIME>(11:50:52 am)</DATETIME><BODY>neway i thought i coudl mebbe b on tv so i called the show n they want me to go to chicago</BODY><COMMENT></COMMENT></POST>
<POST><USERNAME>beckys_baby90</USERNAME><DATETIME>(11:50:57 am)</DATETIME><BODY>isnt that cool</BODY><COMMENT></COMMENT></POST>
<POST><USERNAME>stylelisticgrooves</USERNAME><DATETIME>(11:51:06 am)</DATETIME><BODY>omg</BODY><COMMENT></COMMENT></POST>
<POST><USERNAME>stylelisticgrooves</USERNAME><DATETIME>(11:51:16 am)</DATETIME><BODY>yourkids dad is your moms bf</BODY><COMMENT></COMMENT></POST>
<POST><USERNAME>stylelisticgrooves</USERNAME><DATETIME>(11:51:25 am)</DATETIME><BODY>thats fucked!!</BODY><COMMENT></COMMENT></POST>
<POST><USERNAME>beckys_baby90</USERNAME><DATETIME>(11:51:28 am)</DATETIME><BODY>well yah.. thats y i didnt tell nebody</BODY><COMMENT></COMMENT></POST>
<POST><USERNAME>stylelisticgrooves</USERNAME><DATETIME>(11:51:41 am)</DATETIME><BODY>what does your mom looklike</BODY><COMMENT></COMMENT></POST>
<POST><USERNAME>beckys_baby90</USERNAME><DATETIME>(11:52:21 am)</DATETIME><BODY>my mom.. shes hot lol.. like i dunno a few inches taller than me red hair green eyes</BODY><COMMENT>(i got mine from her)</COMMENT></POST>
<POST><USERNAME>beckys_baby90</USERNAME><DATETIME>(11:52:48 am)</DATETIME><BODY>y?</BODY><COMMENT></COMMENT></POST>
<POST><USERNAME>stylelisticgrooves</USERNAME><DATETIME>(11:52:52 am)</DATETIME><BODY>jus wondering</BODY><COMMENT></COMMENT></POST>
<POST><USERNAME>stylelisticgrooves</USERNAME><DATETIME>(11:52:58 am)</DATETIME><BODY>so your not going to be here huh</BODY><COMMENT></COMMENT></POST>
<POST><USERNAME>beckys_baby90</USERNAME><DATETIME>(11:53:15 am)</DATETIME><BODY>i dunno yet when im gonna leave</BODY><COMMENT></COMMENT></POST>
<POST><USERNAME>beckys_baby90</USERNAME><DATETIME>(11:53:32 am)</DATETIME><BODY>cuz im not in school yet so i could go during the week i guesss..</BODY><COMMENT></COMMENT></POST>
<POST><USERNAME>beckys_baby90</USERNAME><DATETIME>(11:53:42 am)</DATETIME><BODY>did u wanna meet if u come this weekend</BODY><COMMENT></COMMENT></POST>
<POST><USERNAME>stylelisticgrooves</USERNAME><DATETIME>(11:53:50 am)</DATETIME><BODY>yes i did</BODY><COMMENT></COMMENT></POST>
<POST><USERNAME>stylelisticgrooves</USERNAME><DATETIME>(11:53:55 am)</DATETIME><BODY>but if your gone</BODY><COMMENT></COMMENT></POST>
<POST><USERNAME>stylelisticgrooves</USERNAME><DATETIME>(11:53:57 am)</DATETIME><BODY>no worries</BODY><COMMENT></COMMENT></POST>
<POST><USERNAME>beckys_baby90</USERNAME><DATETIME>(11:54:41 am)</DATETIME><BODY>k well they said to call today cuz i had to talk with someone else who wasnt there last nite.. so ill c if i can go later</BODY><COMMENT></COMMENT></POST>
<POST><USERNAME>stylelisticgrooves</USERNAME><DATETIME>(11:54:55 am)</DATETIME><BODY>good</BODY><COMMENT></COMMENT></POST>
<POST><USERNAME>stylelisticgrooves</USERNAME><DATETIME>(11:55:04 am)</DATETIME><BODY>can you leave on saturday</BODY><COMMENT></COMMENT></POST>
<POST><USERNAME>beckys_baby90</USERNAME><DATETIME>(11:55:18 am)</DATETIME><BODY>prolly ill have to check.. r u gonna be here friday then</BODY><COMMENT></COMMENT></POST>
<POST><USERNAME>stylelisticgrooves</USERNAME><DATETIME>(11:55:36 am)</DATETIME><BODY>i am heading down friday</BODY><COMMENT></COMMENT></POST>
<POST><USERNAME>stylelisticgrooves</USERNAME><DATETIME>(11:55:42 am)</DATETIME><BODY>but wont be there until the evening</BODY><COMMENT></COMMENT></POST>
<POST><USERNAME>stylelisticgrooves</USERNAME><DATETIME>(11:55:47 am)</DATETIME><BODY>so saturday would be the day</BODY><COMMENT></COMMENT></POST>
<POST><USERNAME>beckys_baby90</USERNAME><DATETIME>(11:55:55 am)</DATETIME><BODY>o ok</BODY><COMMENT></COMMENT></POST>
<POST><USERNAME>beckys_baby90</USERNAME><DATETIME>(11:56:03 am)</DATETIME><BODY>ill try to leave mebbe sunday then</BODY><COMMENT></COMMENT></POST>
<POST><USERNAME>stylelisticgrooves</USERNAME><DATETIME>(11:56:11 am)</DATETIME><BODY>cool cool</BODY><COMMENT></COMMENT></POST>
<POST><USERNAME>stylelisticgrooves</USERNAME><DATETIME>(11:56:18 am)</DATETIME><BODY>you taking your mom with you</BODY><COMMENT></COMMENT></POST>
<POST><USERNAME>beckys_baby90</USERNAME><DATETIME>(11:56:43 am)</DATETIME><BODY>not yet i think they just wanna meet me first or somethin</BODY><COMMENT></COMMENT></POST>
<POST><USERNAME>beckys_baby90</USERNAME><DATETIME>(11:56:57 am)</DATETIME><BODY>but its gonna be a surprise for her</BODY><COMMENT></COMMENT></POST>
<POST><USERNAME>beckys_baby90</USERNAME><DATETIME>(11:57:01 am)</DATETIME><BODY>i hope she wont be mad</BODY><COMMENT></COMMENT></POST>
<POST><USERNAME>stylelisticgrooves</USERNAME><DATETIME>(11:57:08 am)</DATETIME><BODY>fuck ya she will be mad</BODY><COMMENT></COMMENT></POST>
<POST><USERNAME>stylelisticgrooves</USERNAME><DATETIME>(11:57:11 am)</DATETIME><BODY>lol</BODY><COMMENT></COMMENT></POST>
<POST><USERNAME>stylelisticgrooves</USERNAME><DATETIME>(11:57:23 am)</DATETIME><BODY>you are getting yourself into some shit</BODY><COMMENT></COMMENT></POST>
<POST><USERNAME>beckys_baby90</USERNAME><DATETIME>(11:57:25 am)</DATETIME><BODY>well it wasnt my fault geez</BODY><COMMENT></COMMENT></POST>
<POST><USERNAME>stylelisticgrooves</USERNAME><DATETIME>(11:58:03 am)</DATETIME><BODY>ya but making this public is going to be bad</BODY><COMMENT></COMMENT></POST>
<POST><USERNAME>beckys_baby90</USERNAME><DATETIME>(11:58:25 am)</DATETIME><BODY>well at least then every1 will know cuz im tired of keepin a secret</BODY><COMMENT></COMMENT></POST>
<POST><USERNAME>beckys_baby90</USERNAME><DATETIME>(11:58:32 am)</DATETIME><BODY>its been a loooong time</BODY><COMMENT></COMMENT></POST>
<POST><USERNAME>stylelisticgrooves</USERNAME><DATETIME>(11:58:53 am)</DATETIME><BODY>so you going to hook up with your moms bf</BODY><COMMENT></COMMENT></POST>
<POST><USERNAME>beckys_baby90</USERNAME><DATETIME>(11:59:02 am)</DATETIME><BODY>no no i dont like him</BODY><COMMENT></COMMENT></POST>
<POST><USERNAME>stylelisticgrooves</USERNAME><DATETIME>(11:59:14 am)</DATETIME><BODY>so how did this happen</BODY><COMMENT></COMMENT></POST>
<POST><USERNAME>stylelisticgrooves</USERNAME><DATETIME>(11:59:17 am)</DATETIME><BODY>was this mutual</BODY><COMMENT></COMMENT></POST>
<POST><USERNAME>beckys_baby90</USERNAME><DATETIME>(12:00:00 pm)</DATETIME><BODY>well i dunno not really.. we were drinkin mikes 1 nite when my mom went to bed n i dont really remember alot after</BODY><COMMENT></COMMENT></POST>
<POST><USERNAME>stylelisticgrooves</USERNAME><DATETIME>(12:00:20 pm)</DATETIME><BODY>so basically he raped you</BODY><COMMENT></COMMENT></POST>
<POST><USERNAME>beckys_baby90</USERNAME><DATETIME>(12:00:52 pm)</DATETIME><BODY>well i dunno i mean i dont want to get him in trouble.. i mustve wanted to i just dont remember</BODY><COMMENT></COMMENT></POST>
<POST><USERNAME>stylelisticgrooves</USERNAME><DATETIME>(12:01:07 pm)</DATETIME><BODY>damn girl</BODY><COMMENT></COMMENT></POST>
<POST><USERNAME>beckys_baby90</USERNAME><DATETIME>(12:02:04 pm)</DATETIME><BODY>i know its kinda weird.. but u still like me rite?</BODY><COMMENT></COMMENT></POST>
<POST><USERNAME>stylelisticgrooves</USERNAME><DATETIME>(12:02:04 pm)</DATETIME><BODY>yano he is going to get in trouble right?</BODY><COMMENT></COMMENT></POST>
<POST><USERNAME>stylelisticgrooves</USERNAME><DATETIME>(12:02:11 pm)</DATETIME><BODY>fuck ya i like you</BODY><COMMENT></COMMENT></POST>
<POST><USERNAME>beckys_baby90</USERNAME><DATETIME>(12:02:31 pm)</DATETIME><BODY>k good cuz i was afraid ud think i was bad or somethin</BODY><COMMENT></COMMENT></POST>
<POST><USERNAME>stylelisticgrooves</USERNAME><DATETIME>(12:02:34 pm)</DATETIME><BODY>once you open this up police will be knocking on his door</BODY><COMMENT></COMMENT></POST>
<POST><USERNAME>beckys_baby90</USERNAME><DATETIME>(12:02:54 pm)</DATETIME><BODY>u serious</BODY><COMMENT></COMMENT></POST>
<POST><USERNAME>stylelisticgrooves</USERNAME><DATETIME>(12:03:01 pm)</DATETIME><BODY>hell ya</BODY><COMMENT></COMMENT></POST>
<POST><USERNAME>stylelisticgrooves</USERNAME><DATETIME>(12:03:06 pm)</DATETIME><BODY>how old is he</BODY><COMMENT></COMMENT></POST>
<POST><USERNAME>stylelisticgrooves</USERNAME><DATETIME>(12:03:10 pm)</DATETIME><BODY>he knocked you up</BODY><COMMENT></COMMENT></POST>
<POST><USERNAME>beckys_baby90</USERNAME><DATETIME>(12:03:20 pm)</DATETIME><BODY>i dunn like 35 40</BODY><COMMENT></COMMENT></POST>
<POST><USERNAME>stylelisticgrooves</USERNAME><DATETIME>(12:03:31 pm)</DATETIME><BODY>ewwww he is soooo fucked</BODY><COMMENT></COMMENT></POST>
<POST><USERNAME>stylelisticgrooves</USERNAME><DATETIME>(12:03:39 pm)</DATETIME><BODY>i would beat his ass if i could!!!</BODY><COMMENT></COMMENT></POST>
<POST><USERNAME>beckys_baby90</USERNAME><DATETIME>(12:03:58 pm)</DATETIME><BODY>well sorry there gonna be gone saturday lol</BODY><COMMENT></COMMENT></POST>
<POST><USERNAME>stylelisticgrooves</USERNAME><DATETIME>(12:04:08 pm)</DATETIME><BODY>good</BODY><COMMENT></COMMENT></POST>
<POST><USERNAME>stylelisticgrooves</USERNAME><DATETIME>(12:04:15 pm)</DATETIME><BODY>so you cant get pregnant again huh</BODY><COMMENT></COMMENT></POST>
<POST><USERNAME>stylelisticgrooves</USERNAME><DATETIME>(12:04:24 pm)</DATETIME><BODY>since your already preg now</BODY><COMMENT></COMMENT></POST>
<POST><USERNAME>beckys_baby90</USERNAME><DATETIME>(12:04:35 pm)</DATETIME><BODY>lol yah well not til oct i guess</BODY><COMMENT></COMMENT></POST>
<POST><USERNAME>stylelisticgrooves</USERNAME><DATETIME>(12:04:41 pm)</DATETIME><BODY>hmmmm</BODY><COMMENT></COMMENT></POST>
<POST><USERNAME>beckys_baby90</USERNAME><DATETIME>(12:04:52 pm)</DATETIME><BODY>what hmmmmmmmm</BODY><COMMENT></COMMENT></POST>
<POST><USERNAME>beckys_baby90</USERNAME><DATETIME>(12:04:53 pm)</DATETIME><BODY>lol</BODY><COMMENT></COMMENT></POST>
<POST><USERNAME>stylelisticgrooves</USERNAME><DATETIME>(12:05:36 pm)</DATETIME><BODY>hehehehe nothing</BODY><COMMENT></COMMENT></POST>
<POST><USERNAME>beckys_baby90</USERNAME><DATETIME>(12:05:44 pm)</DATETIME><BODY>lol lier</BODY><COMMENT></COMMENT></POST>
<POST><USERNAME>stylelisticgrooves</USERNAME><DATETIME>(12:06:55 pm)</DATETIME><BODY>i am jus a horny bastard thinking about having sex with a cute 14 yr old girl lol</BODY><COMMENT></COMMENT></POST>
<POST><USERNAME>beckys_baby90</USERNAME><DATETIME>(12:07:11 pm)</DATETIME><BODY>lol well thinkins bad</BODY><COMMENT></COMMENT></POST>
<POST><USERNAME>stylelisticgrooves</USERNAME><DATETIME>(12:07:20 pm)</DATETIME><BODY>bnad?</BODY><COMMENT></COMMENT></POST>
<POST><USERNAME>stylelisticgrooves</USERNAME><DATETIME>(12:07:25 pm)</DATETIME><BODY>so you want to</BODY><COMMENT></COMMENT></POST>
<POST><USERNAME>stylelisticgrooves</USERNAME><DATETIME>(12:07:33 pm)</DATETIME><BODY>grrrrrrr</BODY><COMMENT></COMMENT></POST>
<POST><USERNAME>beckys_baby90</USERNAME><DATETIME>(12:07:46 pm)</DATETIME><BODY>want to what</BODY><COMMENT></COMMENT></POST>
<POST><USERNAME>stylelisticgrooves</USERNAME><DATETIME>(12:08:02 pm)</DATETIME><BODY>have sex with me girl lol</BODY><COMMENT></COMMENT></POST>
<POST><USERNAME>beckys_baby90</USERNAME><DATETIME>(12:08:12 pm)</DATETIME><BODY>lol well duh i thought i already said yes</BODY><COMMENT></COMMENT></POST>
<POST><USERNAME>stylelisticgrooves</USERNAME><DATETIME>(12:08:18 pm)</DATETIME><BODY>lol</BODY><COMMENT></COMMENT></POST>
<POST><USERNAME>stylelisticgrooves</USERNAME><DATETIME>(12:08:21 pm)</DATETIME><BODY>i know i know</BODY><COMMENT></COMMENT></POST>
<POST><USERNAME>beckys_baby90</USERNAME><DATETIME>(12:08:52 pm)</DATETIME><BODY>cool well im gonna go eat lunch n then call those ppl back</BODY><COMMENT></COMMENT></POST>
<POST><USERNAME>stylelisticgrooves</USERNAME><DATETIME>(12:09:02 pm)</DATETIME><BODY>ok get a hold of me</BODY><COMMENT></COMMENT></POST>
<POST><USERNAME>beckys_baby90</USERNAME><DATETIME>(12:09:18 pm)</DATETIME><BODY>k i will i got ur #s n stuff if i dont get back online</BODY><COMMENT></COMMENT></POST>
<POST><USERNAME>stylelisticgrooves</USERNAME><DATETIME>(12:09:31 pm)</DATETIME><BODY>call my cell love</BODY><COMMENT></COMMENT></POST>
<POST><USERNAME>beckys_baby90</USERNAME><DATETIME>(12:09:37 pm)</DATETIME><BODY>k i will</BODY><COMMENT></COMMENT></POST>
<POST><USERNAME>beckys_baby90</USERNAME><DATETIME>(12:09:42 pm)</DATETIME><BODY>ttyl royce!</BODY><COMMENT></COMMENT></POST>
<POST><USERNAME>stylelisticgrooves</USERNAME><DATETIME>(12:09:46 pm)</DATETIME><BODY>bye</BODY><COMMENT></COMMENT></POST>
<POST><USERNAME>stylelisticgrooves</USERNAME><DATETIME>(12:09:51 pm)</DATETIME><BODY>becky!!</BODY><COMMENT></COMMENT></POST>
<POST><USERNAME>stylelisticgrooves</USERNAME><DATETIME>(12:09:55 pm)</DATETIME><BODY>muah!!</BODY><COMMENT></COMMENT></POST>
<POST><USERNAME>beckys_baby90</USERNAME><DATETIME>(12:09:59 pm)</DATETIME><BODY>lol bye</BODY><COMMENT></COMMENT></POST>
<POST><USERNAME>stylelisticgrooves</USERNAME><DATETIME>(12:09:59 pm)</DATETIME><BODY></BODY><COMMENT></COMMENT></POST>
<POST><USERNAME>beckys_baby90</USERNAME><DATETIME>(12:10:02 pm)</DATETIME><BODY>aww thx</BODY><COMMENT></COMMENT></POST>
<POST><USERNAME>stylelisticgrooves</USERNAME><DATETIME>(12:10:08 pm)</DATETIME><BODY>no problem</BODY><COMMENT></COMMENT></POST>
<POST><USERNAME></USERNAME><DATETIME></DATETIME><BODY></BODY><COMMENT></COMMENT></POST>
</data>