<data>
<POST><USERNAME>thedude420xxx</USERNAME><DATETIME>01/21/08  1:03:54 AM</DATETIME><BODY>whats up 24/m/kzoo here, how about you?</BODY><COMMENT></COMMENT></POST>
<POST><USERNAME>Decoy name</USERNAME><DATETIME>(01/21/08  1:04:52 AM)</DATETIME><BODY>hi</BODY><COMMENT></COMMENT></POST>
<POST><USERNAME>Decoy name</USERNAME><DATETIME>01/21/08  1:04:56 AM</DATETIME><BODY>13 f mi</BODY><COMMENT>Age stated.</COMMENT></POST>
<POST><USERNAME>thedude420xxx</USERNAME><DATETIME>01/21/08  1:05:27 AM</DATETIME><BODY>wow youre young</BODY><COMMENT>Yes, she is.</COMMENT></POST>
<POST><USERNAME>Decoy name</USERNAME><DATETIME>01/21/08  1:05:41 AM</DATETIME><BODY>so?</BODY><COMMENT></COMMENT></POST>
<POST><USERNAME>thedude420xxx</USERNAME><DATETIME>01/21/08  1:05:53 AM</DATETIME><BODY>so</BODY><COMMENT></COMMENT></POST>
<POST><USERNAME>thedude420xxx</USERNAME><DATETIME>01/21/08  1:06:41 AM</DATETIME><BODY>what are you doin up so late</BODY><COMMENT></COMMENT></POST>
<POST><USERNAME>Decoy name</USERNAME><DATETIME>01/21/08  1:08:08 AM</DATETIME><BODY>no school tomorrow</BODY><COMMENT></COMMENT></POST>
<POST><USERNAME>thedude420xxx</USERNAME><DATETIME>01/21/08  1:08:33 AM</DATETIME><BODY>so</BODY><COMMENT></COMMENT></POST>
<POST><USERNAME>Decoy name</USERNAME><DATETIME>01/21/08  1:09:27 AM</DATETIME><BODY>so?</BODY><COMMENT></COMMENT></POST>
<POST><USERNAME>thedude420xxx</USERNAME><DATETIME>01/21/08  1:10:03 AM</DATETIME><BODY>alright</BODY><COMMENT></COMMENT></POST>
<POST><USERNAME>thedude420xxx</USERNAME><DATETIME>01/21/08  1:16:53 AM</DATETIME><BODY>pics or cam?</BODY><COMMENT></COMMENT></POST>
<POST><USERNAME>Decoy name</USERNAME><DATETIME>01/21/08  1:17:36 AM</DATETIME><BODY>hi</BODY><COMMENT></COMMENT></POST>
<POST><USERNAME>Decoy name</USERNAME><DATETIME>01/21/08  1:17:41 AM</DATETIME><BODY>i have some pics</BODY><COMMENT></COMMENT></POST>
<POST><USERNAME>Decoy name</USERNAME><DATETIME>01/21/08  1:17:47 AM</DATETIME><BODY>asl?</BODY><COMMENT></COMMENT></POST>
<POST><USERNAME>thedude420xxx</USERNAME><DATETIME>01/21/08  1:17:56 AM</DATETIME><BODY>24/m</BODY><COMMENT></COMMENT></POST>
<POST><USERNAME>thedude420xxx</USERNAME><DATETIME>01/21/08  1:18:24 AM</DATETIME><BODY>kalamazoo</BODY><COMMENT></COMMENT></POST>
<POST><USERNAME>Decoy name</USERNAME><DATETIME>01/21/08  1:18:31 AM</DATETIME><BODY>lol sorry</BODY><COMMENT></COMMENT></POST>
<POST><USERNAME>Decoy name</USERNAME><DATETIME>01/21/08  1:18:36 AM</DATETIME><BODY>you im me before</BODY><COMMENT>Lots of IMs at the same time.</COMMENT></POST>
<POST><USERNAME>thedude420xxx</USERNAME><DATETIME>01/21/08  1:19:02 AM</DATETIME><BODY>yeah sorry</BODY><COMMENT></COMMENT></POST>
<POST><USERNAME>Decoy name</USERNAME><DATETIME>01/21/08  1:19:04 AM</DATETIME><BODY>that you in the pic?</BODY><COMMENT></COMMENT></POST>
<POST><USERNAME>thedude420xxx</USERNAME><DATETIME>01/21/08  1:19:11 AM</DATETIME><BODY>yeah</BODY><COMMENT></COMMENT></POST>
<POST><USERNAME>Decoy name</USERNAME><DATETIME>01/21/08  1:19:14 AM</DATETIME><BODY>cute</BODY><COMMENT></COMMENT></POST>
<POST><USERNAME>thedude420xxx</USERNAME><DATETIME>01/21/08  1:19:38 AM</DATETIME><BODY>thanks</BODY><COMMENT></COMMENT></POST>
<POST><USERNAME>thedude420xxx</USERNAME><DATETIME>01/21/08  1:20:16 AM</DATETIME><BODY>could i see yours?</BODY><COMMENT></COMMENT></POST>
<POST><USERNAME>thedude420xxx</USERNAME><DATETIME>01/21/08  1:25:03 AM</DATETIME><BODY>not bad</BODY><COMMENT></COMMENT></POST>
<POST><USERNAME>Decoy name</USERNAME><DATETIME>01/21/08  1:25:26 AM</DATETIME><BODY>thanks</BODY><COMMENT></COMMENT></POST>
<POST><USERNAME>thedude420xxx</USERNAME><DATETIME>01/21/08  1:25:35 AM</DATETIME><BODY>yup</BODY><COMMENT></COMMENT></POST>
<POST><USERNAME>thedude420xxx</USERNAME><DATETIME>01/21/08  1:26:28 AM</DATETIME><BODY>any others or is that it?</BODY><COMMENT></COMMENT></POST>
<POST><USERNAME>thedude420xxx</USERNAME><DATETIME>01/21/08  1:27:54 AM</DATETIME><BODY>none showin skin</BODY><COMMENT></COMMENT></POST>
<POST><USERNAME>Decoy name</USERNAME><DATETIME>01/21/08  1:28:00 AM</DATETIME><BODY>no</BODY><COMMENT></COMMENT></POST>
<POST><USERNAME>Decoy name</USERNAME><DATETIME>01/21/08  1:28:03 AM</DATETIME><BODY>why?</BODY><COMMENT></COMMENT></POST>
<POST><USERNAME>thedude420xxx</USERNAME><DATETIME>01/21/08  1:28:27 AM</DATETIME><BODY>why what?</BODY><COMMENT></COMMENT></POST>
<POST><USERNAME>Decoy name</USERNAME><DATETIME>01/21/08  1:28:40 AM</DATETIME><BODY>why you asking about that kind of pic?</BODY><COMMENT></COMMENT></POST>
<POST><USERNAME>thedude420xxx</USERNAME><DATETIME>01/21/08  1:29:16 AM</DATETIME><BODY>no reason</BODY><COMMENT></COMMENT></POST>
<POST><USERNAME>Decoy name</USERNAME><DATETIME>01/21/08  1:29:57 AM</DATETIME><BODY>oh</BODY><COMMENT></COMMENT></POST>
<POST><USERNAME>thedude420xxx</USERNAME><DATETIME>01/21/08  1:30:25 AM</DATETIME><BODY>k</BODY><COMMENT></COMMENT></POST>
<POST><USERNAME>thedude420xxx</USERNAME><DATETIME>01/21/08  1:33:58 AM</DATETIME><BODY>just curious</BODY><COMMENT></COMMENT></POST>
<POST><USERNAME>Decoy name</USERNAME><DATETIME>01/21/08  1:34:39 AM</DATETIME><BODY>ok</BODY><COMMENT></COMMENT></POST>
<POST><USERNAME>Decoy name</USERNAME><DATETIME>01/21/08  1:34:46 AM</DATETIME><BODY>no i dont have that kind of pic</BODY><COMMENT></COMMENT></POST>
<POST><USERNAME>Decoy name</USERNAME><DATETIME>01/21/08  1:34:50 AM</DATETIME><BODY>do you?</BODY><COMMENT></COMMENT></POST>
<POST><USERNAME>thedude420xxx</USERNAME><DATETIME>01/21/08  1:34:50 AM</DATETIME><BODY>ok</BODY><COMMENT></COMMENT></POST>
<POST><USERNAME>thedude420xxx</USERNAME><DATETIME>01/21/08  1:34:59 AM</DATETIME><BODY>why?</BODY><COMMENT></COMMENT></POST>
<POST><USERNAME>Decoy name</USERNAME><DATETIME>01/21/08  1:35:41 AM</DATETIME><BODY>just asking</BODY><COMMENT></COMMENT></POST>
<POST><USERNAME>thedude420xxx</USERNAME><DATETIME>01/21/08  1:35:54 AM</DATETIME><BODY>youre too young to look at that stuff</BODY><COMMENT></COMMENT></POST>
<POST><USERNAME>Decoy name</USERNAME><DATETIME>01/21/08  1:36:10 AM</DATETIME><BODY>im not a baby</BODY><COMMENT></COMMENT></POST>
<POST><USERNAME>Decoy name</USERNAME><DATETIME>01/21/08  1:36:17 AM</DATETIME><BODY>i know what they look like</BODY><COMMENT></COMMENT></POST>
<POST><USERNAME>thedude420xxx</USERNAME><DATETIME>01/21/08  1:36:19 AM</DATETIME><BODY>how?</BODY><COMMENT></COMMENT></POST>
<POST><USERNAME>Decoy name</USERNAME><DATETIME>01/21/08  1:37:30 AM</DATETIME><BODY>ive seen a naked guy before</BODY><COMMENT></COMMENT></POST>
<POST><USERNAME>thedude420xxx</USERNAME><DATETIME>01/21/08  1:38:00 AM</DATETIME><BODY>how?</BODY><COMMENT></COMMENT></POST>
<POST><USERNAME>Decoy name</USERNAME><DATETIME>01/21/08  1:38:42 AM</DATETIME><BODY>i saw my old bf</BODY><COMMENT></COMMENT></POST>
<POST><USERNAME>thedude420xxx</USERNAME><DATETIME>01/21/08  1:38:55 AM</DATETIME><BODY>whatd yo udo w/ him?</BODY><COMMENT></COMMENT></POST>
<POST><USERNAME>Decoy name</USERNAME><DATETIME>01/21/08  1:40:00 AM</DATETIME><BODY>had sex did oral</BODY><COMMENT></COMMENT></POST>
<POST><USERNAME>Decoy name</USERNAME><DATETIME>01/21/08  1:40:03 AM</DATETIME><BODY>why?</BODY><COMMENT></COMMENT></POST>
<POST><USERNAME>thedude420xxx</USERNAME><DATETIME>01/21/08  1:40:23 AM</DATETIME><BODY>you like giving oral?</BODY><COMMENT></COMMENT></POST>
<POST><USERNAME>Decoy name</USERNAME><DATETIME>01/21/08  1:40:49 AM</DATETIME><BODY>yea it is ok</BODY><COMMENT></COMMENT></POST>
<POST><USERNAME>thedude420xxx</USERNAME><DATETIME>01/21/08  1:41:05 AM</DATETIME><BODY>right on, did you swallow?</BODY><COMMENT>Pervs always ask this.</COMMENT></POST>
<POST><USERNAME>Decoy name</USERNAME><DATETIME>01/21/08  1:41:21 AM</DATETIME><BODY>a couple times</BODY><COMMENT></COMMENT></POST>
<POST><USERNAME>Decoy name</USERNAME><DATETIME>01/21/08  1:42:30 AM</DATETIME><BODY>why?</BODY><COMMENT></COMMENT></POST>
<POST><USERNAME>thedude420xxx</USERNAME><DATETIME>01/21/08  1:43:48 AM</DATETIME><BODY>just curious</BODY><COMMENT></COMMENT></POST>
<POST><USERNAME>Decoy name</USERNAME><DATETIME>01/21/08  1:43:57 AM</DATETIME><BODY>ok</BODY><COMMENT></COMMENT></POST>
<POST><USERNAME>thedude420xxx</USERNAME><DATETIME>01/21/08  1:44:10 AM</DATETIME><BODY>how many times you fuck him</BODY><COMMENT></COMMENT></POST>
<POST><USERNAME>Decoy name</USERNAME><DATETIME>01/21/08  1:44:16 AM</DATETIME><BODY>i dont know</BODY><COMMENT></COMMENT></POST>
<POST><USERNAME>Decoy name</USERNAME><DATETIME>01/21/08  1:44:18 AM</DATETIME><BODY>lots</BODY><COMMENT></COMMENT></POST>
<POST><USERNAME>Decoy name</USERNAME><DATETIME>01/21/08  1:44:21 AM</DATETIME><BODY>he liked it</BODY><COMMENT></COMMENT></POST>
<POST><USERNAME>thedude420xxx</USERNAME><DATETIME>01/21/08  1:44:29 AM</DATETIME><BODY>you didnt?</BODY><COMMENT></COMMENT></POST>
<POST><USERNAME>Decoy name</USERNAME><DATETIME>01/21/08  1:44:35 AM</DATETIME><BODY>yea it was ok</BODY><COMMENT></COMMENT></POST>
<POST><USERNAME>Decoy name</USERNAME><DATETIME>01/21/08  1:44:45 AM</DATETIME><BODY>can i add you?</BODY><COMMENT></COMMENT></POST>
<POST><USERNAME>thedude420xxx</USERNAME><DATETIME>01/21/08  1:45:07 AM</DATETIME><BODY>why?</BODY><COMMENT></COMMENT></POST>
<POST><USERNAME>Decoy name</USERNAME><DATETIME>01/21/08  1:45:16 AM</DATETIME><BODY>i dont know</BODY><COMMENT></COMMENT></POST>
<POST><USERNAME>Decoy name</USERNAME><DATETIME>01/21/08  1:45:22 AM</DATETIME><BODY>i dont have very many friends here</BODY><COMMENT></COMMENT></POST>
<POST><USERNAME>thedude420xxx</USERNAME><DATETIME>01/21/08  1:45:43 AM</DATETIME><BODY>where you from?</BODY><COMMENT></COMMENT></POST>
<POST><USERNAME>Decoy name</USERNAME><DATETIME>01/21/08  1:45:59 AM</DATETIME><BODY>i lived in illinois before</BODY><COMMENT></COMMENT></POST>
<POST><USERNAME>thedude420xxx</USERNAME><DATETIME>01/21/08  1:46:22 AM</DATETIME><BODY>where in MI are you?</BODY><COMMENT></COMMENT></POST>
<POST><USERNAME>Decoy name</USERNAME><DATETIME>01/21/08  1:46:28 AM</DATETIME><BODY>near detroit</BODY><COMMENT></COMMENT></POST>
<POST><USERNAME>thedude420xxx</USERNAME><DATETIME>01/21/08  1:46:34 AM</DATETIME><BODY>too far</BODY><COMMENT></COMMENT></POST>
<POST><USERNAME>Decoy name</USERNAME><DATETIME>01/21/08  1:46:49 AM</DATETIME><BODY>oh</BODY><COMMENT></COMMENT></POST>
<POST><USERNAME>thedude420xxx</USERNAME><DATETIME>01/21/08  1:46:59 AM</DATETIME><BODY>sorry</BODY><COMMENT></COMMENT></POST>
<POST><USERNAME>Decoy name</USERNAME><DATETIME>01/21/08  1:47:12 AM</DATETIME><BODY>whatever</BODY><COMMENT></COMMENT></POST>
<POST><USERNAME>thedude420xxx</USERNAME><DATETIME>01/21/08  2:16:26 AM</DATETIME><BODY>so you like cock</BODY><COMMENT></COMMENT></POST>
<POST><USERNAME>Decoy name</USERNAME><DATETIME>01/21/08  2:16:46 AM</DATETIME><BODY>i guess</BODY><COMMENT></COMMENT></POST>
<POST><USERNAME>Decoy name</USERNAME><DATETIME>01/21/08  2:16:48 AM</DATETIME><BODY>why?</BODY><COMMENT></COMMENT></POST>
<POST><USERNAME>thedude420xxx</USERNAME><DATETIME>01/21/08  2:16:54 AM</DATETIME><BODY>jw</BODY><COMMENT></COMMENT></POST>
<POST><USERNAME>Decoy name</USERNAME><DATETIME>01/21/08  2:18:24 AM</DATETIME><BODY>can i add you or not?</BODY><COMMENT></COMMENT></POST>
<POST><USERNAME>thedude420xxx</USERNAME><DATETIME>01/21/08  2:18:46 AM</DATETIME><BODY>you should take naked pics</BODY><COMMENT>He is asking a 13 year old for naked pics.</COMMENT></POST>
<POST><USERNAME>Decoy name</USERNAME><DATETIME>01/21/08  2:18:56 AM</DATETIME><BODY>why?</BODY><COMMENT></COMMENT></POST>
<POST><USERNAME>Decoy name</USERNAME><DATETIME>01/21/08  2:19:03 AM</DATETIME><BODY>i dont have my own camera</BODY><COMMENT></COMMENT></POST>
<POST><USERNAME>Decoy name</USERNAME><DATETIME>01/21/08  2:19:17 AM</DATETIME><BODY>you have pics like that?</BODY><COMMENT></COMMENT></POST>
<POST><USERNAME>thedude420xxx</USERNAME><DATETIME>01/21/08  2:19:57 AM</DATETIME><BODY>maybe</BODY><COMMENT></COMMENT></POST>
<POST><USERNAME>Decoy name</USERNAME><DATETIME>01/21/08  2:24:07 AM</DATETIME><BODY>maybe?</BODY><COMMENT></COMMENT></POST>
<POST><USERNAME>thedude420xxx</USERNAME><DATETIME>01/21/08  2:25:15 AM</DATETIME><BODY>maybe</BODY><COMMENT></COMMENT></POST>
<POST><USERNAME>thedude420xxx</USERNAME><DATETIME>01/21/08  2:27:41 AM</DATETIME><BODY>what if i do</BODY><COMMENT></COMMENT></POST>
<POST><USERNAME>Decoy name</USERNAME><DATETIME>01/21/08  2:27:47 AM</DATETIME><BODY>i dont know</BODY><COMMENT></COMMENT></POST>
<POST><USERNAME>thedude420xxx</USERNAME><DATETIME>01/21/08  2:28:03 AM</DATETIME><BODY>ok</BODY><COMMENT></COMMENT></POST>
<POST><USERNAME>Decoy name</USERNAME><DATETIME>01/21/08  2:29:04 AM</DATETIME><BODY>what are you doing now?</BODY><COMMENT></COMMENT></POST>
<POST><USERNAME>thedude420xxx</USERNAME><DATETIME>01/21/08  2:29:25 AM</DATETIME><BODY>nothing, what are you doin?</BODY><COMMENT></COMMENT></POST>
<POST><USERNAME>Decoy name</USERNAME><DATETIME>01/21/08  2:29:29 AM</DATETIME><BODY>nothing</BODY><COMMENT></COMMENT></POST>
<POST><USERNAME>thedude420xxx</USERNAME><DATETIME>01/21/08  2:29:47 AM</DATETIME><BODY>cool</BODY><COMMENT></COMMENT></POST>
<POST><USERNAME>Decoy name</USERNAME><DATETIME>01/21/08  2:33:35 AM</DATETIME><BODY>what are you thinkg about?</BODY><COMMENT></COMMENT></POST>
<POST><USERNAME>thedude420xxx</USERNAME><DATETIME>01/21/08  2:33:47 AM</DATETIME><BODY>what are you thinkin about?</BODY><COMMENT></COMMENT></POST>
<POST><USERNAME>Decoy name</USERNAME><DATETIME>01/21/08  2:34:04 AM</DATETIME><BODY>pics of you lol</BODY><COMMENT></COMMENT></POST>
<POST><USERNAME>thedude420xxx</USERNAME><DATETIME>01/21/08  2:34:49 AM</DATETIME><BODY>what are you wearin?</BODY><COMMENT></COMMENT></POST>
<POST><USERNAME>Decoy name</USERNAME><DATETIME>01/21/08  2:35:33 AM</DATETIME><BODY>pajama pants and a tshirt</BODY><COMMENT></COMMENT></POST>
<POST><USERNAME>thedude420xxx</USERNAME><DATETIME>01/21/08  2:35:58 AM</DATETIME><BODY>do you masterbate?</BODY><COMMENT>Ugh.</COMMENT></POST>
<POST><USERNAME>Decoy name</USERNAME><DATETIME>01/21/08  2:36:04 AM</DATETIME><BODY>no</BODY><COMMENT></COMMENT></POST>
<POST><USERNAME>Decoy name</USERNAME><DATETIME>01/21/08  2:36:06 AM</DATETIME><BODY>why?</BODY><COMMENT></COMMENT></POST>
<POST><USERNAME>Decoy name</USERNAME><DATETIME>01/21/08  2:36:20 AM</DATETIME><BODY>i thought only guys do that</BODY><COMMENT></COMMENT></POST>
<POST><USERNAME>thedude420xxx</USERNAME><DATETIME>01/21/08  2:37:17 AM</DATETIME><BODY>you were mistaken</BODY><COMMENT></COMMENT></POST>
<POST><USERNAME>Decoy name</USERNAME><DATETIME>01/21/08  2:37:30 AM</DATETIME><BODY>ok</BODY><COMMENT></COMMENT></POST>
<POST><USERNAME>thedude420xxx</USERNAME><DATETIME>01/21/08  2:38:07 AM</DATETIME><BODY>girls finger their pussies</BODY><COMMENT></COMMENT></POST>
<POST><USERNAME>Decoy name</USERNAME><DATETIME>01/21/08  2:38:12 AM</DATETIME><BODY>ok</BODY><COMMENT></COMMENT></POST>
<POST><USERNAME>thedude420xxx</USERNAME><DATETIME>01/21/08  2:38:18 AM</DATETIME><BODY>you should try it</BODY><COMMENT></COMMENT></POST>
<POST><USERNAME>Decoy name</USERNAME><DATETIME>01/21/08  2:38:29 AM</DATETIME><BODY>maybe some time</BODY><COMMENT></COMMENT></POST>
<POST><USERNAME>thedude420xxx</USERNAME><DATETIME>01/21/08  2:38:43 AM</DATETIME><BODY>you like lookin at cocks</BODY><COMMENT></COMMENT></POST>
<POST><USERNAME>Decoy name</USERNAME><DATETIME>01/21/08  2:39:17 AM</DATETIME><BODY>i only saw one</BODY><COMMENT></COMMENT></POST>
<POST><USERNAME>thedude420xxx</USERNAME><DATETIME>01/21/08  2:39:31 AM</DATETIME><BODY>how big was it?</BODY><COMMENT></COMMENT></POST>
<POST><USERNAME>Decoy name</USERNAME><DATETIME>01/21/08  2:39:40 AM</DATETIME><BODY>not real big</BODY><COMMENT></COMMENT></POST>
<POST><USERNAME>thedude420xxx</USERNAME><DATETIME>01/21/08  2:39:55 AM</DATETIME><BODY>did he even cum?</BODY><COMMENT></COMMENT></POST>
<POST><USERNAME>Decoy name</USERNAME><DATETIME>01/21/08  2:40:08 AM</DATETIME><BODY>yea</BODY><COMMENT></COMMENT></POST>
<POST><USERNAME>Decoy name</USERNAME><DATETIME>01/21/08  2:40:13 AM</DATETIME><BODY>he used a condom</BODY><COMMENT></COMMENT></POST>
<POST><USERNAME>thedude420xxx</USERNAME><DATETIME>01/21/08  2:40:26 AM</DATETIME><BODY>even in your mouth?</BODY><COMMENT></COMMENT></POST>
<POST><USERNAME>Decoy name</USERNAME><DATETIME>01/21/08  2:40:38 AM</DATETIME><BODY>no not there</BODY><COMMENT></COMMENT></POST>
<POST><USERNAME>thedude420xxx</USERNAME><DATETIME>01/21/08  2:40:49 AM</DATETIME><BODY>did you like the taste of cum</BODY><COMMENT></COMMENT></POST>
<POST><USERNAME>Decoy name</USERNAME><DATETIME>01/21/08  2:40:59 AM</DATETIME><BODY>it was ok</BODY><COMMENT></COMMENT></POST>
<POST><USERNAME>thedude420xxx</USERNAME><DATETIME>01/21/08  2:41:30 AM</DATETIME><BODY>what was your fav. position to get fucked</BODY><COMMENT></COMMENT></POST>
<POST><USERNAME>Decoy name</USERNAME><DATETIME>01/21/08  2:41:49 AM</DATETIME><BODY>i only did it with him on top</BODY><COMMENT></COMMENT></POST>
<POST><USERNAME>thedude420xxx</USERNAME><DATETIME>01/21/08  2:42:00 AM</DATETIME><BODY>i c</BODY><COMMENT></COMMENT></POST>
<POST><USERNAME>Decoy name</USERNAME><DATETIME>01/21/08  2:43:44 AM</DATETIME><BODY>why?</BODY><COMMENT></COMMENT></POST>
<POST><USERNAME>thedude420xxx</USERNAME><DATETIME>01/21/08  2:44:25 AM</DATETIME><BODY>curious</BODY><COMMENT></COMMENT></POST>
<POST><USERNAME>Decoy name</USERNAME><DATETIME>01/21/08  2:44:46 AM</DATETIME><BODY>ok</BODY><COMMENT></COMMENT></POST>
<POST><USERNAME>thedude420xxx</USERNAME><DATETIME>01/21/08  2:45:06 AM</DATETIME><BODY>ok</BODY><COMMENT></COMMENT></POST>
<POST><USERNAME>Decoy name</USERNAME><DATETIME>01/21/08  2:46:22 AM</DATETIME><BODY>whats yours?</BODY><COMMENT></COMMENT></POST>
<POST><USERNAME>thedude420xxx</USERNAME><DATETIME>01/21/08  2:46:50 AM</DATETIME><BODY>girl on top, or doggy</BODY><COMMENT></COMMENT></POST>
<POST><USERNAME>Decoy name</USERNAME><DATETIME>01/21/08  2:47:14 AM</DATETIME><BODY>ok</BODY><COMMENT></COMMENT></POST>
<POST><USERNAME>Decoy name</USERNAME><DATETIME>01/21/08  2:47:18 AM</DATETIME><BODY>never did that</BODY><COMMENT></COMMENT></POST>
<POST><USERNAME>thedude420xxx</USERNAME><DATETIME>01/21/08  2:47:35 AM</DATETIME><BODY>i c</BODY><COMMENT></COMMENT></POST>
<POST><USERNAME>thedude420xxx</USERNAME><DATETIME>01/21/08  2:50:09 AM</DATETIME><BODY>should try it</BODY><COMMENT></COMMENT></POST>
<POST><USERNAME>Decoy name</USERNAME><DATETIME>01/21/08  2:50:21 AM</DATETIME><BODY>why?</BODY><COMMENT></COMMENT></POST>
<POST><USERNAME>thedude420xxx</USERNAME><DATETIME>01/21/08  2:50:34 AM</DATETIME><BODY>cuz their fun</BODY><COMMENT></COMMENT></POST>
<POST><USERNAME>Decoy name</USERNAME><DATETIME>01/21/08  2:51:28 AM</DATETIME><BODY>ok</BODY><COMMENT></COMMENT></POST>
<POST><USERNAME>thedude420xxx</USERNAME><DATETIME>01/21/08  2:51:50 AM</DATETIME><BODY>ok</BODY><COMMENT></COMMENT></POST>
<POST><USERNAME>Decoy name</USERNAME><DATETIME>01/21/08  2:53:49 AM</DATETIME><BODY>:D</BODY><COMMENT></COMMENT></POST>
<POST><USERNAME>thedude420xxx</USERNAME><DATETIME>01/21/08  2:54:28 AM</DATETIME><BODY>what?</BODY><COMMENT></COMMENT></POST>
<POST><USERNAME>Decoy name</USERNAME><DATETIME>01/21/08  2:54:54 AM</DATETIME><BODY>nothing</BODY><COMMENT></COMMENT></POST>
<POST><USERNAME>thedude420xxx</USERNAME><DATETIME>01/21/08  2:55:14 AM</DATETIME><BODY>have you rubbed your pussy yet</BODY><COMMENT></COMMENT></POST>
<POST><USERNAME>Decoy name</USERNAME><DATETIME>01/21/08  2:55:31 AM</DATETIME><BODY>no</BODY><COMMENT></COMMENT></POST>
<POST><USERNAME>thedude420xxx</USERNAME><DATETIME>01/21/08  2:55:45 AM</DATETIME><BODY>should</BODY><COMMENT></COMMENT></POST>
<POST><USERNAME>Decoy name</USERNAME><DATETIME>01/21/08  2:56:22 AM</DATETIME><BODY>why?</BODY><COMMENT></COMMENT></POST>
<POST><USERNAME>Decoy name</USERNAME><DATETIME>01/21/08  2:56:26 AM</DATETIME><BODY>are you doing that?</BODY><COMMENT></COMMENT></POST>
<POST><USERNAME>thedude420xxx</USERNAME><DATETIME>01/21/08  2:56:48 AM</DATETIME><BODY>no</BODY><COMMENT></COMMENT></POST>
<POST><USERNAME>Decoy name</USERNAME><DATETIME>01/21/08  2:58:17 AM</DATETIME><BODY>ok</BODY><COMMENT></COMMENT></POST>
<POST><USERNAME>thedude420xxx</USERNAME><DATETIME>01/21/08  2:58:34 AM</DATETIME><BODY>got nothing to work w/</BODY><COMMENT></COMMENT></POST>
<POST><USERNAME>Decoy name</USERNAME><DATETIME>01/21/08  2:58:58 AM</DATETIME><BODY>?</BODY><COMMENT></COMMENT></POST>
<POST><USERNAME>thedude420xxx</USERNAME><DATETIME>01/21/08  2:59:22 AM</DATETIME><BODY>sorry</BODY><COMMENT></COMMENT></POST>
<POST><USERNAME>Decoy name</USERNAME><DATETIME>01/21/08  3:00:21 AM</DATETIME><BODY>what?</BODY><COMMENT></COMMENT></POST>
<POST><USERNAME>thedude420xxx</USERNAME><DATETIME>01/21/08  3:00:35 AM</DATETIME><BODY>that im not doin that</BODY><COMMENT></COMMENT></POST>
<POST><USERNAME>Decoy name</USERNAME><DATETIME>01/21/08  3:00:49 AM</DATETIME><BODY>oh</BODY><COMMENT></COMMENT></POST>
<POST><USERNAME>Decoy name</USERNAME><DATETIME>01/21/08  3:02:49 AM</DATETIME><BODY>so you have any other pics?</BODY><COMMENT></COMMENT></POST>
<POST><USERNAME>thedude420xxx</USERNAME><DATETIME>01/21/08  3:03:17 AM</DATETIME><BODY>just 1</BODY><COMMENT></COMMENT></POST>
<POST><USERNAME>Decoy name</USERNAME><DATETIME>01/21/08  3:03:56 AM</DATETIME><BODY>oh</BODY><COMMENT></COMMENT></POST>
<POST><USERNAME>thedude420xxx</USERNAME><DATETIME>01/21/08  3:04:52 AM</DATETIME><BODY>yup</BODY><COMMENT></COMMENT></POST>
<POST><USERNAME>thedude420xxx</USERNAME><DATETIME>01/21/08  3:05:09 AM</DATETIME><BODY>youre too young to see it though</BODY><COMMENT></COMMENT></POST>
<POST><USERNAME>Decoy name</USERNAME><DATETIME>01/21/08  3:05:14 AM</DATETIME><BODY>why?</BODY><COMMENT></COMMENT></POST>
<POST><USERNAME>thedude420xxx</USERNAME><DATETIME>01/21/08  3:05:25 AM</DATETIME><BODY>cuz its my cock</BODY><COMMENT></COMMENT></POST>
<POST><USERNAME>Decoy name</USERNAME><DATETIME>01/21/08  3:05:50 AM</DATETIME><BODY>i have seen one before</BODY><COMMENT></COMMENT></POST>
<POST><USERNAME>Decoy name</USERNAME><DATETIME>01/21/08  3:07:48 AM</DATETIME><BODY>omg its big</BODY><COMMENT></COMMENT></POST>
<POST><USERNAME>Decoy name</USERNAME><DATETIME>01/21/08  3:07:53 AM</DATETIME><BODY>is that really you?</BODY><COMMENT></COMMENT></POST>
<POST><USERNAME>thedude420xxx</USERNAME><DATETIME>01/21/08  3:08:05 AM</DATETIME><BODY>yeah</BODY><COMMENT></COMMENT></POST>
<POST><USERNAME>Decoy name</USERNAME><DATETIME>01/21/08  3:08:22 AM</DATETIME><BODY>wow</BODY><COMMENT></COMMENT></POST>
<POST><USERNAME>thedude420xxx</USERNAME><DATETIME>01/21/08  3:08:44 AM</DATETIME><BODY>ok</BODY><COMMENT></COMMENT></POST>
<POST><USERNAME>thedude420xxx</USERNAME><DATETIME>01/21/08  3:09:03 AM</DATETIME><BODY>now rub your pussy</BODY><COMMENT>He is trying to get her to cyber.</COMMENT></POST>
<POST><USERNAME>Decoy name</USERNAME><DATETIME>01/21/08  3:09:08 AM</DATETIME><BODY>lol</BODY><COMMENT></COMMENT></POST>
<POST><USERNAME>thedude420xxx</USERNAME><DATETIME>01/21/08  3:09:34 AM</DATETIME><BODY>seriously</BODY><COMMENT></COMMENT></POST>
<POST><USERNAME>Decoy name</USERNAME><DATETIME>01/21/08  3:09:47 AM</DATETIME><BODY>why?</BODY><COMMENT></COMMENT></POST>
<POST><USERNAME>thedude420xxx</USERNAME><DATETIME>01/21/08  3:10:05 AM</DATETIME><BODY>why not?</BODY><COMMENT></COMMENT></POST>
<POST><USERNAME>Decoy name</USERNAME><DATETIME>01/21/08  3:10:29 AM</DATETIME><BODY>feels weird when i touch myself</BODY><COMMENT></COMMENT></POST>
<POST><USERNAME>thedude420xxx</USERNAME><DATETIME>01/21/08  3:10:53 AM</DATETIME><BODY>thought you never did it</BODY><COMMENT></COMMENT></POST>
<POST><USERNAME>Decoy name</USERNAME><DATETIME>01/21/08  3:11:37 AM</DATETIME><BODY>i did one time</BODY><COMMENT></COMMENT></POST>
<POST><USERNAME>Decoy name</USERNAME><DATETIME>01/21/08  3:11:40 AM</DATETIME><BODY>it was weird</BODY><COMMENT></COMMENT></POST>
<POST><USERNAME>thedude420xxx</USERNAME><DATETIME>01/21/08  3:11:58 AM</DATETIME><BODY>fine</BODY><COMMENT></COMMENT></POST>
<POST><USERNAME>Decoy name</USERNAME><DATETIME>01/21/08  3:17:43 AM</DATETIME><BODY>:D</BODY><COMMENT></COMMENT></POST>
<POST><USERNAME>thedude420xxx</USERNAME><DATETIME>01/21/08  3:17:59 AM</DATETIME><BODY>what?</BODY><COMMENT></COMMENT></POST>
<POST><USERNAME>thedude420xxx</USERNAME><DATETIME>01/21/08  3:18:02 AM</DATETIME><BODY>so would you suck that?</BODY><COMMENT></COMMENT></POST>
<POST><USERNAME>Decoy name</USERNAME><DATETIME>01/21/08  3:18:12 AM</DATETIME><BODY>if you wanted me to i would</BODY><COMMENT></COMMENT></POST>
<POST><USERNAME>Decoy name</USERNAME><DATETIME>01/21/08  3:18:16 AM</DATETIME><BODY>big</BODY><COMMENT></COMMENT></POST>
<POST><USERNAME>Decoy name</USERNAME><DATETIME>01/21/08  3:18:23 AM</DATETIME><BODY>lol</BODY><COMMENT></COMMENT></POST>
<POST><USERNAME>Decoy name</USERNAME><DATETIME>01/21/08  3:18:27 AM</DATETIME><BODY>i dont know if it would fit</BODY><COMMENT></COMMENT></POST>
<POST><USERNAME>thedude420xxx</USERNAME><DATETIME>01/21/08  3:18:40 AM</DATETIME><BODY>i c</BODY><COMMENT></COMMENT></POST>
<POST><USERNAME>thedude420xxx</USERNAME><DATETIME>01/21/08  3:18:55 AM</DATETIME><BODY>would you suck anybodies cock who wanted you to?</BODY><COMMENT></COMMENT></POST>
<POST><USERNAME>Decoy name</USERNAME><DATETIME>01/21/08  3:19:35 AM</DATETIME><BODY>no not anybody</BODY><COMMENT></COMMENT></POST>
<POST><USERNAME>Decoy name</USERNAME><DATETIME>01/21/08  3:19:47 AM</DATETIME><BODY>they would have to be nice</BODY><COMMENT></COMMENT></POST>
<POST><USERNAME>Decoy name</USERNAME><DATETIME>01/21/08  3:19:52 AM</DATETIME><BODY>and cute</BODY><COMMENT></COMMENT></POST>
<POST><USERNAME>thedude420xxx</USERNAME><DATETIME>01/21/08  3:19:58 AM</DATETIME><BODY>ok</BODY><COMMENT></COMMENT></POST>
<POST><USERNAME>Decoy name</USERNAME><DATETIME>01/21/08  3:20:07 AM</DATETIME><BODY>why?</BODY><COMMENT></COMMENT></POST>
<POST><USERNAME>thedude420xxx</USERNAME><DATETIME>01/21/08  3:20:39 AM</DATETIME><BODY>why what?</BODY><COMMENT></COMMENT></POST>
<POST><USERNAME>Decoy name</USERNAME><DATETIME>01/21/08  3:21:15 AM</DATETIME><BODY>why did you ask?</BODY><COMMENT></COMMENT></POST>
<POST><USERNAME>thedude420xxx</USERNAME><DATETIME>01/21/08  3:22:23 AM</DATETIME><BODY>just wondering</BODY><COMMENT></COMMENT></POST>
<POST><USERNAME>Decoy name</USERNAME><DATETIME>01/21/08  3:22:29 AM</DATETIME><BODY>ok</BODY><COMMENT></COMMENT></POST>
<POST><USERNAME>Decoy name</USERNAME><DATETIME>01/21/08  3:22:36 AM</DATETIME><BODY>im not a slut</BODY><COMMENT></COMMENT></POST>
<POST><USERNAME>thedude420xxx</USERNAME><DATETIME>01/21/08  3:22:50 AM</DATETIME><BODY>didnt think you were</BODY><COMMENT></COMMENT></POST>
<POST><USERNAME>Decoy name</USERNAME><DATETIME>01/21/08  3:24:29 AM</DATETIME><BODY>ok</BODY><COMMENT></COMMENT></POST>
<POST><USERNAME>thedude420xxx</USERNAME><DATETIME>01/21/08  3:24:40 AM</DATETIME><BODY>ok</BODY><COMMENT></COMMENT></POST>
<POST><USERNAME>thedude420xxx</USERNAME><DATETIME>01/21/08  3:28:36 AM</DATETIME><BODY>what are you doin?</BODY><COMMENT></COMMENT></POST>
<POST><USERNAME>Decoy name</USERNAME><DATETIME>01/21/08  3:28:46 AM</DATETIME><BODY>looking at your pic</BODY><COMMENT></COMMENT></POST>
<POST><USERNAME>Decoy name</USERNAME><DATETIME>01/21/08  3:28:47 AM</DATETIME><BODY>:D</BODY><COMMENT></COMMENT></POST>
<POST><USERNAME>thedude420xxx</USERNAME><DATETIME>01/21/08  3:29:00 AM</DATETIME><BODY>still</BODY><COMMENT></COMMENT></POST>
<POST><USERNAME>Decoy name</USERNAME><DATETIME>01/21/08  3:29:09 AM</DATETIME><BODY>yea</BODY><COMMENT></COMMENT></POST>
<POST><USERNAME>thedude420xxx</USERNAME><DATETIME>01/21/08  3:29:26 AM</DATETIME><BODY>what kind of panties you wear?</BODY><COMMENT></COMMENT></POST>
<POST><USERNAME>Decoy name</USERNAME><DATETIME>01/21/08  3:29:36 AM</DATETIME><BODY>bikini</BODY><COMMENT></COMMENT></POST>
<POST><USERNAME>Decoy name</USERNAME><DATETIME>01/21/08  3:29:40 AM</DATETIME><BODY>blue</BODY><COMMENT></COMMENT></POST>
<POST><USERNAME>thedude420xxx</USERNAME><DATETIME>01/21/08  3:29:55 AM</DATETIME><BODY>always bikini?</BODY><COMMENT></COMMENT></POST>
<POST><USERNAME>Decoy name</USERNAME><DATETIME>01/21/08  3:30:14 AM</DATETIME><BODY>yea</BODY><COMMENT></COMMENT></POST>
<POST><USERNAME>thedude420xxx</USERNAME><DATETIME>01/21/08  3:30:21 AM</DATETIME><BODY>ok</BODY><COMMENT></COMMENT></POST>
<POST><USERNAME>thedude420xxx</USERNAME><DATETIME>01/21/08  3:37:39 AM</DATETIME><BODY>should get some thongs</BODY><COMMENT>13 year old girls do not need thongs.</COMMENT></POST>
<POST><USERNAME>Decoy name</USERNAME><DATETIME>01/21/08  3:37:54 AM</DATETIME><BODY>why?</BODY><COMMENT></COMMENT></POST>
<POST><USERNAME>thedude420xxx</USERNAME><DATETIME>01/21/08  3:38:03 AM</DATETIME><BODY>guys like em</BODY><COMMENT></COMMENT></POST>
<POST><USERNAME>Decoy name</USERNAME><DATETIME>01/21/08  3:38:20 AM</DATETIME><BODY>ok</BODY><COMMENT></COMMENT></POST>
<POST><USERNAME>Decoy name</USERNAME><DATETIME>01/21/08  3:38:36 AM</DATETIME><BODY>maybe i get some for my birthday</BODY><COMMENT></COMMENT></POST>
<POST><USERNAME>thedude420xxx</USERNAME><DATETIME>01/21/08  3:38:42 AM</DATETIME><BODY>ok</BODY><COMMENT></COMMENT></POST>
<POST><USERNAME>thedude420xxx</USERNAME><DATETIME>01/21/08  3:40:52 AM</DATETIME><BODY>sitll lookin?</BODY><COMMENT></COMMENT></POST>
<POST><USERNAME>Decoy name</USERNAME><DATETIME>01/21/08  3:41:22 AM</DATETIME><BODY>oh yea</BODY><COMMENT></COMMENT></POST>
<POST><USERNAME>thedude420xxx</USERNAME><DATETIME>01/21/08  3:41:50 AM</DATETIME><BODY>whats fun in lookin if youre not masterbating</BODY><COMMENT></COMMENT></POST>
<POST><USERNAME>Decoy name</USERNAME><DATETIME>01/21/08  3:41:55 AM</DATETIME><BODY>lol</BODY><COMMENT></COMMENT></POST>
<POST><USERNAME>thedude420xxx</USERNAME><DATETIME>01/21/08  3:42:05 AM</DATETIME><BODY>seriously</BODY><COMMENT></COMMENT></POST>
<POST><USERNAME>Decoy name</USERNAME><DATETIME>01/21/08  3:42:11 AM</DATETIME><BODY>i dont know</BODY><COMMENT></COMMENT></POST>
<POST><USERNAME>Decoy name</USERNAME><DATETIME>01/21/08  3:42:15 AM</DATETIME><BODY>i like looking at it</BODY><COMMENT></COMMENT></POST>
<POST><USERNAME>thedude420xxx</USERNAME><DATETIME>01/21/08  3:42:21 AM</DATETIME><BODY>rub your pussy</BODY><COMMENT>Still trying to get her to cyber.</COMMENT></POST>
<POST><USERNAME>Decoy name</USERNAME><DATETIME>01/21/08  3:42:22 AM</DATETIME><BODY>looks big</BODY><COMMENT></COMMENT></POST>
<POST><USERNAME>thedude420xxx</USERNAME><DATETIME>01/21/08  3:42:52 AM</DATETIME><BODY>stick a finger in it</BODY><COMMENT></COMMENT></POST>
<POST><USERNAME>Decoy name</USERNAME><DATETIME>01/21/08  3:43:11 AM</DATETIME><BODY>why?</BODY><COMMENT></COMMENT></POST>
<POST><USERNAME>thedude420xxx</USERNAME><DATETIME>01/21/08  3:43:24 AM</DATETIME><BODY>cuz i want you to</BODY><COMMENT></COMMENT></POST>
<POST><USERNAME>Decoy name</USERNAME><DATETIME>01/21/08  3:43:24 AM</DATETIME><BODY>what are you doing?</BODY><COMMENT></COMMENT></POST>
<POST><USERNAME>thedude420xxx</USERNAME><DATETIME>01/21/08  3:44:00 AM</DATETIME><BODY>masterbating</BODY><COMMENT>Ew.</COMMENT></POST>
<POST><USERNAME>Decoy name</USERNAME><DATETIME>01/21/08  3:44:05 AM</DATETIME><BODY>for real?</BODY><COMMENT></COMMENT></POST>
<POST><USERNAME>thedude420xxx</USERNAME><DATETIME>01/21/08  3:44:15 AM</DATETIME><BODY>yup</BODY><COMMENT></COMMENT></POST>
<POST><USERNAME>thedude420xxx</USERNAME><DATETIME>01/21/08  3:44:18 AM</DATETIME><BODY>so do it</BODY><COMMENT></COMMENT></POST>
<POST><USERNAME>thedude420xxx</USERNAME><DATETIME>01/21/08  3:47:27 AM</DATETIME><BODY>did you do it?</BODY><COMMENT></COMMENT></POST>
<POST><USERNAME>Decoy name</USERNAME><DATETIME>01/21/08  3:47:37 AM</DATETIME><BODY>i did it feels weird</BODY><COMMENT></COMMENT></POST>
<POST><USERNAME>thedude420xxx</USERNAME><DATETIME>01/21/08  3:47:48 AM</DATETIME><BODY>it feels good</BODY><COMMENT></COMMENT></POST>
<POST><USERNAME>Decoy name</USERNAME><DATETIME>01/21/08  3:47:49 AM</DATETIME><BODY>i dont like touching me</BODY><COMMENT></COMMENT></POST>
<POST><USERNAME>thedude420xxx</USERNAME><DATETIME>01/21/08  3:48:07 AM</DATETIME><BODY>fine</BODY><COMMENT></COMMENT></POST>
<POST><USERNAME>thedude420xxx</USERNAME><DATETIME>01/21/08  4:03:17 AM</DATETIME><BODY>damn stop lookin</BODY><COMMENT></COMMENT></POST>
<POST><USERNAME>Decoy name</USERNAME><DATETIME>01/21/08  4:04:21 AM</DATETIME><BODY>why?</BODY><COMMENT></COMMENT></POST>
<POST><USERNAME>Decoy name</USERNAME><DATETIME>01/21/08  4:04:24 AM</DATETIME><BODY>i like looking</BODY><COMMENT></COMMENT></POST>
<POST><USERNAME>Decoy name</USERNAME><DATETIME>01/21/08  4:04:25 AM</DATETIME><BODY>lol</BODY><COMMENT></COMMENT></POST>
<POST><USERNAME>Decoy name</USERNAME><DATETIME>01/21/08  4:04:34 AM</DATETIME><BODY>:-P</BODY><COMMENT></COMMENT></POST>
<POST><USERNAME>thedude420xxx</USERNAME><DATETIME>01/21/08  4:04:57 AM</DATETIME><BODY>why</BODY><COMMENT></COMMENT></POST>
<POST><USERNAME>Decoy name</USERNAME><DATETIME>01/21/08  4:06:18 AM</DATETIME><BODY>i just do</BODY><COMMENT></COMMENT></POST>
<POST><USERNAME>Decoy name</USERNAME><DATETIME>01/21/08  4:06:30 AM</DATETIME><BODY>never seen one that big</BODY><COMMENT></COMMENT></POST>
<POST><USERNAME>thedude420xxx</USERNAME><DATETIME>01/21/08  4:06:31 AM</DATETIME><BODY>ok</BODY><COMMENT></COMMENT></POST>
<POST><USERNAME>Decoy name</USERNAME><DATETIME>01/21/08  4:12:03 AM</DATETIME><BODY>i guess i should go to bed</BODY><COMMENT></COMMENT></POST>
<POST><USERNAME>thedude420xxx</USERNAME><DATETIME>01/21/08  4:12:38 AM</DATETIME><BODY>ok</BODY><COMMENT></COMMENT></POST>
<POST><USERNAME>Decoy name</USERNAME><DATETIME>01/21/08  4:13:14 AM</DATETIME><BODY>talk to you later</BODY><COMMENT></COMMENT></POST>
<POST><USERNAME>Decoy name</USERNAME><DATETIME>01/21/08  4:13:16 AM</DATETIME><BODY>:D</BODY><COMMENT></COMMENT></POST>
<POST><USERNAME>thedude420xxx</USERNAME><DATETIME>01/21/08  4:13:20 AM</DATETIME><BODY>nite</BODY><COMMENT></COMMENT></POST>
<POST><USERNAME>Decoy name</USERNAME><DATETIME>01/21/08  4:13:21 AM</DATETIME><BODY>night</BODY><COMMENT></COMMENT></POST>
<POST><USERNAME>thedude420xxx</USERNAME><DATETIME>02/22/08 12:58:51 AM</DATETIME><BODY>who are you?</BODY><COMMENT></COMMENT></POST>
<POST><USERNAME>Decoy name</USERNAME><DATETIME>02/22/08 12:59:31 AM</DATETIME><BODY>im * kid name *</BODY><COMMENT></COMMENT></POST>
<POST><USERNAME>Decoy name</USERNAME><DATETIME>02/22/08 12:59:35 AM</DATETIME><BODY>who are you?</BODY><COMMENT></COMMENT></POST>
<POST><USERNAME>thedude420xxx</USERNAME><DATETIME>02/22/08  1:00:09 AM</DATETIME><BODY>i dunno you sent me an IM</BODY><COMMENT></COMMENT></POST>
<POST><USERNAME>thedude420xxx</USERNAME><DATETIME>02/22/08  1:00:12 AM</DATETIME><BODY>asl?</BODY><COMMENT></COMMENT></POST>
<POST><USERNAME>Decoy name</USERNAME><DATETIME>02/22/08  1:00:29 AM</DATETIME><BODY>your on my friends list</BODY><COMMENT></COMMENT></POST>
<POST><USERNAME>Decoy name</USERNAME><DATETIME>02/22/08  1:00:33 AM</DATETIME><BODY>13 f mi</BODY><COMMENT></COMMENT></POST>
<POST><USERNAME>Decoy name</USERNAME><DATETIME>02/22/08  1:00:36 AM</DATETIME><BODY>you?</BODY><COMMENT></COMMENT></POST>
<POST><USERNAME>thedude420xxx</USERNAME><DATETIME>02/22/08  1:00:37 AM</DATETIME><BODY>whos your friend?</BODY><COMMENT></COMMENT></POST>
<POST><USERNAME>thedude420xxx</USERNAME><DATETIME>02/22/08  1:00:42 AM</DATETIME><BODY>24/m/mi</BODY><COMMENT></COMMENT></POST>
<POST><USERNAME>thedude420xxx</USERNAME><DATETIME>02/22/08  1:00:47 AM</DATETIME><BODY>what are you doin up so late?</BODY><COMMENT></COMMENT></POST>
<POST><USERNAME>Decoy name</USERNAME><DATETIME>02/22/08  1:00:47 AM</DATETIME><BODY>you added me</BODY><COMMENT></COMMENT></POST>
<POST><USERNAME>Decoy name</USERNAME><DATETIME>02/22/08  1:01:13 AM</DATETIME><BODY>what are you a cop or something?</BODY><COMMENT></COMMENT></POST>
<POST><USERNAME>thedude420xxx</USERNAME><DATETIME>02/22/08  1:01:24 AM</DATETIME><BODY>fuck no</BODY><COMMENT></COMMENT></POST>
<POST><USERNAME>Decoy name</USERNAME><DATETIME>02/22/08  1:01:25 AM</DATETIME><BODY>im not a baby and there is no school tomorrow</BODY><COMMENT></COMMENT></POST>
<POST><USERNAME>thedude420xxx</USERNAME><DATETIME>02/22/08  1:01:37 AM</DATETIME><BODY>didnt know that</BODY><COMMENT></COMMENT></POST>
<POST><USERNAME>thedude420xxx</USERNAME><DATETIME>02/22/08  1:01:41 AM</DATETIME><BODY>cam or pics?</BODY><COMMENT></COMMENT></POST>
<POST><USERNAME>Decoy name</USERNAME><DATETIME>02/22/08  1:01:55 AM</DATETIME><BODY>i have some pics</BODY><COMMENT></COMMENT></POST>
<POST><USERNAME>thedude420xxx</USERNAME><DATETIME>02/22/08  1:02:25 AM</DATETIME><BODY>can i see?</BODY><COMMENT></COMMENT></POST>
<POST><USERNAME>thedude420xxx</USERNAME><DATETIME>02/22/08  1:05:05 AM</DATETIME><BODY>hold on there still all blury</BODY><COMMENT></COMMENT></POST>
<POST><USERNAME>Decoy name</USERNAME><DATETIME>02/22/08  1:05:11 AM</DATETIME><BODY>ok</BODY><COMMENT></COMMENT></POST>
<POST><USERNAME>thedude420xxx</USERNAME><DATETIME>02/22/08  1:05:23 AM</DATETIME><BODY>what do you do for fun?</BODY><COMMENT></COMMENT></POST>
<POST><USERNAME>Decoy name</USERNAME><DATETIME>02/22/08  1:05:49 AM</DATETIME><BODY>listen to music</BODY><COMMENT></COMMENT></POST>
<POST><USERNAME>Decoy name</USERNAME><DATETIME>02/22/08  1:05:52 AM</DATETIME><BODY>hang out</BODY><COMMENT></COMMENT></POST>
<POST><USERNAME>Decoy name</USERNAME><DATETIME>02/22/08  1:05:54 AM</DATETIME><BODY>chat</BODY><COMMENT></COMMENT></POST>
<POST><USERNAME>Decoy name</USERNAME><DATETIME>02/22/08  1:05:56 AM</DATETIME><BODY>you?</BODY><COMMENT></COMMENT></POST>
<POST><USERNAME>thedude420xxx</USERNAME><DATETIME>02/22/08  1:06:15 AM</DATETIME><BODY>music, video games, read, chill, drink, smoke</BODY><COMMENT></COMMENT></POST>
<POST><USERNAME>Decoy name</USERNAME><DATETIME>02/22/08  1:09:22 AM</DATETIME><BODY>k</BODY><COMMENT></COMMENT></POST>
<POST><USERNAME>thedude420xxx</USERNAME><DATETIME>02/22/08  1:09:40 AM</DATETIME><BODY>single or b/f?</BODY><COMMENT></COMMENT></POST>
<POST><USERNAME>Decoy name</USERNAME><DATETIME>02/22/08  1:10:09 AM</DATETIME><BODY>single</BODY><COMMENT></COMMENT></POST>
<POST><USERNAME>Decoy name</USERNAME><DATETIME>02/22/08  1:10:11 AM</DATETIME><BODY>you?</BODY><COMMENT></COMMENT></POST>
<POST><USERNAME>thedude420xxx</USERNAME><DATETIME>02/22/08  1:10:41 AM</DATETIME><BODY>same</BODY><COMMENT></COMMENT></POST>
<POST><USERNAME>thedude420xxx</USERNAME><DATETIME>02/22/08  1:12:56 AM</DATETIME><BODY>virgin?</BODY><COMMENT>I hate this question.</COMMENT></POST>
<POST><USERNAME>Decoy name</USERNAME><DATETIME>02/22/08  1:13:10 AM</DATETIME><BODY>no</BODY><COMMENT></COMMENT></POST>
<POST><USERNAME>Decoy name</USERNAME><DATETIME>02/22/08  1:13:12 AM</DATETIME><BODY>you?</BODY><COMMENT></COMMENT></POST>
<POST><USERNAME>thedude420xxx</USERNAME><DATETIME>02/22/08  1:13:21 AM</DATETIME><BODY>nope</BODY><COMMENT></COMMENT></POST>
<POST><USERNAME>thedude420xxx</USERNAME><DATETIME>02/22/08  1:14:04 AM</DATETIME><BODY>big fan of sex</BODY><COMMENT>I wonder how he feels about that now.</COMMENT></POST>
<POST><USERNAME>Decoy name</USERNAME><DATETIME>02/22/08  1:14:13 AM</DATETIME><BODY>lol</BODY><COMMENT></COMMENT></POST>
<POST><USERNAME>thedude420xxx</USERNAME><DATETIME>02/22/08  1:14:13 AM</DATETIME><BODY>thought you might be too young though</BODY><COMMENT>But, it hasnt stopped him from talking.</COMMENT></POST>
<POST><USERNAME>Decoy name</USERNAME><DATETIME>02/22/08  1:14:18 AM</DATETIME><BODY>not a baby</BODY><COMMENT></COMMENT></POST>
<POST><USERNAME>thedude420xxx</USERNAME><DATETIME>02/22/08  1:14:40 AM</DATETIME><BODY>you like to give head?</BODY><COMMENT></COMMENT></POST>
<POST><USERNAME>Decoy name</USERNAME><DATETIME>02/22/08  1:14:49 AM</DATETIME><BODY>yea its ok</BODY><COMMENT></COMMENT></POST>
<POST><USERNAME>thedude420xxx</USERNAME><DATETIME>02/22/08  1:15:08 AM</DATETIME><BODY>do you swallow?</BODY><COMMENT></COMMENT></POST>
<POST><USERNAME>Decoy name</USERNAME><DATETIME>02/22/08  1:15:49 AM</DATETIME><BODY>i did before</BODY><COMMENT></COMMENT></POST>
<POST><USERNAME>thedude420xxx</USERNAME><DATETIME>02/22/08  1:16:06 AM</DATETIME><BODY>so since youre not a baby how many guys have you fucked?</BODY><COMMENT></COMMENT></POST>
<POST><USERNAME>Decoy name</USERNAME><DATETIME>02/22/08  1:16:20 AM</DATETIME><BODY>just one</BODY><COMMENT></COMMENT></POST>
<POST><USERNAME>thedude420xxx</USERNAME><DATETIME>02/22/08  1:16:33 AM</DATETIME><BODY>was he your bf?</BODY><COMMENT></COMMENT></POST>
<POST><USERNAME>Decoy name</USERNAME><DATETIME>02/22/08  1:16:37 AM</DATETIME><BODY>yea</BODY><COMMENT></COMMENT></POST>
<POST><USERNAME>thedude420xxx</USERNAME><DATETIME>02/22/08  1:16:45 AM</DATETIME><BODY>ok</BODY><COMMENT></COMMENT></POST>
<POST><USERNAME>thedude420xxx</USERNAME><DATETIME>02/22/08  1:16:49 AM</DATETIME><BODY>how old was he?</BODY><COMMENT></COMMENT></POST>
<POST><USERNAME>Decoy name</USERNAME><DATETIME>02/22/08  1:17:26 AM</DATETIME><BODY>17</BODY><COMMENT></COMMENT></POST>
<POST><USERNAME>thedude420xxx</USERNAME><DATETIME>02/22/08  1:17:39 AM</DATETIME><BODY>did you like it</BODY><COMMENT></COMMENT></POST>
<POST><USERNAME>Decoy name</USERNAME><DATETIME>02/22/08  1:17:53 AM</DATETIME><BODY>yea</BODY><COMMENT></COMMENT></POST>
<POST><USERNAME>thedude420xxx</USERNAME><DATETIME>02/22/08  1:18:00 AM</DATETIME><BODY>what position?</BODY><COMMENT></COMMENT></POST>
<POST><USERNAME>thedude420xxx</USERNAME><DATETIME>02/22/08  1:18:24 AM</DATETIME><BODY>are these the only pics ya got?</BODY><COMMENT></COMMENT></POST>
<POST><USERNAME>Decoy name</USERNAME><DATETIME>02/22/08  1:18:50 AM</DATETIME><BODY>i have a few more</BODY><COMMENT></COMMENT></POST>
<POST><USERNAME>thedude420xxx</USERNAME><DATETIME>02/22/08  1:19:08 AM</DATETIME><BODY>any showing off the body?</BODY><COMMENT></COMMENT></POST>
<POST><USERNAME>Decoy name</USERNAME><DATETIME>02/22/08  1:19:38 AM</DATETIME><BODY>not really</BODY><COMMENT></COMMENT></POST>
<POST><USERNAME>Decoy name</USERNAME><DATETIME>02/22/08  1:19:45 AM</DATETIME><BODY>you have any pics?</BODY><COMMENT></COMMENT></POST>
<POST><USERNAME>thedude420xxx</USERNAME><DATETIME>02/22/08  1:19:59 AM</DATETIME><BODY>just the one in my box</BODY><COMMENT></COMMENT></POST>
<POST><USERNAME>Decoy name</USERNAME><DATETIME>02/22/08  1:20:34 AM</DATETIME><BODY>i dont see one there</BODY><COMMENT></COMMENT></POST>
<POST><USERNAME>thedude420xxx</USERNAME><DATETIME>02/22/08  1:21:23 AM</DATETIME><BODY>there ya go</BODY><COMMENT></COMMENT></POST>
<POST><USERNAME>Decoy name</USERNAME><DATETIME>02/22/08  1:21:30 AM</DATETIME><BODY>cute</BODY><COMMENT></COMMENT></POST>
<POST><USERNAME>thedude420xxx</USERNAME><DATETIME>02/22/08  1:22:05 AM</DATETIME><BODY>thanks</BODY><COMMENT></COMMENT></POST>
<POST><USERNAME>thedude420xxx</USERNAME><DATETIME>02/22/08  1:22:23 AM</DATETIME><BODY>i got one other but you cant get that for another 5 years</BODY><COMMENT></COMMENT></POST>
<POST><USERNAME>Decoy name</USERNAME><DATETIME>02/22/08  1:22:28 AM</DATETIME><BODY>why?</BODY><COMMENT></COMMENT></POST>
<POST><USERNAME>thedude420xxx</USERNAME><DATETIME>02/22/08  1:22:48 AM</DATETIME><BODY>cuz</BODY><COMMENT></COMMENT></POST>
<POST><USERNAME>thedude420xxx</USERNAME><DATETIME>02/22/08  1:24:03 AM</DATETIME><BODY>got nothing to trade for it</BODY><COMMENT></COMMENT></POST>
<POST><USERNAME>Decoy name</USERNAME><DATETIME>02/22/08  1:24:56 AM</DATETIME><BODY>:(</BODY><COMMENT></COMMENT></POST>
<POST><USERNAME>Decoy name</USERNAME><DATETIME>02/22/08  1:25:03 AM</DATETIME><BODY>like what?</BODY><COMMENT></COMMENT></POST>
<POST><USERNAME>thedude420xxx</USERNAME><DATETIME>02/22/08  1:25:48 AM</DATETIME><BODY>that type of pic</BODY><COMMENT></COMMENT></POST>
<POST><USERNAME>Decoy name</USERNAME><DATETIME>02/22/08  1:26:51 AM</DATETIME><BODY>what type?</BODY><COMMENT></COMMENT></POST>
<POST><USERNAME>thedude420xxx</USERNAME><DATETIME>02/22/08  1:27:00 AM</DATETIME><BODY>dont worry about it</BODY><COMMENT></COMMENT></POST>
<POST><USERNAME>Decoy name</USERNAME><DATETIME>02/22/08  1:27:39 AM</DATETIME><BODY>i think you showed me before</BODY><COMMENT></COMMENT></POST>
<POST><USERNAME>thedude420xxx</USERNAME><DATETIME>02/22/08  1:28:05 AM</DATETIME><BODY>whtad i show you?</BODY><COMMENT></COMMENT></POST>
<POST><USERNAME>Decoy name</USERNAME><DATETIME>02/22/08  1:29:03 AM</DATETIME><BODY>a pic of you</BODY><COMMENT></COMMENT></POST>
<POST><USERNAME>thedude420xxx</USERNAME><DATETIME>02/22/08  1:29:19 AM</DATETIME><BODY>what about me?</BODY><COMMENT></COMMENT></POST>
<POST><USERNAME>Decoy name</USERNAME><DATETIME>02/22/08  1:29:38 AM</DATETIME><BODY>naked you</BODY><COMMENT></COMMENT></POST>
<POST><USERNAME>thedude420xxx</USERNAME><DATETIME>02/22/08  1:30:05 AM</DATETIME><BODY>ok then, so you really dont need to see it</BODY><COMMENT></COMMENT></POST>
<POST><USERNAME>Decoy name</USERNAME><DATETIME>02/22/08  1:30:17 AM</DATETIME><BODY>i guess not</BODY><COMMENT></COMMENT></POST>
<POST><USERNAME>thedude420xxx</USERNAME><DATETIME>02/22/08  1:30:55 AM</DATETIME><BODY>do you like lookin at guys cocks</BODY><COMMENT></COMMENT></POST>
<POST><USERNAME>Decoy name</USERNAME><DATETIME>02/22/08  1:31:31 AM</DATETIME><BODY>not like i see a lot</BODY><COMMENT></COMMENT></POST>
<POST><USERNAME>Decoy name</USERNAME><DATETIME>02/22/08  1:31:47 AM</DATETIME><BODY>i saw my old bf</BODY><COMMENT></COMMENT></POST>
<POST><USERNAME>Decoy name</USERNAME><DATETIME>02/22/08  1:31:50 AM</DATETIME><BODY>your pic</BODY><COMMENT></COMMENT></POST>
<POST><USERNAME>thedude420xxx</USERNAME><DATETIME>02/22/08  1:32:16 AM</DATETIME><BODY>whos was bigger?</BODY><COMMENT></COMMENT></POST>
<POST><USERNAME>Decoy name</USERNAME><DATETIME>02/22/08  1:32:36 AM</DATETIME><BODY>you</BODY><COMMENT></COMMENT></POST>
<POST><USERNAME>thedude420xxx</USERNAME><DATETIME>02/22/08  1:33:11 AM</DATETIME><BODY>would you like a bigger cock then what youre bf had</BODY><COMMENT></COMMENT></POST>
<POST><USERNAME>Decoy name</USERNAME><DATETIME>02/22/08  1:33:39 AM</DATETIME><BODY>i dont know</BODY><COMMENT></COMMENT></POST>
<POST><USERNAME>Decoy name</USERNAME><DATETIME>02/22/08  1:33:41 AM</DATETIME><BODY>maybe</BODY><COMMENT></COMMENT></POST>
<POST><USERNAME>Decoy name</USERNAME><DATETIME>02/22/08  1:33:42 AM</DATETIME><BODY>why?</BODY><COMMENT></COMMENT></POST>
<POST><USERNAME>thedude420xxx</USERNAME><DATETIME>02/22/08  1:33:55 AM</DATETIME><BODY>just wondering</BODY><COMMENT></COMMENT></POST>
<POST><USERNAME>Decoy name</USERNAME><DATETIME>02/22/08  1:38:57 AM</DATETIME><BODY>k</BODY><COMMENT></COMMENT></POST>
<POST><USERNAME>thedude420xxx</USERNAME><DATETIME>02/22/08  1:39:22 AM</DATETIME><BODY>what are you wearin</BODY><COMMENT></COMMENT></POST>
<POST><USERNAME>Decoy name</USERNAME><DATETIME>02/22/08  1:39:29 AM</DATETIME><BODY>pajama pants and a tshirt</BODY><COMMENT></COMMENT></POST>
<POST><USERNAME>Decoy name</USERNAME><DATETIME>02/22/08  1:39:32 AM</DATETIME><BODY>you?</BODY><COMMENT></COMMENT></POST>
<POST><USERNAME>thedude420xxx</USERNAME><DATETIME>02/22/08  1:39:58 AM</DATETIME><BODY>robe</BODY><COMMENT></COMMENT></POST>
<POST><USERNAME>Decoy name</USERNAME><DATETIME>02/22/08  1:40:08 AM</DATETIME><BODY>and?</BODY><COMMENT></COMMENT></POST>
<POST><USERNAME>thedude420xxx</USERNAME><DATETIME>02/22/08  1:40:19 AM</DATETIME><BODY>nothing</BODY><COMMENT></COMMENT></POST>
<POST><USERNAME>Decoy name</USERNAME><DATETIME>02/22/08  1:40:24 AM</DATETIME><BODY>really?</BODY><COMMENT></COMMENT></POST>
<POST><USERNAME>thedude420xxx</USERNAME><DATETIME>02/22/08  1:40:34 AM</DATETIME><BODY>yeah, i was in bed</BODY><COMMENT></COMMENT></POST>
<POST><USERNAME>Decoy name</USERNAME><DATETIME>02/22/08  1:40:41 AM</DATETIME><BODY>oh</BODY><COMMENT></COMMENT></POST>
<POST><USERNAME>thedude420xxx</USERNAME><DATETIME>02/22/08  1:41:13 AM</DATETIME><BODY>does that turn you on</BODY><COMMENT></COMMENT></POST>
<POST><USERNAME>Decoy name</USERNAME><DATETIME>02/22/08  1:41:54 AM</DATETIME><BODY>maybe</BODY><COMMENT></COMMENT></POST>
<POST><USERNAME>Decoy name</USERNAME><DATETIME>02/22/08  1:41:56 AM</DATETIME><BODY>:D</BODY><COMMENT></COMMENT></POST>
<POST><USERNAME>thedude420xxx</USERNAME><DATETIME>02/22/08  1:42:34 AM</DATETIME><BODY>what kinda panties you wear?</BODY><COMMENT></COMMENT></POST>
<POST><USERNAME>Decoy name</USERNAME><DATETIME>02/22/08  1:42:48 AM</DATETIME><BODY>bikini</BODY><COMMENT></COMMENT></POST>
<POST><USERNAME>thedude420xxx</USERNAME><DATETIME>02/22/08  1:43:16 AM</DATETIME><BODY>not a fan of the thongs?</BODY><COMMENT>A repetitive perv.</COMMENT></POST>
<POST><USERNAME>Decoy name</USERNAME><DATETIME>02/22/08  1:43:22 AM</DATETIME><BODY>i dont have any</BODY><COMMENT></COMMENT></POST>
<POST><USERNAME>thedude420xxx</USERNAME><DATETIME>02/22/08  1:43:41 AM</DATETIME><BODY>why not?</BODY><COMMENT></COMMENT></POST>
<POST><USERNAME>Decoy name</USERNAME><DATETIME>02/22/08  1:43:58 AM</DATETIME><BODY>mom wont let me buy any</BODY><COMMENT></COMMENT></POST>
<POST><USERNAME>thedude420xxx</USERNAME><DATETIME>02/22/08  1:44:33 AM</DATETIME><BODY>do you ever go panty less</BODY><COMMENT></COMMENT></POST>
<POST><USERNAME>Decoy name</USERNAME><DATETIME>02/22/08  1:45:13 AM</DATETIME><BODY>no</BODY><COMMENT></COMMENT></POST>
<POST><USERNAME>thedude420xxx</USERNAME><DATETIME>02/22/08  1:45:45 AM</DATETIME><BODY>do you masterbate?</BODY><COMMENT></COMMENT></POST>
<POST><USERNAME>Decoy name</USERNAME><DATETIME>02/22/08  1:45:52 AM</DATETIME><BODY>no</BODY><COMMENT></COMMENT></POST>
<POST><USERNAME>Decoy name</USERNAME><DATETIME>02/22/08  1:45:59 AM</DATETIME><BODY>i thought only guys do that</BODY><COMMENT></COMMENT></POST>
<POST><USERNAME>thedude420xxx</USERNAME><DATETIME>02/22/08  1:46:20 AM</DATETIME><BODY>nope, girls finger themselves</BODY><COMMENT></COMMENT></POST>
<POST><USERNAME>Decoy name</USERNAME><DATETIME>02/22/08  1:46:28 AM</DATETIME><BODY>oh</BODY><COMMENT></COMMENT></POST>
<POST><USERNAME>thedude420xxx</USERNAME><DATETIME>02/22/08  1:46:38 AM</DATETIME><BODY>or find penis shaped objects to use in their pussy</BODY><COMMENT></COMMENT></POST>
<POST><USERNAME>thedude420xxx</USERNAME><DATETIME>02/22/08  1:46:53 AM</DATETIME><BODY>or ass if youre into that</BODY><COMMENT></COMMENT></POST>
<POST><USERNAME>Decoy name</USERNAME><DATETIME>02/22/08  1:47:05 AM</DATETIME><BODY>really?</BODY><COMMENT></COMMENT></POST>
<POST><USERNAME>thedude420xxx</USERNAME><DATETIME>02/22/08  1:50:58 AM</DATETIME><BODY>really</BODY><COMMENT></COMMENT></POST>
<POST><USERNAME>thedude420xxx</USERNAME><DATETIME>02/22/08  1:51:04 AM</DATETIME><BODY>really to what actually?</BODY><COMMENT></COMMENT></POST>
<POST><USERNAME>Decoy name</USERNAME><DATETIME>02/22/08  1:51:29 AM</DATETIME><BODY>you said something about penis shaped objects</BODY><COMMENT></COMMENT></POST>
<POST><USERNAME>thedude420xxx</USERNAME><DATETIME>02/22/08  1:51:34 AM</DATETIME><BODY>yup</BODY><COMMENT></COMMENT></POST>
<POST><USERNAME>thedude420xxx</USERNAME><DATETIME>02/22/08  1:51:40 AM</DATETIME><BODY>you gonna try it out?</BODY><COMMENT></COMMENT></POST>
<POST><USERNAME>Decoy name</USERNAME><DATETIME>02/22/08  1:52:13 AM</DATETIME><BODY>lol i dont think so</BODY><COMMENT></COMMENT></POST>
<POST><USERNAME>thedude420xxx</USERNAME><DATETIME>02/22/08  1:52:21 AM</DATETIME><BODY>why not</BODY><COMMENT></COMMENT></POST>
<POST><USERNAME>Decoy name</USERNAME><DATETIME>02/22/08  1:52:24 AM</DATETIME><BODY>no objects lol</BODY><COMMENT></COMMENT></POST>
<POST><USERNAME>thedude420xxx</USERNAME><DATETIME>02/22/08  1:52:38 AM</DATETIME><BODY>fingers?</BODY><COMMENT></COMMENT></POST>
<POST><USERNAME>Decoy name</USERNAME><DATETIME>02/22/08  1:53:00 AM</DATETIME><BODY>i dont like touching myself</BODY><COMMENT></COMMENT></POST>
<POST><USERNAME>thedude420xxx</USERNAME><DATETIME>02/22/08  1:53:16 AM</DATETIME><BODY>ok</BODY><COMMENT></COMMENT></POST>
<POST><USERNAME>Decoy name</USERNAME><DATETIME>02/22/08  1:53:17 AM</DATETIME><BODY>do you?</BODY><COMMENT></COMMENT></POST>
<POST><USERNAME>thedude420xxx</USERNAME><DATETIME>02/22/08  1:53:27 AM</DATETIME><BODY>i have no problem w/ it</BODY><COMMENT></COMMENT></POST>
<POST><USERNAME>Decoy name</USERNAME><DATETIME>02/22/08  1:54:28 AM</DATETIME><BODY>k</BODY><COMMENT></COMMENT></POST>
<POST><USERNAME>thedude420xxx</USERNAME><DATETIME>02/22/08  1:54:47 AM</DATETIME><BODY>would you let a guy stick his cock up your ass</BODY><COMMENT></COMMENT></POST>
<POST><USERNAME>Decoy name</USERNAME><DATETIME>02/22/08  1:54:55 AM</DATETIME><BODY>i dont think so</BODY><COMMENT></COMMENT></POST>
<POST><USERNAME>Decoy name</USERNAME><DATETIME>02/22/08  1:54:59 AM</DATETIME><BODY>i think that would hurt</BODY><COMMENT></COMMENT></POST>
<POST><USERNAME>thedude420xxx</USERNAME><DATETIME>02/22/08  1:55:15 AM</DATETIME><BODY>ok</BODY><COMMENT></COMMENT></POST>
<POST><USERNAME>thedude420xxx</USERNAME><DATETIME>02/22/08  1:55:32 AM</DATETIME><BODY>so what do you do when youg et horny?</BODY><COMMENT></COMMENT></POST>
<POST><USERNAME>Decoy name</USERNAME><DATETIME>02/22/08  1:56:17 AM</DATETIME><BODY>nothing</BODY><COMMENT></COMMENT></POST>
<POST><USERNAME>thedude420xxx</USERNAME><DATETIME>02/22/08  1:56:22 AM</DATETIME><BODY>bummer</BODY><COMMENT></COMMENT></POST>
<POST><USERNAME>Decoy name</USERNAME><DATETIME>02/22/08  1:56:23 AM</DATETIME><BODY>what do you do?</BODY><COMMENT></COMMENT></POST>
<POST><USERNAME>thedude420xxx</USERNAME><DATETIME>02/22/08  1:56:35 AM</DATETIME><BODY>either have sex or masterbate</BODY><COMMENT></COMMENT></POST>
<POST><USERNAME>Decoy name</USERNAME><DATETIME>02/22/08  1:56:40 AM</DATETIME><BODY>i had sex before</BODY><COMMENT></COMMENT></POST>
<POST><USERNAME>Decoy name</USERNAME><DATETIME>02/22/08  1:56:45 AM</DATETIME><BODY>i dont have a bf now</BODY><COMMENT></COMMENT></POST>
<POST><USERNAME>thedude420xxx</USERNAME><DATETIME>02/22/08  1:57:13 AM</DATETIME><BODY>i dont always have a gf</BODY><COMMENT></COMMENT></POST>
<POST><USERNAME>Decoy name</USERNAME><DATETIME>02/22/08  1:57:29 AM</DATETIME><BODY>k</BODY><COMMENT></COMMENT></POST>
<POST><USERNAME>thedude420xxx</USERNAME><DATETIME>02/22/08  1:57:49 AM</DATETIME><BODY>i know its bad, right</BODY><COMMENT></COMMENT></POST>
<POST><USERNAME>Decoy name</USERNAME><DATETIME>02/22/08  1:57:56 AM</DATETIME><BODY>no</BODY><COMMENT></COMMENT></POST>
<POST><USERNAME>thedude420xxx</USERNAME><DATETIME>02/22/08  1:58:09 AM</DATETIME><BODY>just not your style</BODY><COMMENT></COMMENT></POST>
<POST><USERNAME>Decoy name</USERNAME><DATETIME>02/22/08  1:58:32 AM</DATETIME><BODY>no</BODY><COMMENT></COMMENT></POST>
<POST><USERNAME>thedude420xxx</USERNAME><DATETIME>02/22/08  1:58:47 AM</DATETIME><BODY>no what?</BODY><COMMENT></COMMENT></POST>
<POST><USERNAME>Decoy name</USERNAME><DATETIME>02/22/08  1:59:08 AM</DATETIME><BODY>i dont do anything</BODY><COMMENT></COMMENT></POST>
<POST><USERNAME>Decoy name</USERNAME><DATETIME>02/22/08  1:59:17 AM</DATETIME><BODY>i will just wait til i have a bf</BODY><COMMENT></COMMENT></POST>
<POST><USERNAME>thedude420xxx</USERNAME><DATETIME>02/22/08  1:59:23 AM</DATETIME><BODY>right on</BODY><COMMENT></COMMENT></POST>
<POST><USERNAME>Decoy name</USERNAME><DATETIME>02/22/08  1:59:45 AM</DATETIME><BODY>i had a bf before when i lived in illinois</BODY><COMMENT></COMMENT></POST>
<POST><USERNAME>thedude420xxx</USERNAME><DATETIME>02/22/08  2:00:17 AM</DATETIME><BODY>im sure youll get another one soon</BODY><COMMENT></COMMENT></POST>
<POST><USERNAME>Decoy name</USERNAME><DATETIME>02/22/08  2:00:23 AM</DATETIME><BODY>maybe</BODY><COMMENT></COMMENT></POST>
<POST><USERNAME>thedude420xxx</USERNAME><DATETIME>02/22/08  2:00:47 AM</DATETIME><BODY>what about head, is that for bfs only too</BODY><COMMENT></COMMENT></POST>
<POST><USERNAME>Decoy name</USERNAME><DATETIME>02/22/08  2:01:01 AM</DATETIME><BODY>i only did that to my old bf</BODY><COMMENT></COMMENT></POST>
<POST><USERNAME>thedude420xxx</USERNAME><DATETIME>02/22/08  2:01:14 AM</DATETIME><BODY>so yes</BODY><COMMENT></COMMENT></POST>
<POST><USERNAME>Decoy name</USERNAME><DATETIME>02/22/08  2:01:22 AM</DATETIME><BODY>i only been with one guy</BODY><COMMENT></COMMENT></POST>
<POST><USERNAME>thedude420xxx</USERNAME><DATETIME>02/22/08  2:01:38 AM</DATETIME><BODY>ok</BODY><COMMENT></COMMENT></POST>
<POST><USERNAME>thedude420xxx</USERNAME><DATETIME>02/22/08  2:03:43 AM</DATETIME><BODY>are you horny?</BODY><COMMENT></COMMENT></POST>
<POST><USERNAME>Decoy name</USERNAME><DATETIME>02/22/08  2:04:32 AM</DATETIME><BODY>maybe</BODY><COMMENT></COMMENT></POST>
<POST><USERNAME>Decoy name</USERNAME><DATETIME>02/22/08  2:04:34 AM</DATETIME><BODY>are you?</BODY><COMMENT></COMMENT></POST>
<POST><USERNAME>thedude420xxx</USERNAME><DATETIME>02/22/08  2:04:42 AM</DATETIME><BODY>yup</BODY><COMMENT></COMMENT></POST>
<POST><USERNAME>thedude420xxx</USERNAME><DATETIME>02/22/08  2:05:01 AM</DATETIME><BODY>i wish you would rub your pussy</BODY><COMMENT></COMMENT></POST>
<POST><USERNAME>Decoy name</USERNAME><DATETIME>02/22/08  2:07:27 AM</DATETIME><BODY>i dont want to</BODY><COMMENT></COMMENT></POST>
<POST><USERNAME>thedude420xxx</USERNAME><DATETIME>02/22/08  2:07:44 AM</DATETIME><BODY>i know</BODY><COMMENT></COMMENT></POST>
<POST><USERNAME>thedude420xxx</USERNAME><DATETIME>02/22/08  2:09:52 AM</DATETIME><BODY>you should take a naked pic</BODY><COMMENT>Hes asking a 13 year old for naked pics.</COMMENT></POST>
<POST><USERNAME>Decoy name</USERNAME><DATETIME>02/22/08  2:10:52 AM</DATETIME><BODY>i dont have a camera</BODY><COMMENT></COMMENT></POST>
<POST><USERNAME>Decoy name</USERNAME><DATETIME>02/22/08  2:10:59 AM</DATETIME><BODY>mom had one and she lost it</BODY><COMMENT></COMMENT></POST>
<POST><USERNAME>thedude420xxx</USERNAME><DATETIME>02/22/08  2:11:11 AM</DATETIME><BODY>otherwise you would huh?</BODY><COMMENT></COMMENT></POST>
<POST><USERNAME>Decoy name</USERNAME><DATETIME>02/22/08  2:12:31 AM</DATETIME><BODY>no</BODY><COMMENT></COMMENT></POST>
<POST><USERNAME>Decoy name</USERNAME><DATETIME>02/22/08  2:12:39 AM</DATETIME><BODY>someone might post it on a website or something</BODY><COMMENT></COMMENT></POST>
<POST><USERNAME>thedude420xxx</USERNAME><DATETIME>02/22/08  2:13:01 AM</DATETIME><BODY>is that what you did w/ my cock?</BODY><COMMENT></COMMENT></POST>
<POST><USERNAME>Decoy name</USERNAME><DATETIME>02/22/08  2:13:05 AM</DATETIME><BODY>no</BODY><COMMENT></COMMENT></POST>
<POST><USERNAME>thedude420xxx</USERNAME><DATETIME>02/22/08  2:13:24 AM</DATETIME><BODY>ok</BODY><COMMENT></COMMENT></POST>
<POST><USERNAME>Decoy name</USERNAME><DATETIME>02/22/08  2:14:21 AM</DATETIME><BODY>i wouldnt do that</BODY><COMMENT></COMMENT></POST>
<POST><USERNAME>thedude420xxx</USERNAME><DATETIME>02/22/08  2:14:41 AM</DATETIME><BODY>well neither would i</BODY><COMMENT></COMMENT></POST>
<POST><USERNAME>Decoy name</USERNAME><DATETIME>02/22/08  2:15:30 AM</DATETIME><BODY>well i better go to bed</BODY><COMMENT></COMMENT></POST>
<POST><USERNAME>Decoy name</USERNAME><DATETIME>02/22/08  2:15:36 AM</DATETIME><BODY>mom is telling me to get off of here</BODY><COMMENT></COMMENT></POST>
<POST><USERNAME>thedude420xxx</USERNAME><DATETIME>02/22/08  2:15:45 AM</DATETIME><BODY>ok</BODY><COMMENT></COMMENT></POST>
<POST><USERNAME>Decoy name</USERNAME><DATETIME>02/22/08  2:15:53 AM</DATETIME><BODY>talk to you later?</BODY><COMMENT></COMMENT></POST>
<POST><USERNAME>thedude420xxx</USERNAME><DATETIME>02/22/08  2:16:10 AM</DATETIME><BODY>ok, good night</BODY><COMMENT></COMMENT></POST>
<POST><USERNAME>Decoy name</USERNAME><DATETIME>02/22/08  2:16:13 AM</DATETIME><BODY>night</BODY><COMMENT></COMMENT></POST>
<POST><USERNAME>Decoy name</USERNAME><DATETIME>02/26/08  5:49:30 PM</DATETIME><BODY>hi</BODY><COMMENT></COMMENT></POST>
<POST><USERNAME>Decoy name</USERNAME><DATETIME>02/29/08  8:13:14 PM</DATETIME><BODY>hi</BODY><COMMENT></COMMENT></POST>
<POST><USERNAME>Decoy name</USERNAME><DATETIME>03/03/08  8:49:21 PM</DATETIME><BODY>hi</BODY><COMMENT></COMMENT></POST>
<POST><USERNAME>Decoy name</USERNAME><DATETIME>03/06/08  6:29:25 PM</DATETIME><BODY>hi</BODY><COMMENT></COMMENT></POST>
<POST><USERNAME>thedude420xxx</USERNAME><DATETIME>03/07/08 10:42:10 PM</DATETIME><BODY>what are you doin?</BODY><COMMENT></COMMENT></POST>
<POST><USERNAME>Decoy name</USERNAME><DATETIME>03/07/08 10:43:22 PM</DATETIME><BODY>hi</BODY><COMMENT></COMMENT></POST>
<POST><USERNAME>thedude420xxx</USERNAME><DATETIME>03/07/08 10:43:55 PM</DATETIME><BODY>how long you gonna be on?</BODY><COMMENT></COMMENT></POST>
<POST><USERNAME>Decoy name</USERNAME><DATETIME>03/07/08 10:44:03 PM</DATETIME><BODY>a little while</BODY><COMMENT></COMMENT></POST>
<POST><USERNAME>thedude420xxx</USERNAME><DATETIME>03/07/08 10:44:13 PM</DATETIME><BODY>what are you wearin?</BODY><COMMENT></COMMENT></POST>
<POST><USERNAME>Decoy name</USERNAME><DATETIME>03/07/08 10:44:28 PM</DATETIME><BODY>pajama pants and a tshirt</BODY><COMMENT></COMMENT></POST>
<POST><USERNAME>Decoy name</USERNAME><DATETIME>03/07/08 10:44:30 PM</DATETIME><BODY>why?</BODY><COMMENT></COMMENT></POST>
<POST><USERNAME>thedude420xxx</USERNAME><DATETIME>03/07/08 10:44:52 PM</DATETIME><BODY>how late you gonna stay up</BODY><COMMENT></COMMENT></POST>
<POST><USERNAME>thedude420xxx</USERNAME><DATETIME>03/07/08 10:45:11 PM</DATETIME><BODY>trying to get an image</BODY><COMMENT></COMMENT></POST>
<POST><USERNAME>Decoy name</USERNAME><DATETIME>03/07/08 10:45:17 PM</DATETIME><BODY>i will be here for a while</BODY><COMMENT></COMMENT></POST>
<POST><USERNAME>Decoy name</USERNAME><DATETIME>03/07/08 10:45:20 PM</DATETIME><BODY>why?</BODY><COMMENT></COMMENT></POST>
<POST><USERNAME>thedude420xxx</USERNAME><DATETIME>03/07/08 10:45:56 PM</DATETIME><BODY>cuz i gotta go for awhile</BODY><COMMENT></COMMENT></POST>
<POST><USERNAME>Decoy name</USERNAME><DATETIME>03/07/08 10:46:01 PM</DATETIME><BODY>ok</BODY><COMMENT></COMMENT></POST>
<POST><USERNAME>thedude420xxx</USERNAME><DATETIME>03/07/08 10:46:21 PM</DATETIME><BODY>what kinda panties you got on</BODY><COMMENT></COMMENT></POST>
<POST><USERNAME>Decoy name</USERNAME><DATETIME>03/07/08 10:46:30 PM</DATETIME><BODY>blue bikini ones</BODY><COMMENT></COMMENT></POST>
<POST><USERNAME>Decoy name</USERNAME><DATETIME>03/07/08 10:46:44 PM</DATETIME><BODY>color of your shirt in your pic</BODY><COMMENT></COMMENT></POST>
<POST><USERNAME>thedude420xxx</USERNAME><DATETIME>03/07/08 10:46:46 PM</DATETIME><BODY>you should take a pic in them</BODY><COMMENT></COMMENT></POST>
<POST><USERNAME>Decoy name</USERNAME><DATETIME>03/07/08 10:46:53 PM</DATETIME><BODY>i dont have a camera</BODY><COMMENT></COMMENT></POST>
<POST><USERNAME>thedude420xxx</USERNAME><DATETIME>03/07/08 10:47:07 PM</DATETIME><BODY>howd you get your other pics</BODY><COMMENT></COMMENT></POST>
<POST><USERNAME>Decoy name</USERNAME><DATETIME>03/07/08 10:47:14 PM</DATETIME><BODY>friend took some</BODY><COMMENT></COMMENT></POST>
<POST><USERNAME>Decoy name</USERNAME><DATETIME>03/07/08 10:47:18 PM</DATETIME><BODY>used moms camera</BODY><COMMENT></COMMENT></POST>
<POST><USERNAME>Decoy name</USERNAME><DATETIME>03/07/08 10:47:22 PM</DATETIME><BODY>mom lost her camera</BODY><COMMENT></COMMENT></POST>
<POST><USERNAME>thedude420xxx</USERNAME><DATETIME>03/07/08 10:47:49 PM</DATETIME><BODY>convenient</BODY><COMMENT></COMMENT></POST>
<POST><USERNAME>Decoy name</USERNAME><DATETIME>03/07/08 10:48:27 PM</DATETIME><BODY>what?</BODY><COMMENT></COMMENT></POST>
<POST><USERNAME>thedude420xxx</USERNAME><DATETIME>03/07/08 10:48:44 PM</DATETIME><BODY>nothing</BODY><COMMENT></COMMENT></POST>
<POST><USERNAME>thedude420xxx</USERNAME><DATETIME>03/07/08 10:50:09 PM</DATETIME><BODY>next time youre w/ a friend yall should take some pics in underwear</BODY><COMMENT></COMMENT></POST>
<POST><USERNAME>Decoy name</USERNAME><DATETIME>03/07/08 10:50:19 PM</DATETIME><BODY>lol why?</BODY><COMMENT></COMMENT></POST>
<POST><USERNAME>thedude420xxx</USERNAME><DATETIME>03/07/08 10:50:52 PM</DATETIME><BODY>so i can see them</BODY><COMMENT></COMMENT></POST>
<POST><USERNAME>Decoy name</USERNAME><DATETIME>03/07/08 10:50:57 PM</DATETIME><BODY>oh</BODY><COMMENT></COMMENT></POST>
<POST><USERNAME>thedude420xxx</USERNAME><DATETIME>03/07/08 10:51:24 PM</DATETIME><BODY>i bet they would look good</BODY><COMMENT></COMMENT></POST>
<POST><USERNAME>Decoy name</USERNAME><DATETIME>03/07/08 10:51:32 PM</DATETIME><BODY>i dont know</BODY><COMMENT></COMMENT></POST>
<POST><USERNAME>Decoy name</USERNAME><DATETIME>03/08/08 12:42:37 AM</DATETIME><BODY>back?</BODY><COMMENT></COMMENT></POST>
<POST><USERNAME>thedude420xxx</USERNAME><DATETIME>03/08/08 12:42:52 AM</DATETIME><BODY>hello</BODY><COMMENT></COMMENT></POST>
<POST><USERNAME>Decoy name</USERNAME><DATETIME>03/08/08 12:43:08 AM</DATETIME><BODY>hi</BODY><COMMENT></COMMENT></POST>
<POST><USERNAME>thedude420xxx</USERNAME><DATETIME>03/08/08 12:43:27 AM</DATETIME><BODY>so whats so great about *reference to screen name*</BODY><COMMENT></COMMENT></POST>
<POST><USERNAME>Decoy name</USERNAME><DATETIME>03/08/08 12:43:35 AM</DATETIME><BODY>its a green day song</BODY><COMMENT></COMMENT></POST>
<POST><USERNAME>thedude420xxx</USERNAME><DATETIME>03/08/08 12:44:58 AM</DATETIME><BODY>sweet</BODY><COMMENT></COMMENT></POST>
<POST><USERNAME>Decoy name</USERNAME><DATETIME>03/08/08 12:45:03 AM</DATETIME><BODY>yea</BODY><COMMENT></COMMENT></POST>
<POST><USERNAME>Decoy name</USERNAME><DATETIME>03/08/08 12:45:10 AM</DATETIME><BODY>so what are you doing?</BODY><COMMENT></COMMENT></POST>
<POST><USERNAME>thedude420xxx</USERNAME><DATETIME>03/08/08 12:45:20 AM</DATETIME><BODY>fantasy baseball draft</BODY><COMMENT></COMMENT></POST>
<POST><USERNAME>Decoy name</USERNAME><DATETIME>03/08/08 12:45:27 AM</DATETIME><BODY>ok</BODY><COMMENT></COMMENT></POST>
<POST><USERNAME>thedude420xxx</USERNAME><DATETIME>03/08/08 12:45:31 AM</DATETIME><BODY>what are you doin?</BODY><COMMENT></COMMENT></POST>
<POST><USERNAME>Decoy name</USERNAME><DATETIME>03/08/08 12:45:41 AM</DATETIME><BODY>listening to music</BODY><COMMENT></COMMENT></POST>
<POST><USERNAME>thedude420xxx</USERNAME><DATETIME>03/08/08 12:45:45 AM</DATETIME><BODY>who?</BODY><COMMENT></COMMENT></POST>
<POST><USERNAME>Decoy name</USERNAME><DATETIME>03/08/08 12:45:55 AM</DATETIME><BODY>ac/dc right now</BODY><COMMENT></COMMENT></POST>
<POST><USERNAME>thedude420xxx</USERNAME><DATETIME>03/08/08 12:45:59 AM</DATETIME><BODY>nice</BODY><COMMENT></COMMENT></POST>
<POST><USERNAME>Decoy name</USERNAME><DATETIME>03/08/08 12:46:06 AM</DATETIME><BODY>i like rock</BODY><COMMENT></COMMENT></POST>
<POST><USERNAME>thedude420xxx</USERNAME><DATETIME>03/08/08 12:46:09 AM</DATETIME><BODY>very nice</BODY><COMMENT></COMMENT></POST>
<POST><USERNAME>Decoy name</USERNAME><DATETIME>03/08/08 12:48:05 AM</DATETIME><BODY>so is fantasy baseball draft fun?</BODY><COMMENT></COMMENT></POST>
<POST><USERNAME>thedude420xxx</USERNAME><DATETIME>03/08/08 12:48:33 AM</DATETIME><BODY>if you like baseball</BODY><COMMENT></COMMENT></POST>
<POST><USERNAME>thedude420xxx</USERNAME><DATETIME>03/08/08 12:48:38 AM</DATETIME><BODY>otherwise its very boring</BODY><COMMENT></COMMENT></POST>
<POST><USERNAME>Decoy name</USERNAME><DATETIME>03/08/08 12:48:41 AM</DATETIME><BODY>lol</BODY><COMMENT></COMMENT></POST>
<POST><USERNAME>Decoy name</USERNAME><DATETIME>03/08/08 12:48:48 AM</DATETIME><BODY>i dont really like baseball</BODY><COMMENT></COMMENT></POST>
<POST><USERNAME>thedude420xxx</USERNAME><DATETIME>03/08/08 12:48:55 AM</DATETIME><BODY>:(</BODY><COMMENT></COMMENT></POST>
<POST><USERNAME>Decoy name</USERNAME><DATETIME>03/08/08 12:48:59 AM</DATETIME><BODY>sorry</BODY><COMMENT></COMMENT></POST>
<POST><USERNAME>Decoy name</USERNAME><DATETIME>03/08/08 12:49:06 AM</DATETIME><BODY>you play baseball?</BODY><COMMENT></COMMENT></POST>
<POST><USERNAME>thedude420xxx</USERNAME><DATETIME>03/08/08 12:49:11 AM</DATETIME><BODY>used to</BODY><COMMENT></COMMENT></POST>
<POST><USERNAME>Decoy name</USERNAME><DATETIME>03/08/08 12:49:22 AM</DATETIME><BODY>k</BODY><COMMENT></COMMENT></POST>
<POST><USERNAME>thedude420xxx</USERNAME><DATETIME>03/08/08 12:49:43 AM</DATETIME><BODY>too old now</BODY><COMMENT></COMMENT></POST>
<POST><USERNAME>Decoy name</USERNAME><DATETIME>03/08/08 12:50:04 AM</DATETIME><BODY>why too old?</BODY><COMMENT></COMMENT></POST>
<POST><USERNAME>thedude420xxx</USERNAME><DATETIME>03/08/08 12:50:11 AM</DATETIME><BODY>24</BODY><COMMENT></COMMENT></POST>
<POST><USERNAME>Decoy name</USERNAME><DATETIME>03/08/08 12:50:26 AM</DATETIME><BODY>24 is not old</BODY><COMMENT></COMMENT></POST>
<POST><USERNAME>thedude420xxx</USERNAME><DATETIME>03/08/08 12:50:27 AM</DATETIME><BODY>im not good enough to be professional, so i needed to do other things w/ my time</BODY><COMMENT></COMMENT></POST>
<POST><USERNAME>Decoy name</USERNAME><DATETIME>03/08/08 12:50:33 AM</DATETIME><BODY>oh</BODY><COMMENT></COMMENT></POST>
<POST><USERNAME>thedude420xxx</USERNAME><DATETIME>03/08/08 12:51:13 AM</DATETIME><BODY>i would play in a summer league or something if the opportunity presented itself, but last few years its just been some slow pitch softball</BODY><COMMENT></COMMENT></POST>
<POST><USERNAME>Decoy name</USERNAME><DATETIME>03/08/08 12:51:22 AM</DATETIME><BODY>oh</BODY><COMMENT></COMMENT></POST>
<POST><USERNAME>thedude420xxx</USERNAME><DATETIME>03/08/08 12:51:55 AM</DATETIME><BODY>haha, you think im some big loser now huh</BODY><COMMENT></COMMENT></POST>
<POST><USERNAME>Decoy name</USERNAME><DATETIME>03/08/08 12:52:08 AM</DATETIME><BODY>no i dont</BODY><COMMENT></COMMENT></POST>
<POST><USERNAME>Decoy name</USERNAME><DATETIME>03/08/08 12:52:11 AM</DATETIME><BODY>your cute</BODY><COMMENT></COMMENT></POST>
<POST><USERNAME>Decoy name</USERNAME><DATETIME>03/08/08 12:52:19 AM</DATETIME><BODY>nice smile</BODY><COMMENT></COMMENT></POST>
<POST><USERNAME>thedude420xxx</USERNAME><DATETIME>03/08/08 12:52:33 AM</DATETIME><BODY>wish i could see more of you</BODY><COMMENT></COMMENT></POST>
<POST><USERNAME>Decoy name</USERNAME><DATETIME>03/08/08 12:52:43 AM</DATETIME><BODY>i showed you pics</BODY><COMMENT></COMMENT></POST>
<POST><USERNAME>thedude420xxx</USERNAME><DATETIME>03/08/08 12:54:22 AM</DATETIME><BODY>i know</BODY><COMMENT></COMMENT></POST>
<POST><USERNAME>Decoy name</USERNAME><DATETIME>03/08/08 12:54:33 AM</DATETIME><BODY>well how much more you want to see?</BODY><COMMENT></COMMENT></POST>
<POST><USERNAME>thedude420xxx</USERNAME><DATETIME>03/08/08 12:54:45 AM</DATETIME><BODY>all of it</BODY><COMMENT></COMMENT></POST>
<POST><USERNAME>Decoy name</USERNAME><DATETIME>03/08/08 12:54:51 AM</DATETIME><BODY>all of what?</BODY><COMMENT></COMMENT></POST>
<POST><USERNAME>thedude420xxx</USERNAME><DATETIME>03/08/08 12:54:56 AM</DATETIME><BODY>you in youre underwear</BODY><COMMENT></COMMENT></POST>
<POST><USERNAME>Decoy name</USERNAME><DATETIME>03/08/08 12:55:05 AM</DATETIME><BODY>i dont have any like that</BODY><COMMENT></COMMENT></POST>
<POST><USERNAME>thedude420xxx</USERNAME><DATETIME>03/08/08 12:55:07 AM</DATETIME><BODY>will you show me your other pics again though</BODY><COMMENT></COMMENT></POST>
<POST><USERNAME>Decoy name</USERNAME><DATETIME>03/08/08 12:56:05 AM</DATETIME><BODY>you have to accept the invite</BODY><COMMENT></COMMENT></POST>
<POST><USERNAME>Decoy name</USERNAME><DATETIME>03/08/08 12:56:36 AM</DATETIME><BODY>no makeup</BODY><COMMENT></COMMENT></POST>
<POST><USERNAME>thedude420xxx</USERNAME><DATETIME>03/08/08 12:56:46 AM</DATETIME><BODY>i like no make up</BODY><COMMENT></COMMENT></POST>
<POST><USERNAME>Decoy name</USERNAME><DATETIME>03/08/08 12:58:38 AM</DATETIME><BODY>why?</BODY><COMMENT></COMMENT></POST>
<POST><USERNAME>Decoy name</USERNAME><DATETIME>03/08/08 12:59:43 AM</DATETIME><BODY>did you get them all?</BODY><COMMENT></COMMENT></POST>
<POST><USERNAME>Decoy name</USERNAME><DATETIME>03/08/08  1:00:14 AM</DATETIME><BODY>hello?????????</BODY><COMMENT></COMMENT></POST>
<POST><USERNAME>Decoy name</USERNAME><DATETIME>03/08/08  1:00:30 AM</DATETIME><BODY>well im going to be since you are ignoring me</BODY><COMMENT></COMMENT></POST>
<POST><USERNAME>Decoy name</USERNAME><DATETIME>03/08/08  1:00:32 AM</DATETIME><BODY>night</BODY><COMMENT></COMMENT></POST>
<POST><USERNAME>thedude420xxx</USERNAME><DATETIME>03/08/08  1:08:45 AM</DATETIME><BODY>sorry wasnt trying to ignore you, stepped out for a smoke</BODY><COMMENT></COMMENT></POST>
<POST><USERNAME></USERNAME><DATETIME></DATETIME><BODY></BODY><COMMENT></COMMENT></POST>
</data>