<data>
<POST><USERNAME>user194547</USERNAME><DATETIME>[2:09 p.m.]</DATETIME><BODY>hey</BODY><COMMENT></COMMENT></POST>
<POST><USERNAME>user194547</USERNAME><DATETIME>[2:10 p.m.]</DATETIME><BODY>iam glen---what your n ame and age</BODY><COMMENT></COMMENT></POST>
<POST><USERNAME>user194547</USERNAME><DATETIME>[2:10 p.m.]</DATETIME><BODY>r u gay r bi----</BODY><COMMENT></COMMENT></POST>
<POST><USERNAME>greatescapeohio</USERNAME><DATETIME>[2:10 p.m.]</DATETIME><BODY>14 vance, where you from?</BODY><COMMENT></COMMENT></POST>
<POST><USERNAME>user194547</USERNAME><DATETIME>[2:10 p.m.]</DATETIME><BODY>iam in indy--but my grandma in dayton</BODY><COMMENT></COMMENT></POST>
<POST><USERNAME>user194547</USERNAME><DATETIME>[2:10 p.m.]</DATETIME><BODY>go there alot to see her</BODY><COMMENT></COMMENT></POST>
<POST><USERNAME>greatescapeohio</USERNAME><DATETIME>[2:10 p.m.]</DATETIME><BODY>i like in greenville</BODY><COMMENT></COMMENT></POST>
<POST><USERNAME>greatescapeohio</USERNAME><DATETIME>[2:11 p.m.]</DATETIME><BODY>kind north of dayton</BODY><COMMENT></COMMENT></POST>
<POST><USERNAME>user194547</USERNAME><DATETIME>[2:11 p.m.]</DATETIME><BODY>ook</BODY><COMMENT></COMMENT></POST>
<POST><USERNAME>user194547</USERNAME><DATETIME>[2:11 p.m.]</DATETIME><BODY>tell me how u look</BODY><COMMENT></COMMENT></POST>
<POST><USERNAME>greatescapeohio</USERNAME><DATETIME>[2:11 p.m.]</DATETIME><BODY>i got pics u?</BODY><COMMENT></COMMENT></POST>
<POST><USERNAME>user194547</USERNAME><DATETIME>[2:11 p.m.]</DATETIME><BODY>i caught a virus--and lost mine</BODY><COMMENT></COMMENT></POST>
<POST><USERNAME>user194547</USERNAME><DATETIME>[2:11 p.m.]</DATETIME><BODY>lost my vidoes--and all my good stuff</BODY><COMMENT></COMMENT></POST>
<POST><USERNAME>user194547</USERNAME><DATETIME>[2:12 p.m.]</DATETIME><BODY>can i see your pics</BODY><COMMENT></COMMENT></POST>
<POST><USERNAME>greatescapeohio</USERNAME><DATETIME>[2:12 p.m.]</DATETIME><BODY>k</BODY><COMMENT></COMMENT></POST>
<POST><USERNAME>user194547</USERNAME><DATETIME>[2:12 p.m.]</DATETIME><BODY>thanks</BODY><COMMENT></COMMENT></POST>
<POST><USERNAME>user194547</USERNAME><DATETIME>[2:12 p.m.]</DATETIME><BODY>vance</BODY><COMMENT></COMMENT></POST>
<POST><USERNAME>greatescapeohio</USERNAME><DATETIME>[2:13 p.m.]</DATETIME><BODY>sent</BODY><COMMENT></COMMENT></POST>
<POST><USERNAME>user194547</USERNAME><DATETIME>[2:13 p.m.]</DATETIME><BODY>ook</BODY><COMMENT></COMMENT></POST>
<POST><USERNAME>user194547</USERNAME><DATETIME>[2:13 p.m.]</DATETIME><BODY>damn u cute</BODY><COMMENT></COMMENT></POST>
<POST><USERNAME>greatescapeohio</USERNAME><DATETIME>[2:13 p.m.]</DATETIME><BODY>im bored as hell</BODY><COMMENT></COMMENT></POST>
<POST><USERNAME>user194547</USERNAME><DATETIME>[2:13 p.m.]</DATETIME><BODY>hey--do u care-that iam black guy</BODY><COMMENT></COMMENT></POST>
<POST><USERNAME>greatescapeohio</USERNAME><DATETIME>[2:13 p.m.]</DATETIME><BODY>dude u hung?</BODY><COMMENT></COMMENT></POST>
<POST><USERNAME>user194547</USERNAME><DATETIME>[2:13 p.m.]</DATETIME><BODY>umm little bit ---</BODY><COMMENT></COMMENT></POST>
<POST><USERNAME>user194547</USERNAME><DATETIME>[2:14 p.m.]</DATETIME><BODY>not that big---only 8.5 inches</BODY><COMMENT></COMMENT></POST>
<POST><USERNAME>greatescapeohio</USERNAME><DATETIME>[2:14 p.m.]</DATETIME><BODY>im house sittin and just like way horned</BODY><COMMENT></COMMENT></POST>
<POST><USERNAME>user194547</USERNAME><DATETIME>[2:14 p.m.]</DATETIME><BODY>how big yours</BODY><COMMENT></COMMENT></POST>
<POST><USERNAME>greatescapeohio</USERNAME><DATETIME>[2:14 p.m.]</DATETIME><BODY>only like 5 but im still growin</BODY><COMMENT></COMMENT></POST>
<POST><USERNAME>user194547</USERNAME><DATETIME>[2:14 p.m.]</DATETIME><BODY>u got one pic of your cock</BODY><COMMENT></COMMENT></POST>
<POST><USERNAME>greatescapeohio</USERNAME><DATETIME>[2:15 p.m.]</DATETIME><BODY>i wish no cam</BODY><COMMENT></COMMENT></POST>
<POST><USERNAME>greatescapeohio</USERNAME><DATETIME>[2:15 p.m.]</DATETIME><BODY>come take one 4 me</BODY><COMMENT></COMMENT></POST>
<POST><USERNAME>user194547</USERNAME><DATETIME>[2:15 p.m.]</DATETIME><BODY>have u ever done stuff with a guy before</BODY><COMMENT></COMMENT></POST>
<POST><USERNAME>greatescapeohio</USERNAME><DATETIME>[2:15 p.m.]</DATETIME><BODY>:-p</BODY><COMMENT></COMMENT></POST>
<POST><USERNAME>user194547</USERNAME><DATETIME>[2:15 p.m.]</DATETIME><BODY>i would love to</BODY><COMMENT></COMMENT></POST>
<POST><USERNAME>user194547</USERNAME><DATETIME>[2:15 p.m.]</DATETIME><BODY>hey--u wanna meet sometimes</BODY><COMMENT></COMMENT></POST>
<POST><USERNAME>greatescapeohio</USERNAME><DATETIME>[2:15 p.m.]</DATETIME><BODY>i got the pad to me until tomrrow then they come home come over</BODY><COMMENT></COMMENT></POST>
<POST><USERNAME>user194547</USERNAME><DATETIME>[2:16 p.m.]</DATETIME><BODY>tell me where u at---excatly</BODY><COMMENT></COMMENT></POST>
<POST><USERNAME>user194547</USERNAME><DATETIME>[2:16 p.m.]</DATETIME><BODY>how to get there</BODY><COMMENT></COMMENT></POST>
<POST><USERNAME>user194547</USERNAME><DATETIME>[2:16 p.m.]</DATETIME><BODY>hey---do me a favor</BODY><COMMENT></COMMENT></POST>
<POST><USERNAME>greatescapeohio</USERNAME><DATETIME>[2:16 p.m.]</DATETIME><BODY>map greenville</BODY><COMMENT></COMMENT></POST>
<POST><USERNAME>user194547</USERNAME><DATETIME>[2:16 p.m.]</DATETIME><BODY>will u call me</BODY><COMMENT></COMMENT></POST>
<POST><USERNAME>user194547</USERNAME><DATETIME>[2:16 p.m.]</DATETIME><BODY>i got a cell phone</BODY><COMMENT></COMMENT></POST>
<POST><USERNAME>user194547</USERNAME><DATETIME>[2:16 p.m.]</DATETIME><BODY>will u call me</BODY><COMMENT></COMMENT></POST>
<POST><USERNAME>user194547</USERNAME><DATETIME>[2:17 p.m.]</DATETIME><BODY>u there</BODY><COMMENT></COMMENT></POST>
<POST><USERNAME>greatescapeohio</USERNAME><DATETIME>[2:17 p.m.]</DATETIME><BODY>kewl whats the #</BODY><COMMENT></COMMENT></POST>
<POST><USERNAME>user194547</USERNAME><DATETIME>[2:18 p.m.]</DATETIME><BODY>317--258--7330</BODY><COMMENT></COMMENT></POST>
<POST><USERNAME>greatescapeohio</USERNAME><DATETIME>[2:18 p.m.]</DATETIME><BODY>whats ur name again?</BODY><COMMENT></COMMENT></POST>
<POST><USERNAME>user194547</USERNAME><DATETIME>[2:18 p.m.]</DATETIME><BODY>glen</BODY><COMMENT></COMMENT></POST>
<POST><USERNAME>user194547</USERNAME><DATETIME>[2:18 p.m.]</DATETIME><BODY>when u gonna call me</BODY><COMMENT></COMMENT></POST>
<POST><USERNAME>greatescapeohio</USERNAME><DATETIME>[2:19 p.m.]</DATETIME><BODY>goin to grab da fone brb</BODY><COMMENT></COMMENT></POST>
<POST><USERNAME>user194547</USERNAME><DATETIME>[2:19 p.m.]</DATETIME><BODY>ok</BODY><COMMENT></COMMENT></POST>
<POST><USERNAME>user194547</USERNAME><DATETIME>[2:22 p.m.]</DATETIME><BODY>u there</BODY><COMMENT></COMMENT></POST>
<POST><USERNAME>greatescapeohio</USERNAME><DATETIME>[2:32 p.m.]</DATETIME><BODY>k fone is in cradle</BODY><COMMENT></COMMENT></POST>
<POST><USERNAME>user194547</USERNAME><DATETIME>[2:32 p.m.]</DATETIME><BODY>ok</BODY><COMMENT></COMMENT></POST>
<POST><USERNAME>greatescapeohio</USERNAME><DATETIME>[2:32 p.m.]</DATETIME><BODY>u sound like way kewl</BODY><COMMENT></COMMENT></POST>
<POST><USERNAME>user194547</USERNAME><DATETIME>[2:32 p.m.]</DATETIME><BODY>thanks</BODY><COMMENT></COMMENT></POST>
<POST><USERNAME>user194547</USERNAME><DATETIME>[2:32 p.m.]</DATETIME><BODY>so do u</BODY><COMMENT></COMMENT></POST>
<POST><USERNAME>user194547</USERNAME><DATETIME>[2:32 p.m.]</DATETIME><BODY>i wanna do stuff wiht u--if u wanna</BODY><COMMENT></COMMENT></POST>
<POST><USERNAME>greatescapeohio</USERNAME><DATETIME>[2:32 p.m.]</DATETIME><BODY>come over</BODY><COMMENT></COMMENT></POST>
<POST><USERNAME>user194547</USERNAME><DATETIME>[2:32 p.m.]</DATETIME><BODY>well tell me</BODY><COMMENT></COMMENT></POST>
<POST><USERNAME>greatescapeohio</USERNAME><DATETIME>[2:32 p.m.]</DATETIME><BODY>im fukin bored and now like way boned</BODY><COMMENT></COMMENT></POST>
<POST><USERNAME>user194547</USERNAME><DATETIME>[2:32 p.m.]</DATETIME><BODY>have u ever suck--before</BODY><COMMENT></COMMENT></POST>
<POST><USERNAME>user194547</USERNAME><DATETIME>[2:33 p.m.]</DATETIME><BODY>r been suck</BODY><COMMENT></COMMENT></POST>
<POST><USERNAME>user194547</USERNAME><DATETIME>[2:33 p.m.]</DATETIME><BODY>do u like stuff like that</BODY><COMMENT></COMMENT></POST>
<POST><USERNAME>greatescapeohio</USERNAME><DATETIME>[2:33 p.m.]</DATETIME><BODY>duh</BODY><COMMENT></COMMENT></POST>
<POST><USERNAME>greatescapeohio</USERNAME><DATETIME>[2:33 p.m.]</DATETIME><BODY>yeah</BODY><COMMENT></COMMENT></POST>
<POST><USERNAME>user194547</USERNAME><DATETIME>[2:33 p.m.]</DATETIME><BODY>kewl</BODY><COMMENT></COMMENT></POST>
<POST><USERNAME>user194547</USERNAME><DATETIME>[2:33 p.m.]</DATETIME><BODY>i suck and fuck and kiss--guys</BODY><COMMENT></COMMENT></POST>
<POST><USERNAME>user194547</USERNAME><DATETIME>[2:33 p.m.]</DATETIME><BODY>tongue kiss at that</BODY><COMMENT></COMMENT></POST>
<POST><USERNAME>user194547</USERNAME><DATETIME>[2:33 p.m.]</DATETIME><BODY>hope u dont care about all that</BODY><COMMENT></COMMENT></POST>
<POST><USERNAME>greatescapeohio</USERNAME><DATETIME>[2:33 p.m.]</DATETIME><BODY>i fuckin love doin that</BODY><COMMENT></COMMENT></POST>
<POST><USERNAME>user194547</USERNAME><DATETIME>[2:34 p.m.]</DATETIME><BODY>wow---kewl</BODY><COMMENT></COMMENT></POST>
<POST><USERNAME>user194547</USERNAME><DATETIME>[2:34 p.m.]</DATETIME><BODY>when u think they will be back</BODY><COMMENT></COMMENT></POST>
<POST><USERNAME>greatescapeohio</USERNAME><DATETIME>[2:34 p.m.]</DATETIME><BODY>i want to like now :-p</BODY><COMMENT></COMMENT></POST>
<POST><USERNAME>greatescapeohio</USERNAME><DATETIME>[2:34 p.m.]</DATETIME><BODY>mornin</BODY><COMMENT></COMMENT></POST>
<POST><USERNAME>user194547</USERNAME><DATETIME>[2:34 p.m.]</DATETIME><BODY>i want u too</BODY><COMMENT></COMMENT></POST>
<POST><USERNAME>user194547</USERNAME><DATETIME>[2:34 p.m.]</DATETIME><BODY>ook</BODY><COMMENT></COMMENT></POST>
<POST><USERNAME>user194547</USERNAME><DATETIME>[2:34 p.m.]</DATETIME><BODY>great</BODY><COMMENT></COMMENT></POST>
<POST><USERNAME>user194547</USERNAME><DATETIME>[2:34 p.m.]</DATETIME><BODY>i will come</BODY><COMMENT></COMMENT></POST>
<POST><USERNAME>user194547</USERNAME><DATETIME>[2:34 p.m.]</DATETIME><BODY>if u serious</BODY><COMMENT></COMMENT></POST>
<POST><USERNAME>greatescapeohio</USERNAME><DATETIME>[2:34 p.m.]</DATETIME><BODY>ur cock is huge</BODY><COMMENT></COMMENT></POST>
<POST><USERNAME>greatescapeohio</USERNAME><DATETIME>[2:35 p.m.]</DATETIME><BODY>i am like way fuckin</BODY><COMMENT></COMMENT></POST>
<POST><USERNAME>user194547</USERNAME><DATETIME>[2:35 p.m.]</DATETIME><BODY>what</BODY><COMMENT></COMMENT></POST>
<POST><USERNAME>user194547</USERNAME><DATETIME>[2:35 p.m.]</DATETIME><BODY>say again</BODY><COMMENT></COMMENT></POST>
<POST><USERNAME>greatescapeohio</USERNAME><DATETIME>[2:35 p.m.]</DATETIME><BODY>like serious</BODY><COMMENT></COMMENT></POST>
<POST><USERNAME>user194547</USERNAME><DATETIME>[2:35 p.m.]</DATETIME><BODY>ook</BODY><COMMENT></COMMENT></POST>
<POST><USERNAME>user194547</USERNAME><DATETIME>[2:35 p.m.]</DATETIME><BODY>iam too</BODY><COMMENT></COMMENT></POST>
<POST><USERNAME>greatescapeohio</USERNAME><DATETIME>[2:35 p.m.]</DATETIME><BODY>how long it take u?</BODY><COMMENT></COMMENT></POST>
<POST><USERNAME>user194547</USERNAME><DATETIME>[2:35 p.m.]</DATETIME><BODY>about----2 hours</BODY><COMMENT></COMMENT></POST>
<POST><USERNAME>greatescapeohio</USERNAME><DATETIME>[2:35 p.m.]</DATETIME><BODY>sweet</BODY><COMMENT></COMMENT></POST>
<POST><USERNAME>user194547</USERNAME><DATETIME>[2:36 p.m.]</DATETIME><BODY>since i dont know where it is</BODY><COMMENT></COMMENT></POST>
<POST><USERNAME>user194547</USERNAME><DATETIME>[2:36 p.m.]</DATETIME><BODY>mightbe little longer</BODY><COMMENT></COMMENT></POST>
<POST><USERNAME>user194547</USERNAME><DATETIME>[2:36 p.m.]</DATETIME><BODY>but for sure i would come</BODY><COMMENT></COMMENT></POST>
<POST><USERNAME>user194547</USERNAME><DATETIME>[2:36 p.m.]</DATETIME><BODY>it almoast 3 oclock</BODY><COMMENT></COMMENT></POST>
<POST><USERNAME>greatescapeohio</USERNAME><DATETIME>[2:36 p.m.]</DATETIME><BODY>**edit addy ** greenville map dat</BODY><COMMENT></COMMENT></POST>
<POST><USERNAME>user194547</USERNAME><DATETIME>[2:36 p.m.]</DATETIME><BODY>that the street name</BODY><COMMENT></COMMENT></POST>
<POST><USERNAME>user194547</USERNAME><DATETIME>[2:37 p.m.]</DATETIME><BODY>5 k</BODY><COMMENT></COMMENT></POST>
<POST><USERNAME>greatescapeohio</USERNAME><DATETIME>[2:37 p.m.]</DATETIME><BODY>yip</BODY><COMMENT></COMMENT></POST>
<POST><USERNAME>greatescapeohio</USERNAME><DATETIME>[2:37 p.m.]</DATETIME><BODY>ur not like freak ru? like cut me up?</BODY><COMMENT></COMMENT></POST>
<POST><USERNAME>user194547</USERNAME><DATETIME>[2:37 p.m.]</DATETIME><BODY>hell no</BODY><COMMENT></COMMENT></POST>
<POST><USERNAME>user194547</USERNAME><DATETIME>[2:37 p.m.]</DATETIME><BODY>iam not into hurin u</BODY><COMMENT></COMMENT></POST>
<POST><USERNAME>user194547</USERNAME><DATETIME>[2:37 p.m.]</DATETIME><BODY>i swear to u</BODY><COMMENT></COMMENT></POST>
<POST><USERNAME>greatescapeohio</USERNAME><DATETIME>[2:37 p.m.]</DATETIME><BODY>k gotta ask likfe fuckin freaks on here u know?</BODY><COMMENT></COMMENT></POST>
<POST><USERNAME>user194547</USERNAME><DATETIME>[2:37 p.m.]</DATETIME><BODY>i understand</BODY><COMMENT></COMMENT></POST>
<POST><USERNAME>greatescapeohio</USERNAME><DATETIME>[2:38 p.m.]</DATETIME><BODY>u like buff?</BODY><COMMENT></COMMENT></POST>
<POST><USERNAME>user194547</USERNAME><DATETIME>[2:38 p.m.]</DATETIME><BODY>what butt fuck</BODY><COMMENT></COMMENT></POST>
<POST><USERNAME>greatescapeohio</USERNAME><DATETIME>[2:38 p.m.]</DATETIME><BODY>u wanna fuck me? sweet</BODY><COMMENT></COMMENT></POST>
<POST><USERNAME>user194547</USERNAME><DATETIME>[2:38 p.m.]</DATETIME><BODY>yea</BODY><COMMENT></COMMENT></POST>
<POST><USERNAME>user194547</USERNAME><DATETIME>[2:38 p.m.]</DATETIME><BODY>i would love to</BODY><COMMENT></COMMENT></POST>
<POST><USERNAME>greatescapeohio</USERNAME><DATETIME>[2:38 p.m.]</DATETIME><BODY>ur like huge</BODY><COMMENT></COMMENT></POST>
<POST><USERNAME>greatescapeohio</USERNAME><DATETIME>[2:38 p.m.]</DATETIME><BODY>that hurt</BODY><COMMENT></COMMENT></POST>
<POST><USERNAME>user194547</USERNAME><DATETIME>[2:38 p.m.]</DATETIME><BODY>i dont wanna hurt u tho</BODY><COMMENT></COMMENT></POST>
<POST><USERNAME>user194547</USERNAME><DATETIME>[2:39 p.m.]</DATETIME><BODY>have ever been fuck before</BODY><COMMENT></COMMENT></POST>
<POST><USERNAME>greatescapeohio</USERNAME><DATETIME>[2:39 p.m.]</DATETIME><BODY>yeah it hurt but if you like me i like to do it</BODY><COMMENT></COMMENT></POST>
<POST><USERNAME>user194547</USERNAME><DATETIME>[2:39 p.m.]</DATETIME><BODY>who u done it with</BODY><COMMENT></COMMENT></POST>
<POST><USERNAME>user194547</USERNAME><DATETIME>[2:39 p.m.]</DATETIME><BODY>someone---my age</BODY><COMMENT></COMMENT></POST>
<POST><USERNAME>user194547</USERNAME><DATETIME>[2:39 p.m.]</DATETIME><BODY>r younger</BODY><COMMENT></COMMENT></POST>
<POST><USERNAME>greatescapeohio</USERNAME><DATETIME>[2:39 p.m.]</DATETIME><BODY>a few guys from here</BODY><COMMENT></COMMENT></POST>
<POST><USERNAME>user194547</USERNAME><DATETIME>[2:39 p.m.]</DATETIME><BODY>your age</BODY><COMMENT></COMMENT></POST>
<POST><USERNAME>greatescapeohio</USERNAME><DATETIME>[2:39 p.m.]</DATETIME><BODY>i dont no how old u r</BODY><COMMENT></COMMENT></POST>
<POST><USERNAME>user194547</USERNAME><DATETIME>[2:40 p.m.]</DATETIME><BODY>iam older----28</BODY><COMMENT></COMMENT></POST>
<POST><USERNAME>greatescapeohio</USERNAME><DATETIME>[2:40 p.m.]</DATETIME><BODY>like on guy in college then a guy who was like my dads age then like a guy like senior in high school form other town</BODY><COMMENT></COMMENT></POST>
<POST><USERNAME>greatescapeohio</USERNAME><DATETIME>[2:40 p.m.]</DATETIME><BODY>u got hot bod?</BODY><COMMENT></COMMENT></POST>
<POST><USERNAME>user194547</USERNAME><DATETIME>[2:40 p.m.]</DATETIME><BODY>i meet a kid from---cincy</BODY><COMMENT></COMMENT></POST>
<POST><USERNAME>user194547</USERNAME><DATETIME>[2:40 p.m.]</DATETIME><BODY>he was---16</BODY><COMMENT></COMMENT></POST>
<POST><USERNAME>greatescapeohio</USERNAME><DATETIME>[2:40 p.m.]</DATETIME><BODY>u fuck him?</BODY><COMMENT></COMMENT></POST>
<POST><USERNAME>user194547</USERNAME><DATETIME>[2:40 p.m.]</DATETIME><BODY>we suck and fuck and kiss</BODY><COMMENT></COMMENT></POST>
<POST><USERNAME>user194547</USERNAME><DATETIME>[2:40 p.m.]</DATETIME><BODY>yea</BODY><COMMENT></COMMENT></POST>
<POST><USERNAME>user194547</USERNAME><DATETIME>[2:40 p.m.]</DATETIME><BODY>he fuck me</BODY><COMMENT></COMMENT></POST>
<POST><USERNAME>user194547</USERNAME><DATETIME>[2:40 p.m.]</DATETIME><BODY>also</BODY><COMMENT></COMMENT></POST>
<POST><USERNAME>greatescapeohio</USERNAME><DATETIME>[2:40 p.m.]</DATETIME><BODY>thats hot</BODY><COMMENT></COMMENT></POST>
<POST><USERNAME>greatescapeohio</USERNAME><DATETIME>[2:41 p.m.]</DATETIME><BODY>when u leavin?</BODY><COMMENT></COMMENT></POST>
<POST><USERNAME>user194547</USERNAME><DATETIME>[2:41 p.m.]</DATETIME><BODY>what time is it now</BODY><COMMENT></COMMENT></POST>
<POST><USERNAME>greatescapeohio</USERNAME><DATETIME>[2:41 p.m.]</DATETIME><BODY>like almost fuckin 3</BODY><COMMENT></COMMENT></POST>
<POST><USERNAME>greatescapeohio</USERNAME><DATETIME>[2:41 p.m.]</DATETIME><BODY>i am so fuckin boned</BODY><COMMENT></COMMENT></POST>
<POST><USERNAME>user194547</USERNAME><DATETIME>[2:42 p.m.]</DATETIME><BODY>i wanna talk to uone more time---on phone----and then ill leave---i</BODY><COMMENT></COMMENT></POST>
<POST><USERNAME>user194547</USERNAME><DATETIME>[2:42 p.m.]</DATETIME><BODY>call me one more time</BODY><COMMENT></COMMENT></POST>
<POST><USERNAME>user194547</USERNAME><DATETIME>[2:42 p.m.]</DATETIME><BODY>will u</BODY><COMMENT></COMMENT></POST>
<POST><USERNAME>user194547</USERNAME><DATETIME>[2:42 p.m.]</DATETIME><BODY>please</BODY><COMMENT></COMMENT></POST>
<POST><USERNAME>greatescapeohio</USERNAME><DATETIME>[2:42 p.m.]</DATETIME><BODY>k it is like dead let me go see if its charged...brb</BODY><COMMENT></COMMENT></POST>
<POST><USERNAME>user194547</USERNAME><DATETIME>[2:42 p.m.]</DATETIME><BODY>ill give u some time</BODY><COMMENT></COMMENT></POST>
<POST><USERNAME>user194547</USERNAME><DATETIME>[2:42 p.m.]</DATETIME><BODY>u dont have to right away</BODY><COMMENT></COMMENT></POST>
<POST><USERNAME>greatescapeohio</USERNAME><DATETIME>[2:46 p.m.]</DATETIME><BODY>like a few more still is red...gonna go piss brb</BODY><COMMENT></COMMENT></POST>
<POST><USERNAME>user194547</USERNAME><DATETIME>[2:46 p.m.]</DATETIME><BODY>hey</BODY><COMMENT></COMMENT></POST>
<POST><USERNAME>user194547</USERNAME><DATETIME>[2:49 p.m.]</DATETIME><BODY>u there</BODY><COMMENT></COMMENT></POST>
<POST><USERNAME>user194547</USERNAME><DATETIME>[2:49 p.m.]</DATETIME><BODY>r u talkin to some one else</BODY><COMMENT></COMMENT></POST>
<POST><USERNAME>user194547</USERNAME><DATETIME>[2:54 p.m.]</DATETIME><BODY>u there</BODY><COMMENT></COMMENT></POST>
<POST><USERNAME>user194547</USERNAME><DATETIME>[3:13 p.m.]</DATETIME><BODY>hey</BODY><COMMENT></COMMENT></POST>
<POST><USERNAME>greatescapeohio</USERNAME><DATETIME>[3:13 p.m.]</DATETIME><BODY>washin my thing thang....bbl</BODY><COMMENT></COMMENT></POST>
<POST><USERNAME>user194547</USERNAME><DATETIME>[4:56 p.m.]</DATETIME><BODY>hey</BODY><COMMENT></COMMENT></POST>
<POST><USERNAME>greatescapeohio</USERNAME><DATETIME>[4:56 p.m.]</DATETIME><BODY>washin my thing thang....bbl</BODY><COMMENT></COMMENT></POST>
<POST><USERNAME></USERNAME><DATETIME></DATETIME><BODY></BODY><COMMENT></COMMENT></POST>
</data>